Date,Open,High,Low,Close,Volume,Dividends,Stock Splits,Daily_Return,Price_Change,Price_Change_Pct,High_Low_Range,MA_5,MA_20,MA_50,Price_to_MA20,Price_to_MA50,Return_5D,Return_20D,Momentum_10D,Volatility_5D,Volatility_20D,Volume_MA_20,Volume_Ratio,High_Volume_Flag,RSI_14,MACD,MACD_Signal,MACD_Histogram,Price_Range,Open_Close_Return,High_Low_Pct,Target_Return_1D,Target_Up
2024-11-25 00:00:00-05:00,229.79241557012372,231.56951255942457,228.08480637706975,231.19224548339844,90152800,0.0,0.0,0.013050888583300724,1.399829913274715,0.006091715036815657,0.01507276411917996,228.0530242919922,225.19489517211915,226.23259704589844,1.0266318217679644,1.0219227843478884,0.021270091949537218,-0.0011730341377721443,8.5777587890625,0.00573029374505011,0.010809512953317002,46524025.0,1.9377687119719327,1,69.70649008315894,0.6588970562738155,0.03383903545850092,0.6250580208153145,0.01507276411917996,0.006091715036815657,0.015278116231003558,0.00940427016222567,1
2024-11-26 00:00:00-05:00,231.64890834638587,233.8727750720934,231.64890834638587,233.36643981933594,45986200,0.0,0.0,0.00940427016222567,1.7175314729500712,0.0074143732651735066,0.009529505302601191,229.39925231933594,225.27664108276366,226.6000946044922,1.035910508509403,1.0298602929829033,0.029700316526794834,0.007055225812857779,10.751953125,0.005807115791651675,0.011011524022433295,47052475.0,0.9773385990853829,0,74.2156927692315,1.1325388928324855,0.2535790069332979,0.8789598858991876,0.009529505302601191,0.0074143732651735066,0.009600160611947127,-0.0005530308384982252,0
2024-11-27 00:00:00-05:00,232.78070364946953,233.99191506726265,232.12545514826604,233.2373809814453,33498400,0.0,0.0,-0.0005530308384982252,0.45667733197578286,0.0019618350009950386,0.008002404722359205,230.5767028808594,225.52895278930663,226.8876580810547,1.034179328626334,1.0279861979011755,0.02589509341783125,0.02211406621381129,9.73931884765625,0.006444491107349268,0.010381713048808779,46373850.0,0.7223553791630413,0,68.02438408385913,1.4804240837765406,0.49894802230194646,0.9814760614745941,0.008002404722359205,0.0019618350009950386,0.008040737788987609,0.010215862214021154,1
2024-11-29 00:00:00-05:00,233.11825362062933,236.0966394139658,232.28430923421996,235.62010192871094,28481400,0.0,0.0,0.010215862214021154,2.5018483080816054,0.01073209956416819,0.016179986972840222,232.3260040283203,226.10816345214843,227.06063354492187,1.0420680895874666,1.0376968400473332,0.038552329949958164,0.051706953406033485,9.04437255859375,0.00522366372684601,0.009500905815731512,44579415.0,0.6388912909691614,0,72.07327398377069,1.926187382061272,0.7843958942538116,1.1417914878074604,0.016179986972840222,0.01073209956416819,0.016412344821370304,0.009522588949499422,1
2024-12-02 00:00:00-05:00,235.5605381566453,239.0551666028684,235.45133007089746,237.8638153076172,48137100,0.0,0.0,0.009522588949499422,2.303277150971894,0.009777856550150343,0.015150839682405232,234.25599670410156,226.9483154296875,227.29177154541014,1.0480968534939907,1.0465130949982273,0.04228473993734916,0.07601094989942658,14.484878540039062,0.005179956785945622,0.008844738485037614,43722435.0,1.1009702455958823,0,83.36235433305336,2.4324669607206317,1.1140101075471758,1.318456853173456,0.015150839682405232,0.009777856550150343,0.015306078461675258,0.012771798032708892,1
2024-12-03 00:00:00-05:00,238.08222901174219,241.01097200063165,237.17878168890522,240.90176391601562,38861000,0.0,0.0,0.012771798032708892,2.8195349042734392,0.011842693660829176,0.01590768888293584,236.197900390625,227.98499145507813,227.6179818725586,1.056656240301163,1.0583599851565968,0.041997595604106985,0.09417125824713746,14.524581909179688,0.005117469099575807,0.008868723430672248,43418260.0,0.8950381705761585,0,85.314471839473,3.043747807796393,1.4999576475970193,1.5437901601993738,0.01590768888293584,0.011842693660829176,0.016157390996100637,0.0014836197560410547,1
2024-12-04 00:00:00-05:00,241.12017980186528,242.35125137710352,239.51185632927692,241.25917053222656,44383900,0.0,0.0,0.0014836197560410547,0.13899073036128584,0.0005764375693295275,0.011769065779190029,237.7764465332031,228.96813583374023,227.9334896850586,1.0536801099145567,1.0584630229878917,0.033821190052009564,0.0887329304927087,14.623870849609375,0.005852593570457469,0.008881697231437651,44231890.0,1.003436660744092,0,85.00984733917316,3.5164960327780364,1.9032653246332227,1.6132307081448136,0.011769065779190029,0.0005764375693295275,0.011854924809747397,0.00012345709464356425,1
2024-12-05 00:00:00-05:00,242.2321233137982,242.77814859306412,240.38552350615552,241.28895568847656,40033900,0.0,0.0,0.00012345709464356425,-0.9431676253216494,-0.003893652140017071,0.009916015758291341,239.3867614746094,229.98896560668945,228.2694271850586,1.0491327488341833,1.057035796093986,0.0345209445979493,0.09243617190385889,13.938827514648438,0.00564757354936049,0.00876127019742124,43505530.0,0.9202025581575491,0,82.96270011869015,3.8491848137291527,2.292449222452409,1.5567355912767438,0.009916015758291341,-0.003893652140017071,0.0099532827601714,-0.000822861380931128,0
2024-12-06 00:00:00-05:00,241.1599112680226,242.86752040520184,240.33588934668637,241.0904083251953,36870600,0.0,0.0,-0.000822861380931128,-0.06950294282728464,-0.00028820272184475887,0.010500753954096243,240.48082275390624,230.7638427734375,228.57858459472655,1.0447494955346899,1.054737515120467,0.023216637085317293,0.0686969569522149,14.216812133789062,0.006127144872394821,0.007867293309665062,43242175.0,0.8526536882106416,0,95.837739774227,4.050134526933618,2.643986283348651,1.4061482435849673,0.010500753954096243,-0.00028820272184475887,0.010533720391895257,0.01610116289762953,1
2024-12-09 00:00:00-05:00,240.08769312504634,245.4587194212017,240.00826768189094,244.9722442626953,44649200,0.0,0.0,0.01610116289762953,4.88455113764897,0.020344862637773437,0.02224926238364365,241.9025085449219,231.7462142944336,228.96002349853515,1.0570711802500388,1.069934569884697,0.02988444856938477,0.08719603529166298,16.758392333984375,0.007895411948182874,0.008280616208987908,43558195.0,1.0250470663442321,0,96.0197757479725,4.471080507769784,3.0094051282328778,1.4616753795369064,0.02224926238364365,0.020344862637773437,0.022709433270585607,0.004133669430149256,1
2024-12-10 00:00:00-05:00,245.11121388943334,246.4217108653419,243.57237825215392,245.98487854003906,36914800,0.0,0.0,0.004133669430149256,0.8736646506057184,0.0035643601805987455,0.011583364921044103,242.91913146972655,232.91473388671875,229.25837951660156,1.0561155768689032,1.072959161007357,0.021100362825884345,0.10498145108495205,14.792633056640625,0.006907750459406515,0.007347361281906933,43303655.0,0.8524638393687554,0,96.16307024275315,4.830708947839554,3.373665892154213,1.4570430556853409,0.011583364921044103,0.0035643601805987455,0.011698094150225286,-0.005166037926624956,0
2024-12-11 00:00:00-05:00,246.17352158557497,248.9930565140259,244.48575750906295,244.714111328125,45205800,0.0,0.0,-0.005166037926624956,-1.4594102574499743,-0.005928380306907432,0.01841863135926537,243.61011962890626,234.01971511840821,229.66599334716796,1.0456986976687228,1.0655217507896784,0.014320453760479745,0.09927307500043003,11.347671508789062,0.008099677239323828,0.007619259752749834,43544030.0,1.0381629812399082,0,90.35546495991285,4.956046564062433,3.6901420265358573,1.2659045375265756,0.01841863135926537,-0.005928380306907432,0.018435834671456788,0.005963741171987058,1
2024-12-12 00:00:00-05:00,245.11122473397327,246.9479020514793,243.9099357862414,246.17352294921875,32777500,0.0,0.0,0.005963741171987058,1.0622982152454767,0.004333943565409628,0.012340751470110744,244.5870330810547,235.1534881591797,230.09149017333985,1.0468631568100721,1.0698940789325302,0.020243642096277936,0.10145708020437261,12.936141967773438,0.008024645489065342,0.007621262296252328,42754595.0,0.7666427433121515,0,92.89506776582367,5.114186688266642,3.9749509588820144,1.1392357293846276,0.012340751470110744,0.004333943565409628,0.012455278853012104,0.0006856656336846623,1
2024-12-13 00:00:00-05:00,246.03455153835694,247.4939467696469,244.46593306347833,246.34231567382812,33155300,0.0,0.0,0.0006856656336846623,0.30776413547118864,0.001250898028536484,0.012291894301171688,245.63741455078124,236.14181747436524,230.54237915039062,1.0431964922967116,1.0685337619125144,0.021783974672060724,0.08724052818305927,10.722213745117188,0.007821811025407055,0.007374720182884777,42166165.0,0.786301054411754,0,92.50477078412587,5.193269262888151,4.218614619683242,0.974654643204909,0.012291894301171688,0.001250898028536484,0.01238623994854247,0.011727490028982324,1
2024-12-16 00:00:00-05:00,246.20327957624434,249.56885459541954,245.86571770543418,249.23129272460938,51694800,0.0,0.0,0.011727490028982324,3.0280131483650337,0.012298833523163192,0.014858234090520797,246.48922424316407,237.4344352722168,231.02863464355468,1.0496846948037153,1.0787896189108284,0.017385840892843785,0.11573318564019397,11.367477416992188,0.006268552597487177,0.0061581895296552525,42354720.0,1.2205204048096647,0,92.47321099453981,5.426505697051198,4.460192835156834,0.9663128618943642,0.014858234090520797,0.012298833523163192,0.015061623574629458,0.009719705770097953,1
2024-12-17 00:00:00-05:00,248.27824960945253,252.00123197197036,247.98040799068028,251.65374755859375,51356400,0.0,0.0,0.009719705770097953,3.37549794914122,0.01359562488639644,0.015977604229215348,247.622998046875,238.6982635498047,231.66469146728517,1.0542755687289944,1.0862844310227195,0.02304559960026964,0.11165686103025396,10.751983642578125,0.006884199977713437,0.005960238188543124,42690855.0,1.2029836366594204,0,92.56018733233947,5.740644534538944,4.716283175033256,1.0243613595056882,0.015977604229215348,0.01359562488639644,0.016214280853353507,-0.02142171111749791,0
2024-12-18 00:00:00-05:00,250.343283238806,252.44800456803839,245.9551295369763,246.2628936767578,56774100,0.0,0.0,-0.02142171111749791,-4.080389562048197,-0.016299177310684445,0.02636562469530861,247.93275451660156,239.6796432495117,232.1120083618164,1.027466873439864,1.0609657613788037,0.006328945806300945,0.08660431107434441,5.00372314453125,0.013397965523662864,0.008420881611690658,43718970.0,1.2986147660843794,0,74.350530803005,5.491304629922325,4.87128746601107,0.620017163911255,0.02636562469530861,-0.016299177310684445,0.026398616053608107,0.007014524057590732,1
2024-12-19 00:00:00-05:00,245.71681628677703,250.18439476471843,245.30976661195103,247.9903106689453,60882300,0.0,0.0,0.007014524057590732,2.2734943821682805,0.009252498125789146,0.019656526658716054,248.29611206054688,240.71165237426757,232.51909942626952,1.0302380803874032,1.0665373781373242,0.00738011016766138,0.09078588457771208,6.70135498046875,0.013496600368716354,0.0084399816606934,45004605.0,1.3528015633066883,0,73.70630515770205,5.371173528759925,4.971264678560842,0.3999088501990835,0.019656526658716054,0.009252498125789146,0.019871317070218587,0.018815868013208892,1
2024-12-20 00:00:00-05:00,246.25292226826556,253.16278373693368,243.9198625662762,252.65646362304688,147495300,0.0,0.0,0.018815868013208892,6.403541354781311,0.02600392026132122,0.03658295947831965,249.55894165039064,242.00079574584962,233.0294302368164,1.0440315406581882,1.0842255562582137,0.025631601018068828,0.11364419599488529,11.566055297851562,0.015495415242555068,0.008878343842261367,50273955.0,2.9338312452242916,1,75.94019566237671,5.588072491096511,5.094626241067976,0.49344625002853526,0.03658295947831965,0.02600392026132122,0.037893269836301445,0.003065026687250283,1
2024-12-23 00:00:00-05:00,252.93446477293034,253.80811434244586,251.6239676953758,253.4308624267578,40858800,0.0,0.0,0.003065026687250283,0.49639765382747214,0.00196255442797449,0.008618313595098502,250.39885559082032,243.26164627075195,233.5848016357422,1.0418036147987235,1.0849629798344673,0.016850089955553038,0.11049728263613079,8.4586181640625,0.01505717868622371,0.00889310237721201,50408480.0,0.8105540972471299,0,73.86546283373143,5.756101240903007,5.226921241034983,0.529179999868024,0.008618313595098502,0.00196255442797449,0.008680201123425033,0.011477920349066917,1
2024-12-24 00:00:00-05:00,253.64924013847912,256.34962902881983,253.45066898797964,256.3397216796875,23234700,0.0,0.0,0.011477920349066917,2.690481541208385,0.010607094820152128,0.011309055115783522,251.33605041503907,244.5190200805664,234.12397247314453,1.0483426671480456,1.094888827367267,0.018620720599452634,0.10877300898958953,10.354843139648438,0.015259704678402606,0.008827585347229579,47062575.0,0.49369801801112667,0,76.18070511445063,6.054196854336652,5.392376363695317,0.6618204906413352,0.011309055115783522,0.010607094820152128,0.011437965630217699,0.0031758125846752527,1
2024-12-26 00:00:00-05:00,256.32980188696064,258.2260444048055,255.77383898408218,257.15380859375,27237100,0.0,0.0,0.0031758125846752527,0.8240067067893619,0.0032146348209356563,0.009535948287654274,253.5142333984375,245.7083885192871,234.62884765625,1.0465813159389326,1.0960025212692552,0.04422475004004256,0.10193140364496878,12.439697265625,0.0066173549084233,0.008781692681606161,46125120.0,0.5905046967899488,0,76.81215331412996,6.2836952585265635,5.570640142661567,0.7130551158649965,0.009535948287654274,0.0032146348209356563,0.009587397329075377,-0.01324222540164166,0
2024-12-27 00:00:00-05:00,255.9723714358678,256.8361287043752,251.2367492695516,253.74851989746094,42355300,0.0,0.0,-0.01324222540164166,-2.223851538406876,-0.008687857700939602,0.02206664865310853,254.66587524414064,246.73394546508788,235.10667419433594,1.0284297096581128,1.0792910102063538,0.023219492781726192,0.08794104456886931,7.5749969482421875,0.011959400612402919,0.009615343830649638,46567965.0,0.9095372752491976,0,69.30064977487748,6.12024567625312,5.680561249379878,0.4396844268732423,0.02206664865310853,-0.008687857700939602,0.02228726271575828,-0.013263347549496318,0
2024-12-30 00:00:00-05:00,250.4127477342041,251.67360197393796,248.9434149702759,250.38296508789062,35557500,0.0,0.0,-0.013263347549496318,-0.029782646313464056,-0.00011893422592477715,0.010904044541143961,254.21117553710937,247.4720886230469,235.50985107421874,1.0117624435185402,1.0631528318065335,-0.008998378678125585,0.0626553636058027,4.0406494140625,0.011034651487619706,0.010262384768733625,46921770.0,0.7578038935871345,0,58.38204779935108,5.653963190503333,5.675241637604569,-0.02127844710123572,0.010904044541143961,-0.00011893422592477715,0.01096709870388835,-0.007057852905747786,0
2024-12-31 00:00:00-05:00,250.6212497119267,251.4551941340452,247.63292614272083,248.6157989501953,39480700,0.0,0.0,-0.007057852905747786,-2.005450761731396,-0.008001918289197484,0.015374195877592131,253.24816284179687,248.0096878051758,235.8211575317383,1.0024439010846047,1.0542556976327921,-0.018999515017450008,0.04520226680410855,-0.6154937744140625,0.0108558665392125,0.010384651269054426,46488950.0,0.8492491226409716,0,53.982600548999244,5.083239007601122,5.55684111160388,-0.47360210400275804,0.015374195877592131,-0.008001918289197484,0.015435217161394118,-0.026236022999659103,0
2025-01-02 00:00:00-05:00,247.1364952815275,247.30528379202167,240.07773614045146,242.09310913085938,55740700,0.0,0.0,-0.026236022999659103,-5.043386150668113,-0.020407290088511207,0.029854412946811616,250.39884033203126,248.06925506591796,235.97265533447265,0.975909364772065,1.0259371315193766,-0.05557707738572859,0.004945356959939362,-9.560638427734375,0.01070343006852956,0.011864934640939264,47332935.0,1.1776303328749844,0,46.57672660367913,4.057833248997355,5.257039539082576,-1.199206290085221,0.029854412946811616,-0.020407290088511207,0.03010503084443411,-0.0020094147076222812,0
2025-01-03 00:00:00-05:00,241.6066436767578,242.42072787413275,240.14723350152744,241.6066436767578,40244100,0.0,0.0,-0.0020094147076222812,0.0,0.0,0.009409900067346617,247.2894073486328,248.08662872314454,236.12672149658204,0.9738801519463665,1.02320754781773,-0.06045862202862995,0.0014402484422237904,-4.65625,0.009074493604781339,0.0118725161409375,47125945.0,0.8539690822115079,0,43.87968065018386,3.169403193935068,4.839512270053074,-1.6701090761180062,0.009409900067346617,0.0,0.009467085418624458,0.0067390710823393984,1
2025-01-06 00:00:00-05:00,242.5498168429892,245.54806288478193,241.4478134561986,243.23484802246094,45045600,0.0,0.0,0.0067390710823393984,0.6850311794717356,0.0028242906483626814,0.016857162786989763,245.18667297363282,248.18392333984374,236.41450561523436,0.9800588400296746,1.02884908601305,-0.041433431332913995,0.008064572737828346,-4.755462646484375,0.01238549889636144,0.011963861168120392,47376530.0,0.9507999002881806,0,45.992284915754766,2.5671064525157306,4.385031106545606,-1.8179246540298752,0.016857162786989763,0.0028242906483626814,0.016981928185185954,-0.011387811994236885,0
2025-01-07 00:00:00-05:00,241.22937670987722,243.78086767976055,239.6111308132576,240.46493530273438,40856000,0.0,0.0,-0.011387811994236885,-0.76444140714284,-0.003168939942427583,0.017340311431491815,243.20306701660155,248.15264968872071,236.65065948486327,0.9690202204343589,1.016117748525079,-0.039611439946303006,-0.0025943505044683235,-12.1915283203125,0.012227472290095203,0.012253680449723917,47575800.0,0.8587559221284771,0,38.659159693857,1.8450050683199208,3.877025898900469,-2.032020830580548,0.017340311431491815,-0.003168939942427583,0.017402100029120324,0.002023083790899438,1
2025-01-08 00:00:00-05:00,240.17703689438372,241.9541489627904,238.32051453305579,240.951416015625,37628900,0.0,0.0,0.002023083790899438,0.7743791212412816,0.0032242013277139804,0.01508036138496483,241.6701904296875,247.95160827636718,236.87988220214845,0.9717679094344096,1.0171881789860144,-0.030828221564896174,-0.016413403319106568,-12.479446411132812,0.013047528120495028,0.011666860499694082,47224785.0,0.7968040510930859,0,35.42454088804176,1.297038000040203,3.361028319128416,-2.0639903190882127,0.01508036138496483,0.0032242013277139804,0.015246838640198684,-0.024103742184151566,0
2025-01-10 00:00:00-05:00,238.28080700459313,238.42973539672147,231.3213170399406,235.14358520507812,61710900,0.0,0.0,-0.024103742184151566,-3.137221799515004,-0.013166070062262843,0.03023011812370445,240.28028564453126,247.40954360961913,236.95347869873046,0.9504224524826935,0.9923618192752786,-0.028705996427286995,-0.04407300724868046,-21.196136474609375,0.012237590221005786,0.012705553668378285,48464590.0,1.273319345113618,0,35.02672203535404,0.38963526934961124,2.766749709172655,-2.377114439823044,0.03023011812370445,-0.013166070062262843,0.030729629451113294,-0.010344203286488218,0
2025-01-13 00:00:00-05:00,231.84748509521594,232.9792711307645,228.06493742769467,232.71121215820312,49630700,0.0,0.0,-0.010344203286488218,0.8637270629871807,0.0037254105328443058,0.02111773497071092,238.5011993408203,246.80939865112305,236.97307250976561,0.9428782430086936,0.9820154234975923,-0.03681782662589261,-0.04904865969836858,-24.442596435546875,0.01216853253459112,0.01282195878365656,48685835.0,1.019407390260432,0,29.80849617980428,-0.5197685407068207,2.10944605919676,-2.6292145999035808,0.02111773497071092,0.0037254105328443058,0.021547958044308528,-0.004778124815995266,0
2025-01-14 00:00:00-05:00,233.05869925952226,234.41882398797216,230.79512716232853,231.5992889404297,39435300,0.0,0.0,-0.004778124815995266,-1.4594103190925694,-0.006261986030684247,0.015646407388477328,236.17408752441406,246.0806869506836,237.0412353515625,0.9411518303622255,0.9770421951983936,-0.047836727247885125,-0.059203093144161834,-22.14923095703125,0.009648644932475406,0.01267587134306182,49018725.0,0.8044946089479071,0,19.287607576597196,-1.3150415427021471,1.4245485388169787,-2.739590081519126,0.015646407388477328,-0.006261986030684247,0.01570092432278662,0.01967586042276337,1
2025-01-15 00:00:00-05:00,232.94947976770305,237.2383625727966,232.74098609709984,236.1562042236328,39832000,0.0,0.0,0.01967586042276337,3.206724455929759,0.013765750664596895,0.01904407504550627,235.31234130859374,245.57138137817384,237.28364166259766,0.9616601205657516,0.9952485665212101,-0.01791833422065081,-0.04134941827729799,-14.226760864257812,0.01612928801431548,0.01363879306420622,49352560.0,0.8070908581034094,0,27.308255690614644,-1.5596178431243857,0.827715262428706,-2.3873331055530915,0.01904407504550627,0.013765750664596895,0.0193235259122794,-0.0404002575995851,0
2025-01-16 00:00:00-05:00,235.63995285298606,236.29518618874627,226.38709407905125,226.6154327392578,71759100,0.0,0.0,-0.0404002575995851,-9.024520113728244,-0.03829792021456808,0.04372205365684518,232.4451446533203,244.44058837890626,237.3947348022461,0.9270777584121269,0.9545933397723938,-0.059497402063150906,-0.09074245749044518,-22.0003662109375,0.02242393806482802,0.01569855812642236,50355775.0,1.425042112846044,0,16.748128739320805,-2.4945512129423832,0.16326196735448814,-2.657813180296871,0.04372205365684518,-0.03829792021456808,0.043766152615728394,0.007535348860102653,1
2025-01-17 00:00:00-05:00,230.44764042021458,230.6164138035219,226.833866130533,228.32305908203125,68488300,0.0,0.0,0.007535348860102653,-2.124581338183333,-0.009219366856216105,0.016566647662292905,231.08103942871094,243.27405395507813,237.55783111572265,0.9385425834363427,0.9611262150764762,-0.029005792852475287,-0.09270948159089232,-13.770050048828125,0.022614309581390147,0.015600786892665855,51212370.0,1.3373390061815142,0,18.379849076256463,-3.0624000284709325,-0.4818704318105961,-2.5805295966603365,0.016566647662292905,-0.009219366856216105,0.016675409794462553,-0.031915917392995485,0
2025-01-21 00:00:00-05:00,222.38612124582832,222.80309340530198,217.79941234276583,221.03591918945312,98070400,0.0,0.0,-0.031915917392995485,-1.3502020563751955,-0.006071431296212347,0.02263741151612294,228.74598083496093,242.0127052307129,237.54662384033202,0.913323616537973,0.9304948881867644,-0.050170736770572266,-0.1024392027181219,-20.570724487304688,0.025592447595173748,0.016350008385780705,53277185.0,1.8407579154191425,1,16.937635231105432,-4.053706983310434,-1.1962377421105637,-2.8574692411998703,0.02263741151612294,-0.006071431296212347,0.022973804239019298,0.00534502385437885,1
2025-01-22 00:00:00-05:00,218.2064601780486,222.5052654056773,218.2064601780486,222.2173614501953,64126500,0.0,0.0,0.00534502385437885,4.010901272146725,0.01838122147655012,0.019345046667706894,226.86959533691407,240.72405776977538,237.5735238647461,0.9231207030529555,0.9353624841491459,-0.04050931042645611,-0.10392724275891407,-21.017486572265625,0.0264911600713559,0.016288182994265092,53439395.0,1.1999855163030944,0,20.218412602529128,-4.68992977917037,-1.894976149522525,-2.7949536296478454,0.019345046667706894,0.01838122147655012,0.019700632254980213,-0.0007593778773221649,0
2025-01-23 00:00:00-05:00,223.12083531174778,225.3943300272927,220.69841220245485,222.04861450195312,60234800,0.0,0.0,-0.0007593778773221649,-1.0722208097946577,-0.0048055611135398215,0.02114815188273358,224.04807739257814,239.19366531372071,237.50263885498046,0.9283214679231553,0.9349311467546952,-0.05973838277109256,-0.12114413651716194,-18.41632080078125,0.022427895975595417,0.01531930612913795,49076370.0,1.227368690879134,0,20.92575652677489,-5.148409734428441,-2.5456628665037084,-2.6027468679247323,0.02114815188273358,-0.0048055611135398215,0.02127753334505245,-0.003934600030318536,0
2025-01-24 00:00:00-05:00,223.16053267311034,224.00441476166836,219.8148172645265,221.17494201660156,54697900,0.0,0.0,-0.003934600030318536,-1.9855906565087764,-0.008897588801767678,0.01894246002256156,222.95997924804686,237.58086929321288,237.41964141845702,0.930945924537536,0.9315781150000819,-0.024007591437587794,-0.12727700210339732,-19.776473999023438,0.015869910437756294,0.01517279513193295,49768325.0,1.0990504502612857,0,23.878089761965285,-5.51864101177344,-3.1402584955576547,-2.378382516215785,0.01894246002256156,-0.008897588801767678,0.019059668266584864,0.03178016630790892,1
2025-01-27 00:00:00-05:00,222.4059977899183,230.47741293083342,222.36627749626697,228.20391845703125,94863400,0.0,0.0,0.03178016630790892,5.7979206671129475,0.026069084128700456,0.03554336616745564,222.93615112304687,236.17407913208007,237.53143005371095,0.9662530252924517,0.9607314636443247,-0.0005218072387388473,-0.10975982589937305,-6.939666748046875,0.022766085851541322,0.017018013891391383,53349760.0,1.7781410825465755,1,35.61384159258438,-5.1851016866758926,-3.5492271337813026,-1.63587455289459,0.03554336616745564,0.026069084128700456,0.03647646363420648,0.036543904840282915,1
2025-01-28 00:00:00-05:00,229.1867797612423,238.4594833656038,229.14705946957608,236.5433807373047,75707600,0.0,0.0,0.036543904840282915,7.356600976062396,0.0320987143487343,0.039368778221571615,226.0376434326172,235.1435577392578,237.8100079345703,1.0059530569814679,0.9946737851435835,0.07015810645038134,-0.08014825045428564,3.8321685791015625,0.018964108257740264,0.019398767308517157,55773285.0,1.3574169066785289,0,43.72203395265686,-4.199435974436028,-3.679268901912248,-0.5201670725237801,0.039368778221571615,0.0320987143487343,0.04063950860894262,0.0046169207837361,1
2025-01-29 00:00:00-05:00,232.43322998057818,238.13188043636077,232.32402189200354,237.63548278808594,45486100,0.0,0.0,0.0046169207837361,5.202252807507762,0.022381708536006042,0.02444019923378384,229.12126770019532,234.33790588378906,238.09275634765626,1.0140718885912217,0.9980794310310616,0.06938306366915548,-0.0635000240233371,6.03619384765625,0.019047825706430342,0.01936144047761861,55929825.0,0.813270915830686,0,47.259103826532346,-3.292214686158019,-3.6018580587614024,0.3096433726033836,0.02444019923378384,0.022381708536006042,0.02499895833869917,-0.007394720284140899,0
2025-01-30 00:00:00-05:00,236.95045561956258,239.05517683623282,235.50098294542886,235.87823486328125,55658300,0.0,0.0,-0.007394720284140899,-1.0722207562813253,-0.004525084172038211,0.015067917957178309,231.88719177246094,233.6126693725586,238.27880645751952,1.0096979564370698,0.9899253667167154,0.062281948447854285,-0.057930179952609184,-0.2779693603515625,0.02047996129535411,0.01924335948110997,56934865.0,0.9775785013277892,0,45.20368429799374,-2.6840899820937523,-3.4183044434278727,0.7342144613341204,0.015067917957178309,-0.004525084172038211,0.015092055440072406,-0.006692168899006812,0
2025-01-31 00:00:00-05:00,245.4090800423025,245.4090800423025,231.7581442550369,234.29969787597656,100959800,0.0,0.0,-0.006692168899006812,-11.10938216632593,-0.04526883098380445,0.05826271186440677,234.51214294433595,232.89686431884766,238.4972216796875,1.0060234110975765,0.982400114457734,0.05934106160357833,-0.057583231374152,7.68426513671875,0.021056221406261497,0.01923927735676135,60008820.0,1.6824160181786612,1,49.13281909293865,-2.3029742615766224,-3.195238407057623,0.8922641454810005,0.05826271186440677,-0.04526883098380445,0.058901644346286655,-0.033856059873403344,0
2025-02-03 00:00:00-05:00,228.33297872450572,230.15971829856622,224.0738787357251,226.3672332763672,73063300,0.0,0.0,-0.033856059873403344,-1.9657454481385344,-0.008609117522661048,0.026884807817618425,234.14480590820312,232.11057052612304,238.49702270507814,0.9752560288971869,0.9491407092166912,-0.008048438401419888,-0.0649579655982353,-1.9558258056640625,0.025462095856650914,0.019795540971130433,60874950.0,1.2002194662993564,0,44.142977289472235,-2.6109238017491236,-3.0783754859959234,0.4674516842467997,0.026884807817618425,-0.008609117522661048,0.027159968833399044,0.02100800373274292,1
2025-02-04 00:00:00-05:00,225.61273982041166,231.45038123633566,225.01705656002386,231.1227569580078,45067300,0.0,0.0,0.02100800373274292,5.510017137596151,0.02442245567330169,0.027835098373634643,233.06068115234376,231.58637619018555,238.58677185058593,0.9979980720809025,0.9687157220214521,-0.022915981679135666,-0.043392377623424294,10.086837768554688,0.020054507830466535,0.020522071856415428,61116110.0,0.7374045893954966,0,49.58777958522945,-2.4430826771180705,-2.951316924220353,0.5082342471022825,0.027835098373634643,0.02442245567330169,0.028590386767394643,-0.0014175874460061744,0
2025-02-05 00:00:00-05:00,226.88350440739822,230.99367626573292,226.625383087866,230.7951202392578,39620300,0.0,0.0,-0.0014175874460061744,3.911615831859592,0.017240635638436665,0.018927147044263543,231.69260864257814,230.9643898010254,238.65567169189453,0.9992671183557197,0.9670632112075479,-0.028785105947027656,-0.05114286823759073,8.5777587890625,0.019546562069289362,0.020419740378591907,60844845.0,0.6511693800847056,0,44.99631428496559,-2.309878084932876,-2.823029156362858,0.5131510714299816,0.018927147044263543,0.017240635638436665,0.019275392360498585,0.0032262310741231204,1
2025-02-06 00:00:00-05:00,229.62361584180033,232.11554171369926,228.7698112868805,231.5397186279297,29925300,0.0,0.0,0.0032262310741231204,1.9161027861293576,0.00834453712047397,0.014449920068336732,230.8249053955078,230.51812896728515,238.748994140625,1.0044317107084864,0.9698039544055671,-0.01839303332868436,-0.03711649959927943,9.491104125976562,0.01988649328563907,0.020343383928220604,60298310.0,0.49628754106043765,0,55.49890164415997,-2.1197939536693866,-2.6823821158241636,0.562588162154777,0.014449920068336732,0.00834453712047397,0.014624877329741595,-0.023968664680354856,0
2025-02-07 00:00:00-05:00,230.9242150800785,232.31412257440024,225.62267615435303,225.99002075195312,39707200,0.0,0.0,-0.023968664680354856,-4.934194328125386,-0.021367158599691835,0.029609477435252562,229.16296997070313,229.77005920410156,238.70451751708984,0.983548603045836,0.9467354162485575,-0.03546601723926279,-0.06209299580419014,4.8150787353515625,0.021962302502854917,0.020915715264914717,60402225.0,0.6573797571198743,0,47.60060636875506,-2.389421385621546,-2.6237899697836404,0.2343685841620946,0.029609477435252562,-0.021367158599691835,0.029657685717146002,0.0011871997143644286,1
2025-02-10 00:00:00-05:00,228.16659197494192,229.18034555631772,225.81107002878403,226.25831604003906,33115600,0.25,0.0,0.0011871997143644286,-1.9082759349028606,-0.008363520348817913,0.014891278192565771,229.1411865234375,229.3257957458496,238.60583892822265,0.9866239221111869,0.948251380001233,-0.00048115283626382066,-0.03778656839517802,-1.9456024169921875,0.016044161119442707,0.020328407601380796,58972460.0,0.5615434730041785,0,56.27716012769456,-2.552035602652751,-2.6094390963574625,0.05740349370471165,0.014891278192565771,-0.008363520348817913,0.014920772161897147,0.02183177643205636,1
2025-02-11 00:00:00-05:00,226.8049592810601,233.7919821040532,226.7353950927951,231.19793701171875,53718400,0.0,0.0,0.02183177643205636,4.392977730658657,0.019368966818819926,0.030521842463068452,229.15622253417968,229.2501319885254,238.56246887207033,1.0084964183283036,0.9691295454177211,0.00032528191814784613,-0.006502802905154481,-5.3454437255859375,0.016315662354317067,0.020876382718779844,59176845.0,0.9077604593485847,0,59.899969352283556,-2.2563130387380568,-2.5388138848335817,0.28250084609552495,0.030521842463068452,0.019368966818819926,0.031122564733971424,0.01827018699047267,1
2025-02-12 00:00:00-05:00,229.78663009476247,235.51142789245534,229.26980470124647,235.42196655273438,45243300,0.0,0.0,0.01827018699047267,5.635336457971903,0.024524213857211482,0.02651249279157964,230.081591796875,229.44126586914064,238.6061605834961,1.0260663689286162,0.9866550217187394,0.020047418284580898,0.016505567136209764,-2.2135162353515625,0.01811289231893688,0.021238628423947494,59467245.0,0.7608104259748371,0,63.53253109080937,-1.6619489806755894,-2.3634409040019833,0.7014919233263939,0.02651249279157964,0.024524213857211482,0.027223921612102894,0.01967325127195485,1
2025-02-13 00:00:00-05:00,235.4617298072221,240.85852795215618,234.1299251101732,240.05348205566406,53614100,0.0,0.0,0.01967325127195485,4.5917522484419635,0.0195010554462559,0.028029599005869654,231.7843444824219,229.6361297607422,238.69482818603515,1.0453646048893774,1.0056920121812192,0.03677020719462587,0.016502966097560856,4.1752471923828125,0.0193627337712279,0.02123850789836294,60156350.0,0.8912458950717589,0,67.75309726132363,-0.8078739209265393,-2.0523275073868947,1.2444535864603554,0.028029599005869654,0.0195010554462559,0.028738756221857373,0.012710663421930057,1
2025-02-14 00:00:00-05:00,239.77519417214083,244.04891051069433,239.51678905976664,243.10472106933594,40896200,0.0,0.0,0.012710663421930057,3.329526897195109,0.013886035662241003,0.018642671483270302,235.20728454589843,230.4605941772461,238.79964630126952,1.05486459382451,1.0180279779922083,0.07573210649052475,0.07276330711796919,8.805023193359375,0.008289887496688278,0.018986041305345574,58613205.0,0.6977301445979622,0,65.1455637600443,0.11388342806921514,-1.6190853202956728,1.732968748364888,0.018642671483270302,0.013886035662241003,0.018921936406707546,-0.0005315052098243678,0
2025-02-18 00:00:00-05:00,242.6574585849239,243.6811607859394,240.36158248040348,242.9755096435547,48822500,0.0,0.0,-0.0005315052098243678,0.3180510586308003,0.001310699701898883,0.013662192993877192,238.55072326660155,231.19321670532227,238.84112121582032,1.0509629698748908,1.0173102035641446,0.07388543279247828,0.06417420395659268,16.6082763671875,0.008997501275259053,0.01898572567837091,57629915.0,0.8471728615251298,0,57.84755851004812,0.8244527082392494,-1.1303777145886884,1.9548304228279378,0.013662192993877192,0.001310699701898883,0.013810769055851744,0.001636183378388889,1
2025-02-19 00:00:00-05:00,243.16435439309654,244.50609250836237,241.6735241546838,243.37306213378906,32204200,0.0,0.0,0.001636183378388889,0.20870774069251752,0.0008582990760032333,0.011638791610064982,240.98574829101562,232.31007385253906,238.88339904785155,1.047621646783481,1.0187943704076237,0.052661045679889495,0.10105662023732198,12.25030517578125,0.009348299957278823,0.017100243759161037,54336605.0,0.5926796493818486,0,57.120851734298896,1.4034846482402656,-0.6236052420228976,2.0270898902631633,0.011638791610064982,0.0008582990760032333,0.011720639915299843,0.00392051334893706,1
2025-02-20 00:00:00-05:00,243.44265077076676,245.2713989598738,242.7966152101895,244.32720947265625,32316900,0.0,0.0,0.00392051334893706,0.8845587018894889,0.0036335403804094177,0.01012897317096107,242.766796875,233.41556625366212,238.94416412353516,1.0467477100783245,1.022528465463329,0.03782672895958128,0.09949649243502656,13.532089233398438,0.008471120845010501,0.017101538685326025,52746125.0,0.6126876618898545,0,60.69921951687028,1.9172623416750412,-0.11543172528330986,2.032694066958351,0.01012897317096107,0.0036335403804094177,0.0101928264013973,-0.0011390669680696464,0
2025-02-21 00:00:00-05:00,244.44645306890683,247.1697083342209,243.72091995824803,244.0489044189453,53197400,0.0,0.0,-0.0011390669680696464,-0.3975486499615215,-0.0016263220225554134,0.014131546233260373,243.56588134765624,234.5155807495117,239.00333404541016,1.0406511313191436,1.0211108786146745,0.01664388422557761,0.09907870835554644,12.509185791015625,0.005614663452626743,0.017108352473979096,52394255.0,1.0153288752745888,0,62.76614279959847,2.2757446061307576,0.3628035409995036,1.912941065131254,0.014131546233260373,-0.0016263220225554134,0.014150563589550217,0.0063124340025493275,1
2025-02-24 00:00:00-05:00,243.43269920852308,247.33868242018207,242.92582237394555,245.58944702148438,51326400,0.0,0.0,0.0063124340025493275,2.1567478129612994,0.008859729280304457,0.017968443268861125,244.06282653808594,235.73630599975587,239.01567810058594,1.0417972996562468,1.0275035050969834,0.010220805014476753,0.11038549295991329,19.59942626953125,0.003109348647290588,0.016983670081462152,52225680.0,0.9827808848060954,0,80.23129183135231,2.653564655053543,0.8209557638103117,1.8326088912432317,0.017968443268861125,0.008859729280304457,0.01816546303358242,-0.0002428712111562925,0
2025-02-25 00:00:00-05:00,246.48393846255715,248.47171215983582,243.41283173998391,245.52980041503906,48013300,0.0,0.0,-0.0002428712111562925,-0.9541380475180858,-0.003870994813980656,0.020603936513207213,244.5736846923828,236.60260009765625,239.00657653808594,1.0377307785869563,1.0272930727323046,0.010512544145834024,0.07592280656333306,19.271484375,0.0030518257841629965,0.01583501596483548,49883175.0,0.9625149161014711,0,76.58514691687981,2.914579326999643,1.2396804764481781,1.674898850551465,0.020603936513207213,-0.003870994813980656,0.020783129565066852,-0.027040139913881323,0
2025-02-26 00:00:00-05:00,242.83637220684057,243.48239258336395,237.66816369812489,238.89064025878906,44433600,0.0,0.0,-0.027040139913881323,-3.9457319480515025,-0.01624852122519212,0.02433845410996653,243.6772003173828,236.71996307373047,238.89010711669923,1.0091698104244065,1.0000022317462045,-0.018417904741387825,0.009923167218494955,7.6927032470703125,0.01343106454338052,0.015285131351847408,48319475.0,0.919579527716309,0,62.116298635515335,2.556243808772223,1.502993142912987,1.0532506658592358,0.02433845410996653,-0.01624852122519212,0.024463642057772725,-0.012730889246679977,0
2025-02-27 00:00:00-05:00,237.94645181292123,240.9778097055873,235.61081167459415,235.84934997558594,41153600,0.0,0.0,-0.012730889246679977,-2.0971018373352877,-0.008813335190995307,0.022756043345248677,241.98162841796875,236.63065643310546,238.68362365722658,0.9966982027210816,0.9881253952901647,-0.03469879394672626,-0.007516271524538265,0.4273834228515625,0.013149861576727434,0.015535682238684373,48102850.0,0.8555335078898652,0,56.03517907068379,2.0037555732243106,1.603145628975252,0.4006099442490587,0.022756043345248677,-0.008813335190995307,0.022779082134845346,0.01913186340897366,1
2025-02-28 00:00:00-05:00,235.5014815283524,240.61005923211764,228.7927454203557,240.36158752441406,56833400,0.0,0.0,0.01913186340897366,4.860105996061662,0.020637262935760115,0.04916473523691317,241.2441650390625,236.8548240661621,238.5640090942383,1.0148055395201594,1.0075349942223082,-0.015108926234724818,0.01900706380871231,0.30810546875,0.017725151963039292,0.016019473248556907,48161605.0,1.1800561879115117,0,70.72814527605028,1.908010172365664,1.6641185376533345,0.24389163471232944,0.04916473523691317,0.020637262935760115,0.05165073652160722,-0.01575423380035612,0
2025-03-03 00:00:00-05:00,240.31188380351972,242.5381957053339,234.66661403302143,236.5748748779297,47184000,0.0,0.0,-0.01575423380035612,-3.7370089255900325,-0.015550662191327296,0.03327310931211151,239.44125061035157,236.96858291625978,238.3108807373047,0.9983385644059439,0.9927153730706545,-0.03670586115520702,0.009710541765860281,-6.52984619140625,0.01760031609836306,0.016374634101608634,45472815.0,1.0376309449942784,0,63.50857900040999,1.5091783204364617,1.63313049420996,-0.12395217377349832,0.03327310931211151,-0.015550662191327296,0.033543679422607595,-0.008822400114137041,0
2025-03-04 00:00:00-05:00,236.25684921580154,238.60242278275774,233.24535811530478,234.4877166748047,53798100,0.0,0.0,-0.008822400114137041,-1.76913254099685,-0.007488174615335238,0.022845822132688997,237.2328338623047,237.37460708618164,237.9675601196289,0.987838250911443,0.9853768158858508,-0.04497247878493382,0.0358730514169574,-8.48779296875,0.0171494156139117,0.01444427143235547,44509555.0,1.2086865393284656,0,54.65542564736843,1.0130076587561803,1.5091059271192042,-0.49609826836302395,0.022845822132688997,-0.007488174615335238,0.022967508167106573,-0.0008052767851814968,0
2025-03-05 00:00:00-05:00,233.98083809185871,235.1039350742086,227.82867612475383,234.29888916015625,47227600,0.0,0.0,-0.0008052767851814968,0.31805106829753527,0.0013593039109154373,0.031051188400990408,236.31448364257812,237.53341369628907,237.72828002929688,0.9863828651060078,0.9855743251550972,-0.019221142752426812,0.013742187242623993,-9.074172973632812,0.013988635076863305,0.013728384364735448,44617570.0,1.0584978070298314,0,48.20580600999651,0.5976625504733875,1.326817251790041,-0.7291547013166535,0.031051188400990408,0.0013593039109154373,0.03193302561030997,-0.0017391715486774206,0
2025-03-06 00:00:00-05:00,233.00684447444675,236.4059358119138,231.73467047090975,233.8914031982422,45170400,0.0,0.0,-0.0017391715486774206,0.8845587237954362,0.0037962778552303148,0.019971941153582133,235.9228942871094,237.68822784423827,237.4463018798828,0.9840260298945718,0.9850286205618021,-0.00830168400950193,0.013415721076661224,-10.435806274414062,0.013066813773388102,0.013731272362516889,44895075.0,1.0061326325883184,0,38.61972958197363,0.23293274445271095,1.108040350322575,-0.8751076058698641,0.019971941153582133,0.0037962778552303148,0.020157818126702972,0.015892557475525537,1
2025-03-07 00:00:00-05:00,233.67273718007357,239.89446338205195,233.32487071745646,237.60853576660156,46273600,0.0,0.0,0.015892557475525537,3.9357985865279943,0.016843208300739754,0.027648807495066922,235.37228393554688,237.99166870117188,237.14534332275392,0.9983901414000699,1.0019532006716119,-0.011453792538846819,0.02621069583497282,-6.44036865234375,0.011801072453221966,0.014137283307402042,45712490.0,1.0122747634180504,0,40.09318290583246,0.2410446654799614,0.9346412133540524,-0.693596547874091,0.027648807495066922,0.016843208300739754,0.028156418320920893,-0.04847952849466852,0
2025-03-10 00:00:00-04:00,234.10011191080184,234.71633209649934,222.84932017741133,226.08938598632812,72071200,0.0,0.0,-0.04847952849466852,-8.010725924473718,-0.03421923150351167,0.05248814254290392,233.27518615722656,237.99663696289062,236.5985137939453,0.9499688267510304,0.9555824436971332,-0.044322073073110424,0.00043968859352450096,-19.50006103515625,0.023968512413052978,0.01718512679891046,47330690.0,1.5227160220989806,1,28.422687580355642,-0.6742533237709836,0.6128623059290452,-1.2871156297000288,0.05248814254290392,-0.03421923150351167,0.053251281671582544,-0.02918945637691428,0
2025-03-11 00:00:00-04:00,222.4418047589131,224.4593937721428,216.1206840338927,219.48995971679688,76137400,0.0,0.0,-0.02918945637691428,-2.9518450421162186,-0.013270190130472497,0.03799130378906326,230.275634765625,237.65821914672853,235.8615185546875,0.9235529934745715,0.9305882581515955,-0.06395966991655766,-0.029914287535157125,-26.039840698242188,0.025647127554571582,0.01839005620515131,49481780.0,1.5386956572702113,1,23.657116351776793,-1.910133293274697,0.10826318608829676,-2.018396479362994,0.03799130378906326,-0.013270190130472497,0.03858358016737716,-0.017478751772568413,0
2025-03-12 00:00:00-04:00,218.79423505763873,220.39439337943787,213.59621144659917,215.65354919433594,62547500,0.0,0.0,-0.017478751772568413,-3.1406858633027923,-0.01435451835591288,0.03152362647513178,226.54656677246095,236.88099975585936,235.03151336669922,0.9103877027562303,0.9175516342690202,-0.07957929306730593,-0.06723411124812462,-23.237091064453125,0.024755690968630506,0.01787499177616271,49923235.0,1.2528735367409585,0,20.26385890644073,-3.1626858661217625,-0.5459266243537151,-2.6167592417680474,0.03152362647513178,-0.01435451835591288,0.031827258951820425,-0.03364357258234962,0
2025-03-13 00:00:00-04:00,214.62986833256545,215.51442704761877,207.14590135231947,208.398193359375,61368300,0.0,0.0,-0.03364357258234962,-6.231674973190451,-0.029034518921358013,0.040156421514019956,221.4479248046875,235.5298110961914,234.1245068359375,0.8848060141069118,0.8901169560408719,-0.1089959249902811,-0.11478866474979543,-27.451156616210938,0.024202445847492687,0.0183380435412029,50729485.0,1.209716597753752,0,17.702152107000146,-4.686763294746726,-1.3740939584323173,-3.3126693363144084,0.040156421514019956,-0.029034518921358013,0.04039918550483834,0.018170490476207224,1
2025-03-14 00:00:00-04:00,209.95857893569573,212.64207016591416,208.29878985935505,212.1848907470703,60107600,0.0,0.0,0.018170490476207224,2.226311811374586,0.010603576299001535,0.02046931942829241,216.36319580078126,234.13638153076172,233.36054534912108,0.9062448533620677,0.9092577771860674,-0.10699802907966416,-0.11609326000999864,-28.17669677734375,0.02511204592533694,0.01823043925947044,51054160.0,1.177330113745873,0,20.92054266397568,-5.52535791821515,-2.204346750388884,-3.3210111678262657,0.02046931942829241,0.010603576299001535,0.020851202781791124,0.002388939998845041,1
2025-03-17 00:00:00-04:00,212.00600336087763,213.9043309003415,208.68642489319868,212.69178771972656,48073400,0.0,0.0,0.002388939998845041,0.6857843588489345,0.0032347402808286948,0.024532710280373855,213.68367614746094,232.61573486328126,232.64206512451173,0.9143482397901204,0.9142447545154501,-0.05925797094876328,-0.12510219141706957,-23.883087158203125,0.02185878650241653,0.01781449948959554,51413020.0,0.9350433022607892,0,21.634609047835212,-6.0789732303136645,-2.9792720463738402,-3.0997011839398243,0.024532710280373855,0.0032347402808286948,0.025003571793485103,-0.006121543135650831,0
2025-03-18 00:00:00-04:00,212.85080057479257,213.83473880015984,210.19712464056028,211.38978576660156,42432400,0.0,0.0,-0.006121543135650831,-1.4610148081910097,-0.006864032478363318,0.01720808858577446,212.0636413574219,231.03644866943358,232.02799865722656,0.9149629289405222,0.9110529202938406,-0.036904530670317626,-0.1299955041694919,-23.097930908203125,0.019631570267221773,0.017759576944968734,51093515.0,0.8304850429648459,0,23.832028634267857,-6.547304776163628,-3.692878592331798,-2.85442618383183,0.01720808858577446,-0.006864032478363318,0.017305727496605534,0.01198926693711777,1
2025-03-19 00:00:00-04:00,212.91042558181826,217.42266485537363,212.44329758558237,213.9241943359375,54385400,0.0,0.0,0.01198926693711777,1.0137687541192406,0.004761480098256929,0.023276316572083785,211.7177703857422,229.56400527954102,231.47434967041016,0.9318716759425815,0.9241809930151577,-0.008019134694787877,-0.12100298833263101,-20.37469482421875,0.02023959120131878,0.01816428169746361,52202575.0,1.041814508192364,0,28.934284165281966,-6.637442998564438,-4.281791473578327,-2.3556515249861114,0.023276316572083785,0.004761480098256929,0.023438570792214924,-0.005296319417141704,0
2025-03-20 00:00:00-04:00,212.6818553101102,216.16045933121794,210.92267131595005,212.7911834716797,48862900,0.0,0.0,-0.005296319417141704,0.10932816156949343,0.0005140455513239842,0.024614685297640524,212.59636840820312,227.9872039794922,230.86547637939452,0.9333470464895942,0.9217107157329478,0.02107978980762626,-0.12907291852201952,-21.1002197265625,0.010675183060639465,0.018008409024414904,53029875.0,0.9214221229071349,0,21.67075464420799,-6.7228063699751885,-4.769994452857699,-1.9528119171174891,0.024614685297640524,0.0005140455513239842,0.024832740750860182,0.019476844222606093,1
2025-03-21 00:00:00-04:00,210.26669685360034,217.5021918152461,209.9884097524224,216.93568420410156,94127800,0.0,0.0,0.019476844222606093,6.668987350501226,0.031716802757141116,0.03463598941958506,213.54652709960936,226.63154296875,230.39489135742187,0.9572175230436242,0.9415820069879915,0.022389876302240097,-0.11109748793749952,-20.6728515625,0.011108958323162017,0.01891259351112373,55076395.0,1.709040687938998,1,29.96755771408577,-6.382457883223736,-5.092487138930907,-1.2899707442928294,0.03463598941958506,0.031716802757141116,0.035781889446577085,0.01127044431081825,1
2025-03-24 00:00:00-04:00,219.64899945464327,220.1260609084734,217.24379503613238,219.38064575195312,44299500,0.0,0.0,0.01127044431081825,-0.268353702690149,-0.0012217387894159887,0.013138195771380385,214.8842987060547,225.32110290527345,229.96347595214843,0.9736355934853659,0.9539803868576181,0.03144859566012381,-0.10671794569103976,-6.708740234375,0.011395888315958008,0.01910978936881635,54725050.0,0.809492179541179,0,34.702092725939394,-5.848028855504708,-5.243595482245667,-0.6044333732590408,0.013138195771380385,-0.0012217387894159887,0.013267425529284392,0.013681886692452627,1
2025-03-25 00:00:00-04:00,219.4204082670252,222.73005335992565,218.73462390108503,222.38218688964844,34493600,0.0,0.0,0.013681886692452627,2.9617786226232283,0.013498191193860467,0.01796649954172476,217.08277893066406,224.1637222290039,229.70824798583985,0.9920525260660356,0.9681071047277195,0.05200062568389052,-0.09427618760029266,2.8922271728515625,0.009255587954709822,0.01955794355600924,54049065.0,0.6381905033879864,0,38.583124016704005,-5.123233271743402,-5.219523040145215,0.09628976840181291,0.01796649954172476,0.013498191193860467,0.01826610432122264,-0.009921820574241624,0
2025-03-26 00:00:00-04:00,222.1436424317859,223.64442126802376,219.12223310716143,220.17575073242188,34466100,0.0,0.0,-0.009921820574241624,-1.9678916993640314,-0.00885864514429359,0.02053899280833207,218.33309020996094,223.22797775268555,229.45753875732422,0.9863268616640641,0.9595489950987454,0.02922323216357281,-0.0783408236760278,4.5222015380859375,0.012741673813531175,0.018894673390518073,53550690.0,0.6436163567640305,0,37.297482613103504,-4.673001060293274,-5.110218644174827,0.4372175838815533,0.02053899280833207,-0.00885864514429359,0.020637742216924004,0.010472618545503964,1
2025-03-27 00:00:00-04:00,220.03659916949772,223.61459773398053,219.21167130142226,222.4815673828125,37094800,0.0,0.0,0.010472618545503964,2.4449682133147803,0.01111164334725689,0.01979007287818315,220.2711669921875,222.55958862304686,229.27518432617188,0.9996494366263118,0.97036915720589,0.0455394051249427,-0.056679327690142944,14.0833740234375,0.011147231318179834,0.019035683302132927,53347750.0,0.6953395410303153,0,35.61435672284651,-4.083061662569946,-4.904787247853851,0.8217255852839047,0.01979007287818315,0.01111164334725689,0.020085273774059803,-0.02658026938897784,0
2025-03-28 00:00:00-04:00,220.31490521146458,222.44182255065115,216.34929105853038,216.5679473876953,39818600,0.0,0.0,-0.02658026938897784,-3.7469578237692645,-0.017007282463130793,0.028132193917016032,220.19761962890624,221.36990661621093,228.88341918945312,0.9783079854804259,0.9461932548658584,-0.0016951421235994468,-0.09899102590301367,4.383056640625,0.017525794387356547,0.019015771865318453,52497010.0,0.758492721775964,0,39.86457447088439,-4.046069579490393,-4.73304371418116,0.6869741346907672,0.028132193917016032,-0.017007282463130793,0.028160626098250156,0.01941253140545296,1
2025-03-31 00:00:00-04:00,215.683368745432,224.24073468961828,214.90813825561798,220.77207946777344,65299300,0.0,0.0,0.01941253140545296,5.088710722341432,0.023593431203995912,0.04227253942844069,220.4759063720703,220.57976684570312,228.76655212402343,1.0008718506906613,0.9650540143127397,0.006342554563329994,-0.06679828286207623,8.080291748046875,0.019161724140925675,0.019588659155484665,53402775.0,1.2227697905211854,0,51.438134623435516,-3.6356057635159686,-4.5135561240481215,0.8779503605321528,0.04227253942844069,0.023593431203995912,0.04342597962902565,0.004772015712181776,1
2025-04-01 00:00:00-04:00,218.46626491168394,222.31260214779184,217.5618242432653,221.8256072998047,36412700,0.0,0.0,0.004772015712181776,3.3593423881207514,0.015376938812401,0.021416724436623295,220.36459045410157,219.94666137695313,228.6366030883789,1.0085427344570206,0.9702103875907331,-0.002502806531531898,-0.05399903054435995,10.435821533203125,0.018121580669798878,0.019621544187209565,52533505.0,0.6931328872878366,0,57.38409749757206,-3.188543792735601,-4.248553657785617,1.0600098650500165,0.021416724436623295,0.015376938812401,0.021836450034609375,0.0031363578613554655,1
2025-04-02 00:00:00-04:00,219.96705040499884,223.81338775742097,219.66888130946384,222.52133178710938,35905900,0.0,0.0,0.0031363578613554655,2.5542813821105312,0.011612109074552941,0.018625209613261976,220.83370666503907,219.35778350830077,228.66631134033204,1.0144218647189644,0.9731268698165298,0.010653221559980386,-0.050267235219353834,8.597137451171875,0.017324074986043454,0.01966013292778251,51967420.0,0.6909309717511471,0,70.04232913304531,-2.7464454942168572,-3.9481320250718657,1.2016865308550084,0.018625209613261976,0.011612109074552941,0.018867062204038148,-0.09245624301677313,0
2025-04-03 00:00:00-04:00,204.2834701562562,206.22156139646,200.01970279192506,201.94784545898438,103419000,0.0,0.0,-0.09245624301677313,-2.335624697271811,-0.011433253485880647,0.030710199410345015,216.72696228027343,217.7606056213379,228.26092102050782,0.9273846611638736,0.8847236949545149,-0.09229403660437552,-0.13657431313190682,-10.843338012695312,0.04467038256662573,0.028138794686103343,54879850.0,1.8844621477646166,1,40.16048400982404,-4.009963451817953,-3.9604983104210834,-0.049465141396869416,0.030710199410345015,-0.011433253485880647,0.031006238475349446,-0.07288731707958396,0
2025-04-04 00:00:00-04:00,192.70471987275084,198.65810753704542,186.19475800144227,187.22840881347656,125910900,0.0,0.0,-0.07288731707958396,-5.4763110592742805,-0.02841814701212542,0.06656761981040804,210.8590545654297,215.24159927368163,227.56451690673828,0.8698523400925579,0.8227486928034897,-0.13547498107693534,-0.21202995418738857,-29.707275390625,0.05113737001661895,0.031187299265123303,58861715.0,2.1390966946851617,1,30.77730831079431,-6.128401658676211,-4.394078980072109,-1.7343226786041015,0.06656761981040804,-0.02841814701212542,0.06693716659577825,-0.03673436156424825,0
2025-04-07 00:00:00-04:00,176.11672557211514,192.96310261722135,173.5524959881376,180.35069274902344,160466300,0.0,0.0,-0.03673436156424825,4.233967176908294,0.02404068757895795,0.10762701453049375,202.7747772216797,212.9546646118164,226.7480319213867,0.8468971228114444,0.795379308128023,-0.1830910268010154,-0.20230358465421527,-39.02995300292969,0.04388159459583792,0.030555819878293707,63281470.0,2.53575493742481,1,28.38753684103162,-8.266957071941164,-5.1686545984459205,-3.0983024734952433,0.10762701453049375,0.02404068757895795,0.11184285491584335,-0.04981808395186815,0
2025-04-08 00:00:00-04:00,185.55866963100107,189.17641711488596,168.175598539417,171.365966796875,120859500,0.0,0.0,-0.04981808395186815,-14.192702834126067,-0.07648633643660759,0.1225495293377701,192.68284912109374,210.5484649658203,225.6112728881836,0.8139027127302683,0.7595629624491618,-0.22747437104829749,-0.21925373252614933,-51.01622009277344,0.036488138287624185,0.03154230134175858,65517575.0,1.8446882382322607,1,22.809245435249622,-10.564983388238204,-6.247920356404378,-4.317063031833826,0.1225495293377701,-0.07648633643660759,0.12487435013080567,0.1532885035937399,1
2025-04-09 00:00:00-04:00,170.89883496621582,199.38363475051753,170.83920418374143,197.6343994140625,184395900,0.0,0.0,0.1532885035937399,26.735564447846684,0.1564408818417745,0.14443047693824218,187.70546264648436,209.64750747680665,224.83309326171874,0.9426985409589324,0.8790271776584269,-0.11184065892997941,-0.0835560084570438,-22.541351318359375,0.09905131260505565,0.048487742128950115,71609995.0,2.5750022744729977,1,42.67037955688823,-10.149545183530165,-7.0282453218295355,-3.1212998617006296,0.14443047693824218,0.1564408818417745,0.16708360767166722,-0.04239375215021912,0
2025-04-10 00:00:00-04:00,187.9141974958541,193.5892830219747,181.88129692496375,189.2559356689453,121880000,0.0,0.0,-0.04239375215021912,1.3417381730912155,0.007140163920402118,0.06186324384293585,185.16708068847657,208.69039459228514,223.86550231933595,0.9068742049134144,0.8454001787152478,-0.062847463220977,-0.09185424010571708,-33.22563171386719,0.09215081081175748,0.04881460507837799,74635580.0,1.6330013111708919,1,37.14101206349746,-10.376762556277896,-7.697948768719208,-2.6788137875586884,0.06186324384293585,0.007140163920402118,0.0643715780289446,0.04059436218931811,1
2025-04-11 00:00:00-04:00,184.96233608452022,198.32016168749274,184.92257212057936,196.93865966796875,87435900,0.0,0.0,0.04059436218931811,11.976323583448533,0.0647500666188377,0.06802925128819917,187.109130859375,207.92808303833007,223.08671081542968,0.9471479599591388,0.8827897410299151,0.051863127588537505,-0.0718535190013857,-19.629287719726562,0.0865020208317236,0.04959483966702163,76001995.0,1.150442169314108,0,40.05810913192944,-9.823661289348706,-8.123091272845107,-1.7005700165035993,0.06802925128819917,0.0647500666188377,0.07244972538115813,0.022054113206822157,1
2025-04-14 00:00:00-04:00,210.14743595954587,211.63826622013798,199.9302804535287,201.28196716308594,101352900,0.0,0.0,0.022054113206822157,-8.865468796459936,-0.042186899668700074,0.058167087353250324,191.2953857421875,207.35759201049805,222.42635620117187,0.9706997714021268,0.9049375739493658,0.11605874141659389,-0.053644857090936915,-19.4901123046875,0.08192853745550678,0.049892713943396026,78665970.0,1.288395731979152,0,40.762335888677526,-8.931894612920786,-8.284851940860243,-0.6470426720605431,0.058167087353250324,-0.042186899668700074,0.058560342835764986,-0.0018764761244509653,0
2025-04-15 00:00:00-04:00,200.62597928160577,202.26588634734406,198.5785750100267,200.90426635742188,51343900,0.0,0.0,-0.0018764761244509653,0.27828707581610956,0.0013870939188064767,0.018353574088652746,197.2030456542969,206.83331604003905,221.91709686279296,0.9713341651329063,0.905312250374459,0.17236969576088268,-0.049602772296467035,-20.921340942382812,0.07338001807151096,0.049881508038942,79111545.0,0.6490064124016286,0,41.4256595307065,-8.161559023431437,-8.260193357374481,0.09863433394304444,0.018353574088652746,0.0013870939188064767,0.01856852551757503,-0.03893323810147331,0
2025-04-16 00:00:00-04:00,197.1474065096439,199.47309822086447,191.19401850640656,193.08241271972656,59732400,0.0,0.0,-0.03893323810147331,-4.064993789917338,-0.020619057901319588,0.04287847659369994,196.2926483154297,205.7912269592285,221.15628997802733,0.9382441398144741,0.8730586534025778,-0.023032360296747267,-0.09742601429870001,-29.438919067382812,0.03662762971154806,0.05045888736428329,79378895.0,0.7524972475366406,0,37.5316206589988,-8.088976056628496,-8.225949897225284,0.13697384059678797,0.04287847659369994,-0.020619057901319588,0.043301980779176366,0.013949510540231636,1
2025-04-17 00:00:00-04:00,195.99447418061752,197.61451451967758,193.2314700862815,195.77581787109375,52164700,0.0,0.0,0.013949510540231636,-0.2186563095237659,-0.001115624868700454,0.022388078778360958,197.59662475585938,204.94045867919922,220.45590393066405,0.9552814467813248,0.8880497840178847,0.034450080411497996,-0.07996273775530038,-6.172027587890625,0.029966786232912823,0.05061487347505054,79543985.0,0.6557969153795853,0,40.93429458797281,-7.725068465928786,-8.125773610965984,0.40070514503719856,0.022388078778360958,-0.001115624868700454,0.022682870608182932,-0.019392824708636458,0
2025-04-21 00:00:00-04:00,192.08849990403363,192.6152586778503,188.64964501381652,191.9791717529297,46742500,0.0,0.0,-0.019392824708636458,-0.1093281511039379,-0.0005691551090177583,0.0206564786576816,196.60472717285157,203.69263305664063,219.66469299316407,0.9424944283554242,0.873964628256868,-0.025182906816775152,-0.11504106640054579,4.750762939453125,0.024795438573921566,0.05045341241671172,77174720.0,0.6056711316866455,0,37.40105643075112,-7.654787069924367,-8.031576302757662,0.37678923283329446,0.0206564786576816,-0.0005691551090177583,0.021021050231731654,0.03406512728522171,1
2025-04-22 00:00:00-04:00,194.92108593270402,200.3576482646354,194.77200897005906,198.5189666748047,52976400,0.0,0.0,0.03406512728522171,3.5978807421006707,0.018458140251398095,0.028136552331174552,196.0521270751953,202.6495491027832,219.1152719116211,0.9796171151316824,0.9060024202917092,-0.013727014532019965,-0.09509352571026752,18.16827392578125,0.02837566121023814,0.05109178166815874,77608565.0,0.6826102247864009,0,40.26890379401031,-6.990796215242284,-7.823420285254587,0.8326240700123027,0.028136552331174552,0.018458140251398095,0.028677833761189885,0.024331638578188874,1
2025-04-23 00:00:00-04:00,204.7406939661261,206.72846769395255,201.56025903470575,203.34925842285156,52929200,0.0,0.0,0.024331638578188874,-1.3914355432745253,-0.006796086876137752,0.02541542909637687,196.54112548828124,201.69790267944336,218.65709075927734,1.0081872727552983,0.9299916033673091,0.012169936008625593,-0.08558656937860531,31.983291625976562,0.03082051175181169,0.05133823548997189,78530345.0,0.6739967843003873,0,42.26233547638088,-6.005585848165765,-7.459853397836823,1.4542675496710578,0.02541542909637687,-0.006796086876137752,0.025641010207061256,0.018426246203391505,1
2025-04-24 00:00:00-04:00,203.6374995339798,207.5534166002877,201.6994229864575,207.09622192382812,47311000,0.0,0.0,0.018426246203391505,3.458722389848333,0.016984702708310345,0.02826702273681917,199.34388732910156,201.04392623901367,218.17505645751953,1.0301043448466038,0.9492204346657357,0.07257941832560189,-0.05940494702565691,9.461822509765625,0.02027095410978846,0.051535172603574556,79172590.0,0.5975679209180854,0,52.4044022701165,-4.86635458786364,-6.941153635842187,2.074799047978547,0.02826702273681917,0.016984702708310345,0.029023353300436792,0.004367069945177882,1
2025-04-25 00:00:00-04:00,205.10841141990002,208.46775361357263,204.9394524859384,208.00062561035156,38222300,0.0,0.0,0.004367069945177882,2.89221419045154,0.0141009048357874,0.01696293517041532,201.78884887695312,200.31987915039062,217.6266296386719,1.0383424076159442,0.9557682621639526,0.06244288938334086,-0.06508827649323567,18.74468994140625,0.020756690668606137,0.05147652007105042,79228965.0,0.48242836442455106,0,61.138344342446196,-3.8461912882704894,-6.322161166327848,2.4759698780573585,0.01696293517041532,0.0141009048357874,0.017216309914150428,0.004109443628810716,1
2025-04-28 00:00:00-04:00,208.71624889674396,210.2070792460064,206.1917828448175,208.8553924560547,38743100,0.0,0.0,0.004109443628810716,0.13914355931072464,0.0006666637602305784,0.01922524649218119,205.16409301757812,199.9342514038086,217.00266784667969,1.0446203738959565,0.9624554136985018,0.08790651896781854,-0.035612633469872534,11.916732788085938,0.012968665061809787,0.05116591318083605,79175190.0,0.48933384308897776,0,66.34003804573535,-2.934900279094194,-5.644708988881117,2.7098087097869232,0.01922524649218119,0.0006666637602305784,0.019473600479078514,0.005091854661759321,1
2025-04-29 00:00:00-04:00,207.41425458581946,210.94255602883885,207.096203506044,209.91885375976562,36827600,0.0,0.0,0.005091854661759321,2.5045991739461613,0.012075347371604402,0.01832304461416641,207.4440704345703,199.3915901184082,216.3389505004883,1.0527969290736177,0.9703238980966205,0.05742467470947088,-0.0491603183435706,8.636886596679688,0.009472481723314538,0.050970954272655945,77751605.0,0.47365710328423444,0,74.30757241949915,-2.1026451647244926,-4.9362962240497925,2.8336510593253,0.01832304461416641,0.012075347371604402,0.018572781430455366,0.006107619535950626,1
2025-04-30 00:00:00-04:00,208.0205233254963,212.2743578831654,205.4065960245207,211.20095825195312,52286500,0.0,0.0,0.006107619535950626,3.180434926456826,0.015289043963610739,0.03251766429227933,209.01441040039063,198.86035766601563,215.70345947265625,1.0620566146555133,0.9791264301847051,0.03861189310449542,-0.04789640464498757,10.29669189453125,0.006090142229585949,0.05098022348598305,78545295.0,0.665685958656085,0,62.48857330195194,-1.324355526856067,-4.213908084611048,2.889552557754981,0.03251766429227933,0.015289043963610739,0.03343496261349301,0.003858967814071246,1
2025-05-01 00:00:00-04:00,207.80188973514694,213.24838609037135,207.62298219428487,212.01597595214844,57365700,0.0,0.0,0.003858967814071246,4.214086217001494,0.020279345016412223,0.026532924562987288,209.99836120605468,198.33508987426757,215.07631774902345,1.0689786466255353,0.9857709029571253,0.023755884982439968,-0.04721055617720116,18.933563232421875,0.0009085197909309161,0.05098375062092876,79618285.0,0.7205091142066172,0,74.3410179218582,-0.6344764153839435,-3.498021750765627,2.8635453353816835,0.026532924562987288,0.020279345016412223,0.02709432181656299,-0.037361784320458225,0
2025-05-02 00:00:00-04:00,204.8301473855031,205.72465469395448,200.92417915168144,204.0946807861328,101010600,0.0,0.0,-0.037361784320458225,-0.7354665993702838,-0.0035906169514494848,0.023520826333065323,209.21717224121093,198.442431640625,214.27166717529298,1.0284830673499503,0.9525042833552301,-0.018778524404709063,0.010630642393183898,8.318862915039062,0.018872655467597813,0.0471375824834544,79497865.0,1.270607707515164,0,57.61424443345457,-0.7186405274411243,-2.9421455061007267,2.2235049786596024,0.023520826333065323,-0.0035906169514494848,0.02389197538365487,-0.03145859657797967,0
2025-05-05 00:00:00-04:00,201.85841873478097,202.85230555244996,196.99831280299983,197.6741485595703,69018500,0.0,0.0,-0.03145859657797967,-4.184270175210656,-0.020728737505411217,0.02961435671840515,206.98092346191407,198.9647186279297,213.34417205810547,0.9935135732744015,0.9265504965644558,-0.05353581616925229,0.05579142509564439,5.694976806640625,0.021711740168491946,0.044532988205865376,76653245.0,0.9003989328827501,0,46.3236720924852,-1.288570644391882,-2.611430533758958,1.3228598893670758,0.02961435671840515,-0.020728737505411217,0.029715953736640256,-0.0019106471414049864,0
2025-05-06 00:00:00-04:00,196.9983091053983,199.42338015596502,195.81558138809015,197.2964630126953,51216500,0.0,0.0,-0.0019106471414049864,0.2981539072970065,0.0015134846012180125,0.018286180668341326,204.4564453125,199.81200714111327,212.3783123779297,0.9874104456263161,0.9289859251805521,-0.060129857423457445,0.09396010630939822,-1.222503662109375,0.020633274081444712,0.043542155527773976,71190755.0,0.7194262794375478,0,46.3236864977991,-1.7505412851223525,-2.439252684031637,0.6887113989092843,0.018286180668341326,0.0015134846012180125,0.018424472364763005,-0.011384822963551255,0
2025-05-07 00:00:00-04:00,197.95242524507105,198.22077891807172,192.0686174137577,195.05027770996094,68536700,0.0,0.0,-0.011384822963551255,-2.9021475351101174,-0.014660833437717024,0.03154141371417202,201.22630920410157,200.99622268676757,211.36872192382813,0.9704176282652197,0.9227963150586304,-0.07647067833245891,0.13820895336329908,-8.298980712890625,0.018089186493340712,0.04179194532697974,68574615.0,0.9994470986093031,0,52.26230104044166,-2.271717779529581,-2.4057457031312257,0.13402792360164462,0.03154141371417202,-0.014660833437717024,0.03203106049886809,0.006318483057135671,1
2025-05-08 00:00:00-04:00,196.51128929096475,198.82704723676696,193.4898650803139,196.28269958496094,50478900,0.0,0.0,0.006318483057135671,-0.22858970600381667,-0.0011632395615976798,0.027191301972810167,198.07965393066405,200.9286376953125,210.51656311035157,0.976877670780824,0.9323860160213174,-0.0742079755854741,-0.006839395535944259,-10.813522338867188,0.018772892846482668,0.023826350374476238,61878765.0,0.8157709676332422,0,50.60297736751978,-2.5558455639850592,-2.4357656753019925,-0.12007988868306674,0.027191301972810167,-0.0011632395615976798,0.027583781477327984,0.005266184390461115,1
2025-05-09 00:00:00-04:00,197.78348851905432,199.3140676367793,196.33240700583877,197.3163604736328,36453900,0.0,0.0,0.005266184390461115,-0.46712804542150366,-0.002361815179412719,0.015111066430494802,196.72398986816407,201.33165893554687,209.7459033203125,0.9800562987304471,0.9407399970635042,-0.03321164611635752,0.04259007663985326,-10.68426513671875,0.015576602502771689,0.021655175102038796,57607460.0,0.6327982521708126,0,56.795748679039406,-2.6668690784765374,-2.4819863559369018,-0.18488272253963567,0.015111066430494802,-0.002361815179412719,0.015186798126770035,0.0631461973154337,1
2025-05-12 00:00:00-04:00,209.95528044040137,210.25384054136518,205.75557652693038,209.77613830566406,63775800,0.26,0.0,0.0631461973154337,-0.17914213473730456,-0.0008532394820532102,0.021443163415852336,199.1443878173828,201.97353286743163,209.1341943359375,1.0386318213453927,1.003069531368435,0.0612219141161332,0.0651851630316711,0.920745849609375,0.029298043384452396,0.024192056854606746,56424455.0,1.1302865043180301,0,62.45577377242039,-1.7295192519077887,-2.331492935131079,0.6019736832232905,0.021443163415852336,-0.0008532394820532102,0.021862173022785793,0.01015224955627736,1
2025-05-13 00:00:00-04:00,209.4178625594749,212.3735786127325,207.99474788922345,211.9058380126953,51909300,0.0,0.0,0.01015224955627736,2.4879754532204004,0.01188043571265948,0.02066404004993349,202.0662628173828,202.5047264099121,208.6408135986328,1.0464241589292755,1.0156490207153022,0.07404783023940942,0.05278103647010535,1.9869842529296875,0.028316871119963647,0.023854065285176477,53952275.0,0.9621336635016781,0,60.06941302040013,-0.805528166121718,-2.026299981329207,1.2207718152074891,0.02066404004993349,0.01188043571265948,0.02105260237552339,-0.0028177936917338497,0
2025-05-14 00:00:00-04:00,211.40824098508043,212.91098786371114,209.56714827780408,211.30873107910156,49325800,0.0,0.0,-0.0028177936917338497,-0.09950990597886289,-0.00047070022206885273,0.015824426983357,205.31795349121094,203.0249496459961,208.17723388671874,1.0408017903590148,1.0150424574960337,0.08335519210752884,0.05178817209968778,0.1077728271484375,0.026547895038863855,0.023864794767940515,53851370.0,0.9159618408965269,0,55.3542330036155,-0.12005618003902896,-1.6450512210711716,1.5249950410321427,0.015824426983357,-0.00047070022206885273,0.015955933997223833,-0.004144543359707931,0
2025-05-15 00:00:00-04:00,209.93535780893234,211.93569971673273,208.53213606160298,210.43295288085938,45029500,0.0,0.0,-0.004144543359707931,0.4975950719270372,0.002370229946591043,0.016174100151779634,208.14800415039062,203.89247665405273,207.69991516113282,1.0320780655281556,1.013158588522322,0.07209118952316795,0.0898608004568413,-1.5830230712890625,0.027919449305943617,0.021845548089149,53116225.0,0.8477541466849348,0,53.09381655912401,0.3485000346108791,-1.2463409699347616,1.5948410045456407,0.016174100151779634,0.002370229946591043,0.016321530673451164,-0.0008985613302188167,0
2025-05-16 00:00:00-04:00,211.33858120774948,211.54757782116647,208.7610423595207,210.24386596679688,54737900,0.0,0.0,-0.0008985613302188167,-1.0947152409526097,-0.005179911943652568,0.013253825260642029,210.73350524902344,204.6158790588379,207.2269644165039,1.027505132709376,1.014558441073476,0.06551664272609337,0.07390109898674746,6.1491851806640625,0.028548294473527257,0.02176093535775836,53244885.0,1.0280405338465846,0,51.79650164398804,0.6965471152277871,-0.8577633529022519,1.554310468130039,0.013253825260642029,-0.005179911943652568,0.013347966795676843,-0.011739050474280921,0
2025-05-19 00:00:00-04:00,206.90999202317107,208.47243269467637,203.2775387890809,207.7758026123047,46140500,0.0,0.0,-0.011739050474280921,0.8658105891336163,0.004184479350985899,0.025002400858432933,210.33343811035155,205.40571060180665,206.63030975341798,1.0115385886962638,1.005543682629396,-0.009535573061435154,0.08228304516129858,10.101654052734375,0.007889015877996208,0.021395956515303655,53214785.0,0.8670616634080172,0,47.324424591358806,0.7644131687404752,-0.5333280485737065,1.2977412173141816,0.025002400858432933,0.004184479350985899,0.02555567101284937,-0.009196290316480504,0
2025-05-20 00:00:00-04:00,206.67113760639387,207.46729276724128,204.04383620537516,205.8650360107422,42496600,0.0,0.0,-0.009196290316480504,-0.8061015956516826,-0.003900407212094157,0.016629616316621534,209.12527770996093,205.77301406860352,206.22582275390624,1.0004472012161323,0.9982505258636083,-0.028507010748761052,0.03700437020695935,8.568572998046875,0.00454029175663506,0.020377820380642443,52690795.0,0.8065279713467979,0,43.44111908824812,0.6564474912398452,-0.29537294061099617,0.9518204318508414,0.016629616316621534,-0.003900407212094157,0.01677804449050019,-0.023059138183388672,0
2025-05-21 00:00:00-04:00,204.18315305948536,206.04415370597744,199.74461367242378,201.1179656982422,59211800,0.0,0.0,-0.023059138183388672,-3.0651873612431757,-0.015011950375505194,0.03132261213802002,207.08712463378907,205.66144943237305,205.85838287353516,0.9779079465467597,0.9769724355689458,-0.048226901599463745,-0.010972711392778,6.06768798828125,0.008531539210273125,0.020401328928677395,53004925.0,1.1170999675973505,0,37.78500046519519,0.18569444272804958,-0.19915946394318704,0.38485390667123665,0.03132261213802002,-0.015011950375505194,0.03153797200201225,-0.0036122392324945407,0
2025-05-22 00:00:00-04:00,199.74461200022,201.77479312617928,198.73946027881726,200.3914794921875,46742400,0.0,0.0,-0.0036122392324945407,0.6468674919674982,0.00323847279528514,0.01514701550711566,205.07882995605468,205.32621231079102,205.55314147949218,0.975966376805636,0.9748889170452321,-0.04771816035085075,-0.032375010849336916,4.1087799072265625,0.008622705079184825,0.019923010453388883,52976495.0,0.8823233775658431,0,45.05109125871488,-0.24319866234654341,-0.20796730362385832,-0.0352313587226851,0.01514701550711566,0.00323847279528514,0.015272924879154139,-0.03024429720389843,0
2025-05-23 00:00:00-04:00,192.73846975457602,196.74908474491085,192.52948833207407,194.33078002929688,78432900,0.0,0.0,-0.03024429720389843,1.5923102747208588,0.008261507299235232,0.02171347437704229,201.89621276855468,204.6427200317383,205.27179321289063,0.9496100325443185,0.9466998703896611,-0.07568870494425317,-0.06572021377792614,-2.9855804443359375,0.010836403703758265,0.020871037616891394,54987025.0,1.4263892254581876,0,45.48857829610653,-1.0599291301729181,-0.3783596689336703,-0.6815694612392478,0.02171347437704229,0.008261507299235232,0.021916624042332866,0.02529833156690242,1
2025-05-27 00:00:00-04:00,197.34620772495165,199.77447409530296,196.48038197740732,199.2470245361328,56288500,0.0,0.0,0.02529833156690242,1.9008168111811585,0.009631889221962621,0.01653270419251993,200.19045715332032,204.16230163574218,205.01303588867188,0.9759246586650507,0.9718749038199201,-0.041047985227066985,-0.0460048831247849,-10.52911376953125,0.021511139214854123,0.021779045324579756,55864295.0,1.0075934906186501,0,52.344816757537664,-1.295559659916961,-0.5617996671303285,-0.7337599927866325,0.01653270419251993,0.009631889221962621,0.016765501393795245,0.0010488707446776324,1
2025-05-28 00:00:00-04:00,199.6251894151235,201.75489573800118,198.9385057789635,199.4560089111328,45339700,0.0,0.0,0.0010488707446776324,-0.16918050399067397,-0.0008474907624952112,0.014120356535823973,198.90865173339844,203.63915939331054,204.7483203125,0.9794580251920096,0.9741521132222735,-0.03113217875071772,-0.04984233031591656,-12.4498291015625,0.02187298018930909,0.02172719268761564,56289900.0,0.805467765975779,0,55.56900119274846,-1.448735142936755,-0.7391867622916138,-0.7095483806451411,0.014120356535823973,-0.0008474907624952112,0.01415708813137921,-0.002345093148486077,0
2025-05-29 00:00:00-04:00,202.60081106845576,202.8297005493605,197.55518975609246,198.98826599121094,51396800,0.0,0.0,-0.002345093148486077,-3.6125450772448175,-0.017830852000015898,0.026506642323829308,198.4827117919922,203.02852478027344,204.5002899169922,0.9801000436099555,0.9730463759830433,-0.010589306130048382,-0.05782498508445688,-12.320465087890625,0.019716420884865263,0.021636415989610774,56245415.0,0.9137953733651001,0,53.48734844926753,-1.5895474478271012,-0.9092588993987114,-0.6802885484283898,0.026506642323829308,-0.017830852000015898,0.026698922968210068,0.004501148119051557,1
2025-05-30 00:00:00-04:00,198.4110493394953,200.98860329086406,195.83351057352263,199.88394165039062,70819900,0.0,0.0,0.004501148119051557,1.4728923108953325,0.007423438945555446,0.025790429560159506,198.3812042236328,202.42192306518555,204.21948486328125,0.9874619242008801,0.9787701784881441,-0.0025327316464902605,-0.057222264724503535,-10.54901123046875,0.0198807493289903,0.021647220413836914,56918125.0,1.2442416189921928,0,53.321306265852144,-1.610306067760149,-1.049468333070999,-0.56083773468915,0.025790429560159506,0.007423438945555446,0.02632385388100385,0.004231963219623491,1
2025-06-02 00:00:00-04:00,199.31667499872813,201.15778278546435,199.15744093584797,200.72984313964844,35423300,0.0,0.0,0.004231963219623491,1.4131681409203054,0.007090064797284638,0.009965343559924627,199.66101684570313,202.25368118286133,203.9782580566406,0.9924657092306015,0.984074700176672,0.032928716230063326,-0.016486650379733958,-9.514022827148438,0.010844999845609037,0.020085852092097428,53638760.0,0.6604049012318703,0,33.27195425857539,-1.540739556396403,-1.14772257773608,-0.39301697866032304,0.009965343559924627,0.007090064797284638,0.01004402265974446,0.007783866111755966,1
2025-06-03 00:00:00-04:00,200.38153417950807,202.78989241693247,199.99341064507593,202.29229736328125,46381600,0.0,0.0,0.007783866111755966,1.9107631837731844,0.009535625084402552,0.01382396565913017,200.27007141113282,202.48458862304688,203.68539031982422,0.9990503412577063,0.9931605651521911,0.015283906167422812,0.023362431746198897,-5.4835052490234375,0.003841345259277088,0.018792147976246315,52506915.0,0.8833426987664387,0,31.842100257482826,-1.3440373708911864,-1.1869855363671014,-0.157051834524085,0.01382396565913017,0.009535625084402552,0.013982869549734343,-0.0022137023863150196,0
2025-06-04 00:00:00-04:00,201.93404589483336,205.24803106286797,201.12794426741362,201.844482421875,43604000,0.0,0.0,-0.0022137023863150196,-0.08956347295836053,-0.0004435283439277244,0.020412184400676114,200.74776611328124,202.71198959350585,203.33466705322266,0.9957204940202578,0.9926712711956904,0.011974938853841932,0.02305170270025081,-4.0205535888671875,0.004487725925020825,0.018795011807542932,52126290.0,0.8365068758969803,0,32.022695640630715,-1.2103324360247427,-1.1916549162986296,-0.01867751972611309,0.020412184400676114,-0.0004435283439277244,0.020484904822456688,-0.010797712139630211,0
2025-06-05 00:00:00-04:00,202.5212149488215,203.76520275563243,199.18732155240895,199.66502380371094,55126100,0.0,0.0,-0.010797712139630211,-2.8561911451105573,-0.014103170109029499,0.02292780736461866,200.88311767578125,202.94272689819337,202.8803237915039,0.9838491226338616,0.9841517406532865,0.0034009935667758118,0.023659264410851533,-1.45294189453125,0.007378883556297852,0.01877459676639599,51455760.0,1.0713300124223217,0,30.511558236911142,-1.2656448419398885,-1.2064529014268814,-0.059191940513007024,0.02292780736461866,-0.014103170109029499,0.022982794123364823,0.01639823841307697,1
2025-06-06 00:00:00-04:00,202.0236053289331,204.7106157617459,201.07817770068002,202.93917846679688,46607700,0.0,0.0,0.01639823841307697,0.9155731378637881,0.004532010684459669,0.017899146377298485,201.4941650390625,203.27555084228516,202.5355923461914,0.9983452393851867,1.0019926676389581,0.015285053872662102,0.03391271312199717,2.547698974609375,0.010264538809192137,0.019048734536872794,51262200.0,0.909202102133736,0,38.10757635228126,-1.0333713424883229,-1.1718365896391698,0.13846524715084696,0.017899146377298485,0.004532010684459669,0.018064804955976153,-0.012112568123092138,0
2025-06-09 00:00:00-04:00,203.40692547634254,205.0091823144686,199.05794913802782,200.48106384277344,72862600,0.0,0.0,-0.012112568123092138,-2.925861633569099,-0.014384277362814741,0.02968476454767825,201.4444091796875,203.43378601074218,202.09558227539063,0.9854855861168861,0.9920111146694086,-0.001239373742258798,0.016038727663251873,6.1502838134765625,0.012222098224729253,0.019279105034983406,53082635.0,1.3726259067583966,0,38.11992497234175,-1.0357032848060612,-1.1446099286725482,0.10890664386648696,0.02968476454767825,-0.014384277362814741,0.029896988300196766,0.006056066162269724,1
2025-06-10 00:00:00-04:00,199.63515466910712,203.36711781582227,199.60530017876516,201.6951904296875,54672600,0.0,0.0,0.006056066162269724,2.0600357605803765,0.01031900300322787,0.018651003174855105,201.32498779296876,203.02973861694335,201.79812713623048,0.9934268339389741,0.999489902567463,-0.00295170375430287,-0.03852176868754176,2.4481658935546875,0.011962003348650543,0.012688377274651544,52627475.0,1.0388604051400907,0,43.05139892483891,-0.9288740157592201,-1.1014627460898827,0.17258873033066258,0.018651003174855105,0.01031900300322787,0.018846281304594856,-0.019193775052397055,0
2025-06-11 00:00:00-04:00,202.5211970741936,203.51638723180633,197.45568281643992,197.8238983154297,60989900,0.0,0.0,-0.019193775052397055,-4.697298758763907,-0.023194109192644426,0.03063686676370435,200.5208709716797,202.32564163208008,201.3391635131836,0.9777500109213215,0.9825405791083277,-0.019919217301377024,-0.06645375997815584,-1.632110595703125,0.014663402694597693,0.012917780895341055,53081505.0,1.148985885008347,0,44.345754444193005,-1.143411434985154,-1.109852483868937,-0.033558951116217095,0.03063686676370435,-0.023194109192644426,0.030693998414827135,0.00211283244117233,1
2025-06-12 00:00:00-04:00,198.12244911144163,198.71955406677787,196.410720905765,198.2418670654297,43904600,0.0,0.0,0.00211283244117233,0.11941795398806221,0.000602748222241544,0.011646546691627156,200.23623962402343,201.67229843139648,200.8674887084961,0.9829900715534625,0.9869285882949591,-0.0071277217770516765,-0.06183778562742115,-0.74639892578125,0.014283505773323922,0.01297544988101014,52810445.0,0.8313620534725659,0,46.27070572732052,-1.2651237413873844,-1.1409067353726265,-0.12421700601475782,0.011646546691627156,0.000602748222241544,0.011755127980618812,-0.013805210122337819,0
2025-06-13 00:00:00-04:00,198.7693188209708,199.4062398916536,194.758703844025,195.50509643554688,51447300,0.0,0.0,-0.013805210122337819,-3.2642223854239205,-0.01642216416892774,0.023771943199244257,198.74942321777343,200.92590560913087,200.32716400146484,0.9730208548412403,0.975929037931757,-0.03663206921115181,-0.07093877760563572,-4.37884521484375,0.010884475009537722,0.013194110191548014,53131335.0,0.9683042972663871,0,52.30287883793191,-1.5643829064352133,-1.225601969585144,-0.3387809368500694,0.023771943199244257,-0.01642216416892774,0.023863046713181197,0.010028080122866267,1
2025-06-16 00:00:00-04:00,196.3510290449251,197.73434281232372,195.61458283187793,197.46563720703125,43020700,0.0,0.0,0.010028080122866267,1.1146081621061512,0.005676609730683555,0.010734829666709793,198.146337890625,200.28699417114257,200.23751983642578,0.9859134289982878,0.9861570267567293,-0.015040954880940927,-0.06077812877443778,-3.2642059326171875,0.012814711638785933,0.013533253535780292,52545475.0,0.8187327262718627,0,46.048561953417405,-1.6246210749846455,-1.3054057906650443,-0.3192152843196012,0.010734829666709793,0.005676609730683555,0.010836410812314705,-0.014010778675210833,0
2025-06-17 00:00:00-04:00,196.2514839890114,197.43576263348734,194.27106541566712,194.69898986816406,38856200,0.0,0.0,-0.014010778675210833,-1.5524941208473422,-0.007910738249165392,0.01625430732826668,196.74709777832032,199.63315353393554,200.38693145751952,0.9752838465033178,0.9716152069000504,-0.03468699747683057,-0.06293713021309344,-7.5933074951171875,0.01242121008844356,0.013619341866373298,52181260.0,0.7446389757548975,0,40.523361781446035,-1.874003233216655,-1.4191252791753666,-0.4548779540412884,0.01625430732826668,-0.007910738249165392,0.016290110990275136,0.004804780140241993,1
2025-06-18 00:00:00-04:00,194.9975546383106,196.6197193940347,194.13174409281177,195.6344757080078,45394700,0.0,0.0,0.004804780140241993,0.6369210696972232,0.0032663028563543286,0.012717468596569446,196.30921325683593,199.12162551879882,200.6926071166992,0.9824873375671505,0.9747966231474078,-0.011067533427790655,-0.04969547282521802,-6.2100067138671875,0.011083382180631164,0.01365234965549777,52326165.0,0.867533479665479,0,43.441021294881594,-1.9734063017787946,-1.5299814836960524,-0.44342481808274226,0.012717468596569446,0.0032663028563543286,0.012815911755438872,0.022484496456271597,1
2025-06-20 00:00:00-04:00,197.28649906078425,200.72984844555882,195.9131318065836,200.03321838378906,96813500,0.0,0.0,0.022484496456271597,2.746719323004811,0.013922490064353277,0.02407958377060018,196.6674835205078,199.06738815307617,201.2659521484375,1.0048517752690371,0.9938751003262625,0.009036190714286185,-0.005393587344059925,0.368194580078125,0.01579581773104207,0.013832116286606754,54206250.0,1.7860209846650525,1,50.256758579746865,-1.677900386467087,-1.5595652642502593,-0.11833512221682763,0.02407958377060018,0.013922490064353277,0.02458598152435509,0.002487684960162495,1
2025-06-23 00:00:00-04:00,200.6602176062245,201.3269932602472,198.00306142602122,200.5308380126953,55814300,0.0,0.0,0.002487684960162495,-0.12937959352919393,-0.0006447695266786183,0.016575664207893824,197.6726318359375,199.07435607910156,201.32388092041015,1.0073162709767352,0.9960608602214044,0.025706447907383856,0.0006954313669471635,-2.4083404541015625,0.013215734739300421,0.013819682931422684,54659845.0,1.0211207148501793,0,49.65355697795006,-1.3875611332877327,-1.525164438057754,0.13760330477002136,0.016575664207893824,-0.0006447695266786183,0.016787274955684914,-0.0059554151201922645,0
2025-06-24 00:00:00-04:00,201.61557243039425,202.46149014710028,199.23706853700068,199.3365936279297,54064000,0.0,0.0,-0.0059554151201922645,-2.2789788024645645,-0.011303585209180005,0.016175763573637255,198.04682312011718,199.32464675903321,201.52549407958983,1.0000599367368297,0.9891383446960033,0.009474845585092151,0.02575924204018598,-1.14447021484375,0.013668812357659274,0.011951297489796647,53441400.0,1.0116501438959309,0,44.78766681322892,-1.2395420552705332,-1.46803996150031,0.22849790622977673,0.016175763573637255,-0.011303585209180005,0.016183843868897235,0.006290549791969635,1
2025-06-25 00:00:00-04:00,200.48105886821313,202.690382284235,199.65504919597097,200.5905303955078,39525700,0.0,0.0,0.006290549791969635,0.10947152729468712,0.0005460442393545446,0.015131985953071695,199.22513122558593,199.39182205200194,201.59853149414062,1.0060118230084343,0.9949999581288512,0.030259738539645697,0.006742915546682937,-1.1046600341796875,0.010350330763240134,0.010628368751710932,52603260.0,0.7513925942992887,0,47.84981038435434,-1.0094177129115565,-1.3763155117825594,0.36689779887100293,0.015131985953071695,0.0005460442393545446,0.015202886681241408,-0.0027783565386655384,0
2025-06-26 00:00:00-04:00,200.4611428555203,201.66532960796235,198.50063224789568,200.03321838378906,50799100,0.0,0.0,-0.0027783565386655384,-0.42792447173124515,-0.002134700349581794,0.015820859083488802,200.1048797607422,199.42068252563476,201.57355651855468,1.003071576380126,0.9923584315255963,0.022484496456271597,0.002893918693186226,2.209320068359375,0.011101662090325653,0.010650307729817895,52876230.0,0.9607171313083402,0,50.668546243008386,-0.8620754659820875,-1.273467502622465,0.4113920366403776,0.015820859083488802,-0.002134700349581794,0.015943008967923413,0.00039795941485243347,1
2025-06-27 00:00:00-04:00,200.91892502298623,202.2425296541318,199.03801637565215,200.11282348632812,73188600,0.0,0.0,0.00039795941485243347,-0.8061015366581046,-0.0040120737086657325,0.016013532879358864,200.12080078125,199.47691040039064,201.55772766113282,1.0031879032247948,0.9928313134327753,0.00039795941485243347,0.005651375921667867,1.8709564208984375,0.004718714115539076,0.010633478754681814,53965820.0,1.3562028706318185,0,44.19458611023354,-0.7304618972053731,-1.1648663815390468,0.4344044843336736,0.016013532879358864,-0.0040120737086657325,0.016100006103515675,0.020340164552558715,1
2025-06-30 00:00:00-04:00,201.03834688076608,206.39247448465787,198.30157410241034,204.1831512451172,91912800,0.0,0.0,0.020340164552558715,3.1448043643511028,0.01564280851461764,0.03962570042096463,200.85126342773438,199.69187088012694,201.7797424316406,1.0224910525661124,1.0119110510525644,0.01821322480181653,0.021508529195637616,8.678054809570312,0.010364569795009505,0.011513462514734112,55020465.0,1.6705202327897446,1,57.131846566825125,-0.2943229905144733,-0.9907577033341322,0.6964347128196589,0.03962570042096463,0.01564280851461764,0.04080098919471553,0.012916113751478164,1
2025-07-01 00:00:00-04:00,205.67592638082795,209.17899961843958,205.1484768676989,206.82040405273438,78788900,0.0,0.0,0.012916113751478164,1.1444776719064294,0.005564470728515516,0.019488032475330614,202.3480255126953,199.99639892578125,202.00063415527345,1.0341206399895506,1.0238601721109255,0.03754358539292357,0.030342079771609853,9.354766845703125,0.00937720938847457,0.011796967245372178,57188745.0,1.3776994057134844,0,59.36018164915496,0.26111453061184875,-0.740383256544936,1.0014977871567847,0.019488032475330614,0.005564470728515516,0.019646856814540172,0.022230924743374514,1
2025-07-02 00:00:00-04:00,207.90519262679368,212.31387801499196,207.13889190503232,211.418212890625,67941800,0.0,0.0,0.022230924743374514,3.513020263831322,0.01689722233218808,0.02447748488270903,204.51356201171876,200.45269470214845,202.38941497802733,1.0547037704071285,1.0446110183854125,0.053979031182419535,0.045112521071206224,16.719223022460938,0.011386103076583434,0.012612163935598313,58266755.0,1.1660474313354159,0,74.1855024402215,1.0600874868746075,-0.3802891078610273,1.4403765947356348,0.02447748488270903,0.01689722233218808,0.024983169806335675,0.0052249272202584685,1
2025-07-03 00:00:00-04:00,211.12958235725722,213.61755770997246,210.7912213537831,212.52285766601562,34955800,0.0,0.0,0.0052249272202584685,1.3932753087584047,0.006599147751833334,0.013298975871249617,207.01148986816406,200.98661346435546,202.66949279785158,1.0573980724527512,1.0486178986888377,0.0624378259927989,0.052903973970523266,16.888381958007812,0.009425125030517453,0.01258219228651316,57834345.0,0.6044124818911669,0,74.80118907614465,1.7621024918196326,0.048189212075104654,1.713913279744528,0.013298975871249617,0.006599147751833334,0.013408226101815477,-0.0168579637788846,0
2025-07-07 00:00:00-04:00,211.65701970580338,215.18994753990862,207.79569250723537,208.94015502929688,50229000,0.0,0.0,-0.0168579637788846,-2.7168646765065034,-0.012836166172437182,0.03538934405230266,208.7769561767578,201.45037002563475,202.78131072998048,1.0371793062614332,1.0303718536838802,0.044111773494474926,0.046453460144848524,8.906936645507812,0.01582415500867129,0.012989621701312114,57589490.0,0.8721903944626007,0,72.66612160335112,2.006233667216975,0.4397981031034787,1.5664355641134962,0.03538934405230266,-0.012836166172437182,0.03558425558997465,0.0002859834097488356,1
2025-07-08 00:00:00-04:00,209.08948711474488,210.41307684433062,207.44741401627587,208.99990844726562,42848900,0.0,0.0,0.0002859834097488356,-0.08957866747925891,-0.00042842262762880854,0.014189780512765324,209.7403076171875,201.7534065246582,202.8193844604492,1.0359176186783332,1.0304730438032743,0.02359037546817966,0.029864760596044038,8.469070434570312,0.014657120646897219,0.012565401016811896,57401550.0,0.7464763582168077,0,70.79289788481344,2.179408123822469,0.7877201072472769,1.3916880165751921,0.014189780512765324,-0.00042842262762880854,0.014295973956185672,0.005380660228379686,1
2025-07-09 00:00:00-04:00,208.52220905408606,210.31355451699514,206.22332203726856,210.1244659423828,48749400,0.0,0.0,0.005380660228379686,1.6022568882967505,0.007683866843560824,0.019465760264433665,210.4011199951172,202.23557662963867,202.86186126708984,1.0390084150584016,1.035800739626119,0.015975512207228704,0.048101311489309406,10.787872314453125,0.013980621535657848,0.01216703459505275,56195890.0,0.8674904872936438,0,79.55752191689822,2.379957847282583,1.1061676552543382,1.2737901920282446,0.019465760264433665,0.007683866843560824,0.019833995686420938,0.006014792112857936,1
2025-07-10 00:00:00-04:00,209.49745072772552,212.453166373689,209.01976375844308,211.38832092285156,44443600,0.0,0.0,0.006014792112857936,1.8908701951260412,0.009025743218152667,0.016242158508364177,210.3951416015625,202.72023315429686,202.9125198364258,1.042758868385659,1.0417707152484155,-0.00014138785568540424,0.048058312508662215,10.79779052734375,0.009704397893424766,0.012166389244846863,55684440.0,0.79813319483863,0,79.81157485262321,2.61078201256899,1.4070905267172686,1.2036914858517211,0.016242158508364177,0.009025743218152667,0.016426210390390522,-0.00588470315720635,0
2025-07-11 00:00:00-04:00,209.55720483784353,211.10969909895366,208.8506131239295,210.1443634033203,39765800,0.0,0.0,-0.00588470315720635,0.5871585654767841,0.0028019011130212897,0.010750162119211376,209.91944274902343,203.3362564086914,202.91703002929688,1.033482012086153,1.035617184880835,-0.011191710335615612,0.06227996310256545,10.11114501953125,0.009481053766820484,0.011251567922298386,54623235.0,0.728001554649775,0,71.72797049441786,2.6626415762630415,1.6582007366264233,1.0044408396366182,0.010750162119211376,0.0028019011130212897,0.010816755293333272,-0.01202880826278152,0
2025-07-14 00:00:00-04:00,208.92027389637033,209.89557123752414,206.54176989733165,207.6165771484375,38840100,0.0,0.0,-0.01202880826278152,-1.3036967479328325,-0.006240163884618966,0.016153822523500408,209.65472717285155,203.80499191284179,202.84534240722655,1.0187021191179937,1.0235215395364234,-0.006334722402564497,0.04728925439303744,7.503753662109375,0.007693588584125958,0.011749246921264764,54370010.0,0.7143662471277824,0,64.0046854087036,2.471282028041088,1.8208169949093564,0.6504650331317317,0.016153822523500408,-0.006240163884618966,0.016237884190977964,0.0023488280480599144,1
2025-07-15 00:00:00-04:00,208.2137043224775,210.8708604550018,207.915144211828,208.10423278808594,42296300,0.0,0.0,0.0023488280480599144,-0.10947153439155954,-0.000525765269619391,0.014203056821932297,209.47559204101563,204.43494873046876,202.76710754394531,1.017948418704352,1.0263214547407986,-0.004285531347042126,0.06444403026952639,3.92108154296875,0.00785002681280854,0.011116366961910781,53912460.0,0.7845366358723012,0,67.82681374976266,2.332095002505355,1.9230725964285562,0.40902240607679863,0.014203056821932297,-0.000525765269619391,0.014215973802093365,0.005021293313347552,1
2025-07-16 00:00:00-04:00,209.28851120731298,211.37840160704656,207.63649175890595,209.14918518066406,47490500,0.0,0.0,0.005021293313347552,-0.13932602664891647,-0.0006657127323673567,0.017891104117419003,209.28053588867186,205.01912612915038,202.86819763183593,1.0201447500508416,1.0309609274501805,-0.004641443143447055,0.05916749941349697,2.3287811279296875,0.007780238163117306,0.011010042017442767,54135950.0,0.8772451577925574,0,67.55105106044772,2.279826783017711,1.9944234337463873,0.2854033492713237,0.017891104117419003,-0.0006657127323673567,0.018021446116925688,-0.0006662386066595971,0
2025-07-17 00:00:00-04:00,209.5571995447156,210.78127919114968,208.58190225319882,209.0098419189453,48068100,0.0,0.0,-0.0006662386066595971,-0.5473576257702746,-0.002611972420701674,0.010522839105365119,208.80484008789062,205.73466873168945,203.09491149902342,1.015919403411426,1.0291239715277176,-0.01125170488853211,0.073502446317115,-2.4083709716796875,0.006807441849323795,0.010311178455129967,54596545.0,0.8804238436699612,0,68.7292345582795,2.201779265014011,2.0358945999999123,0.1658846650140986,0.010522839105365119,-0.002611972420701674,0.010544428419686298,0.0055232025244587035,1
2025-07-18 00:00:00-04:00,209.85573909301036,210.77131219576944,208.69136845628208,210.16424560546875,48974600,0.0,0.0,0.0055232025244587035,0.30850651245839344,0.001470088517911154,0.009896753529579626,208.8088165283203,206.4611572265625,203.3522671508789,1.0179360051481385,1.0334984141068644,9.461211248518175e-05,0.07426998664155282,-2.358612060546875,0.007182694223147014,0.01031683571549686,54775540.0,0.8940961604394955,0,70.07153147311689,2.20762860607266,2.070241401214462,0.13738720485819833,0.009896753529579626,0.001470088517911154,0.009966601660974211,0.006155885100793457,1
2025-07-21 00:00:00-04:00,211.07983063398711,214.74212298846783,210.61209006251647,211.45799255371094,51377400,0.0,0.0,0.006155885100793457,0.37816191972382285,0.0017915587604367394,0.01953122166759582,209.577099609375,207.0323959350586,203.6804214477539,1.021376348366468,1.0381851679738008,0.018502450324701103,0.057114384611869795,2.5178375244140625,0.0028279065190076683,0.009347527972392626,52503735.0,0.9785475261902796,0,66.33883714076177,2.290258147148478,2.1142447504012654,0.1760133967472126,0.01953122166759582,0.0017915587604367394,0.01960966687489511,0.009036224345439381,1
2025-07-22 00:00:00-04:00,212.11484021935428,213.91613206526756,211.20921348603295,213.3687744140625,46404100,0.0,0.0,0.009036224345439381,1.253934194708222,0.005911581638566596,0.012686573218917105,210.6300079345703,207.67429275512694,204.02214294433594,1.027420253048123,1.0458118483358771,0.025297619156730455,0.06401976139228238,4.368865966796875,0.0035357687026120015,0.009449324824748489,52033225.0,0.8918167190290435,0,65.20334707874562,2.4813236266274146,2.1876605256464954,0.2936631009809192,0.012686573218917105,0.005911581638566596,0.01281629022975182,-0.001166102280600323,0
2025-07-23 00:00:00-04:00,213.96588230147148,214.11515474984876,211.38834345684663,213.11996459960938,46989300,0.0,0.0,-0.001166102280600323,-0.8459177018621062,-0.003953516760537709,0.01279472478387943,211.42416381835938,208.36346130371095,204.33821502685547,1.0228279145783883,1.0429765404948836,0.01898539272584454,0.06914621505676455,2.9954986572265625,0.004487326234623015,0.009265329364456796,51679490.0,0.9092446539236358,0,54.95070865191005,2.582893534164498,2.266707127350096,0.3161864068144018,0.01279472478387943,-0.003953516760537709,0.012899534801259216,-0.0018211459415494735,0
2025-07-24 00:00:00-04:00,212.87116805528336,214.65256693634578,212.50295255730364,212.73184204101562,46022600,0.0,0.0,-0.0018211459415494735,-0.13932601426773772,-0.0006545086191830087,0.010104807810706962,212.16856384277344,208.97052688598632,204.3973291015625,1.0179992614799764,1.0407760364388705,0.017807774446878533,0.06052784057935634,1.3435211181640625,0.004792534719129149,0.009309082192040269,52004335.0,0.8849762236167428,0,50.63442300672777,2.602075069194143,2.3337807157189054,0.26829435347523756,0.010104807810706962,-0.0006545086191830087,0.010115691820622908,0.0005613418379561974,1
2025-07-25 00:00:00-04:00,213.6673052863376,214.20471642869953,212.37355515647585,212.85125732421875,40268800,0.0,0.0,0.0005613418379561974,-0.8160479621188585,-0.003819245817815996,0.008603008952089134,212.70596618652343,209.6114288330078,204.41623748779296,1.0154563542133574,1.0412639423369168,0.0127852942397928,0.06407955160645695,2.7068939208984375,0.004794386180714752,0.009229900433732693,51477820.0,0.7822553480314435,0,65.03444246840819,2.596976065735646,2.3864197857222536,0.21055628001339244,0.008603008952089134,-0.003819245817815996,0.008622360118586754,0.0007950151332456468,1
2025-07-28 00:00:00-04:00,213.000569237894,213.8166325366559,212.03523347491873,213.02047729492188,37858000,0.0,0.0,0.0007950151332456468,0.01990805702786247,9.346480668616312e-05,0.00836257191965104,213.01846313476562,210.2568115234375,204.45047241210938,1.013144238949787,1.041917266229339,0.0073891023098313635,0.06450188240672938,5.403900146484375,0.004367753414611543,0.009224093144352555,49711290.0,0.7615573846504486,0,65.32625260292458,2.5768849801677334,2.4245128246113494,0.15237215555638395,0.00836257191965104,9.346480668616312e-05,0.0084014294819917,-0.012987634405906334,0
2025-07-29 00:00:00-04:00,213.14983725799084,213.77681196541135,209.80601264614248,210.25384521484375,51411700,0.0,0.0,-0.012987634405906334,-2.895992043147089,-0.013586649093434953,0.01888573935573637,212.39547729492188,210.56034622192382,204.44689025878907,0.9985443555133737,1.0284032442298547,-0.014598805320847563,0.02973161072648356,2.1496124267578125,0.005735022009021124,0.008965859585218774,47686235.0,1.0781245363572947,0,50.43831580035669,2.3110778955693263,2.401825838802945,-0.09074794323361868,0.01888573935573637,-0.013586649093434953,0.018926051113539837,-0.010508015126571957,0
2025-07-30 00:00:00-04:00,210.88077731884883,211.36842593737322,206.72088996610802,208.04449462890625,45512500,0.0,0.0,-0.010508015126571957,-2.8362826899425784,-0.01344969762537511,0.02233914422756111,211.38038330078126,210.6215507507324,204.40290283203126,0.9877645183380305,1.0178157538196386,-0.02381508452405412,0.0059186161141999705,-1.1046905517578125,0.0064911523047482015,0.008926512490809314,46022415.0,0.9889202902542163,0,39.3537047131285,1.9002429204892906,2.301509255140214,-0.40126633465092354,0.02233914422756111,-0.01344969762537511,0.02248217861304276,-0.007079590717716688,0
2025-07-31 00:00:00-04:00,207.48719786288635,208.83069544134486,206.16359315375274,206.57162475585938,80698400,0.0,0.0,-0.007079590717716688,-0.9155731070269724,-0.004412672764668643,0.012911271287836755,210.14833984375,210.37922134399415,204.37881927490236,0.9819012706492106,1.0107291229528417,-0.02895766438184899,-0.022924175114813594,-2.4382171630859375,0.0063130056193338975,0.007421297453891911,46660245.0,1.7294894186689334,1,38.7883059708425,1.4392145835255405,2.1290503208172797,-0.6898357372917392,0.012911271287836755,-0.004412672764668643,0.012936824813695612,-0.02500354930071025,0
2025-08-01 00:00:00-04:00,209.8557561748323,212.5527283441607,200.530828701964,201.40660095214844,104434500,0.0,0.0,-0.02500354930071025,-8.449155222683856,-0.04026172727730568,0.05968970026485351,207.85940856933593,209.8234085083008,204.28965057373046,0.9598862318747463,0.9858874416129979,-0.05376832871904347,-0.05230616996189952,-8.757644653320312,0.009417732913210273,0.008974095299588754,50134180.0,2.083099793394447,1,33.27984223824491,0.6495840493288654,1.8331570665195969,-1.1835730171907315,0.05968970026485351,-0.04026172727730568,0.059950381295556666,0.004792951306890725,1
2025-08-04 00:00:00-04:00,203.52634207300898,206.88014336875773,200.70995198839026,202.37193298339844,75109300,0.0,0.0,0.004792951306890725,-1.1544090896105388,-0.005672037721762961,0.030489363269923606,205.72969970703124,209.49499740600587,204.3147299194336,0.965998880589961,0.9904911557928239,-0.04998836002409657,-0.03143590108362593,-9.0860595703125,0.01074159230195823,0.008460396446214205,51378195.0,1.461890593859905,0,34.95301723102065,0.10053152446732838,1.4866319581091432,-1.3861004336418148,0.030489363269923606,-0.005672037721762961,0.030741830782383798,-0.0021145854217488047,0
2025-08-05 00:00:00-04:00,202.42168730403617,204.35235878558626,201.18766113385618,201.94400024414062,44155100,0.0,0.0,-0.0021145854217488047,-0.47768705989554405,-0.002359861071497052,0.015671164520382443,204.06773071289064,209.1422019958496,204.34578033447266,0.9655822608588016,0.9882464904026851,-0.03952291556053056,-0.03376034111950499,-11.424774169921875,0.011119286945432181,0.0084498287682146,51443505.0,0.8583221535935391,0,30.453608059654286,-0.3649205756295828,1.1163214513613982,-1.481242026990981,0.015671164520382443,-0.002359861071497052,0.015730078245824987,0.050906706525817746,1
2025-08-06 00:00:00-04:00,204.6409599471833,214.3440641251077,204.60114383647723,212.22430419921875,108483100,0.0,0.0,0.050906706525817746,7.5833442520354595,0.03705682505590611,0.045908598100454216,204.90369262695313,209.2471939086914,204.7036508178711,1.014227719067174,1.0367392244901334,0.020090940535427926,0.00999330681183852,-0.895660400390625,0.02829208407877831,0.014452476837649764,54430190.0,1.993068552580838,1,55.62520727736476,0.09464884180076183,0.911986929449271,-0.8173380876485091,0.045908598100454216,0.03705682505590611,0.04761909003019689,0.03179367590592452,1
2025-08-07 00:00:00-04:00,217.82723230897543,219.78775818606874,215.53829184895108,218.97169494628906,90224800,0.0,0.0,0.03179367590592452,1.1444626373136373,0.005253992465415356,0.019406464101033728,207.38370666503906,209.6263626098633,205.09814422607423,1.0445809020395895,1.0676434727021342,0.060027945295414886,0.03587413907415038,6.2398529052734375,0.029689724641015602,0.016025266221141553,56719250.0,1.5907262525509418,1,62.889604574832084,0.9918851248324358,0.927966568525904,0.06391855630653187,0.019406464101033728,0.005253992465415356,0.019715598099365503,0.04235788102306204,1
2025-08-08 00:00:00-04:00,219.76784743364436,229.88892965735022,218.19544514014734,228.2468719482422,113854000,0.0,0.0,0.04235788102306204,8.479024514597825,0.038581733468349776,0.05123174051583287,212.75176086425782,210.53148803710937,205.6739614868164,1.0841460062639665,1.1097509392936582,0.13326410787534537,0.08614320294748312,15.395614624023438,0.023241316875289717,0.018268198230249173,60423660.0,1.8842618934371071,1,69.91735285854551,2.4234446501573927,1.2270621848522019,1.1963824653051909,0.05123174051583287,0.038581733468349776,0.05359179019384263,-0.008337396271402842,0
2025-08-11 00:00:00-04:00,227.08116933177635,228.71513292468896,223.9327956372812,226.34388732910156,61806100,0.26,0.0,-0.008337396271402842,-0.7372820026747888,-0.0032467773741185245,0.021128634591550906,217.54615173339843,211.46785354614258,206.22107391357423,1.0703465492910629,1.0975788411613094,0.11845493588120082,0.09020142051217217,13.323410034179688,0.02666263474380665,0.018112567982051245,61571960.0,1.0038027049975347,0,65.39576976042451,3.3656142271596536,1.6547725933136923,1.7108416338459613,0.021128634591550906,-0.0032467773741185245,0.021356127287197473,0.010872425190982637,1
2025-08-12 00:00:00-04:00,227.17083074525974,229.95057099439725,226.23430307406312,228.80479431152344,55626200,0.0,0.0,0.010872425190982637,1.6339635662637022,0.0071926644847109065,0.016242089382420638,222.918310546875,212.50288162231445,206.79949096679687,1.0767138429594696,1.1064088854467233,0.13301110226057422,0.09947208303310684,18.550949096679688,0.024125882553874965,0.018159988442091806,62238455.0,0.8937593325541259,0,67.68274578411285,4.261738364694679,2.1761657475898897,2.0855726171047895,0.016242089382420638,0.0071926644847109065,0.016426633228637855,0.016024393810956772,1
2025-08-13 00:00:00-04:00,230.2195756343437,234.1351043372746,229.58191650034667,232.47125244140625,69878500,0.0,0.0,0.016024393810956772,2.2516768070625517,0.009780561886878272,0.01958602532188605,226.9677001953125,213.66898498535156,207.43431915283202,1.0879971768356729,1.1206981245476921,0.09540353221363995,0.11150924274745067,24.4267578125,0.019560583871766707,0.01832952294883397,63357855.0,1.1029177045214047,0,70.72205096792672,5.207744096888632,2.782481417449638,2.425262679438994,0.01958602532188605,0.009780561886878272,0.01983251950473665,-0.0023571672929779686,0
2025-08-14 00:00:00-04:00,233.1985666998313,234.25466305951576,230.0003892485326,231.92327880859375,51916300,0.0,0.0,-0.0023571672929779686,-1.2752878912375536,-0.0054686780853120745,0.018343453200720814,229.55801696777343,214.81465682983398,208.0269387817383,1.0796436436472414,1.1148713727500816,0.059147296939367155,0.1096285068649272,25.351654052734375,0.019738233261124206,0.018363121289381393,63550265.0,0.8169328640879783,0,69.8428956977298,5.845856171666497,3.3951563682930104,2.450699803373487,0.018343453200720814,-0.0054686780853120745,0.01849681135272386,-0.005112201042625331,0
2025-08-15 00:00:00-04:00,233.13877413921495,233.41774239633352,228.49592139875156,230.73764038085938,56038700,0.0,0.0,-0.005112201042625331,-2.40113375835557,-0.010299160949185454,0.02133081100013817,230.05617065429686,215.84332656860352,208.60480194091798,1.0690052087736048,1.1060993717978265,0.010912607087916637,0.09789198308266034,29.331039428710938,0.010625393863044879,0.0185119094923701,63903470.0,0.8769273405653871,0,68.05148576915232,6.184601242608608,3.95304534315613,2.2315558994524776,0.02133081100013817,-0.010299160949185454,0.02154008249885922,-0.0030225593524292327,0
2025-08-18 00:00:00-04:00,230.8472385776313,232.26201052585682,229.26309412883964,230.04022216796875,37476200,0.0,0.0,-0.0030225593524292327,-0.8070164096625376,-0.003495889379639026,0.013036487135834274,230.79543762207032,216.7724380493164,209.21230590820312,1.06120604740181,1.0995539730292174,0.016330614811314703,0.08787669546015331,27.668289184570312,0.009513062557927636,0.018591182864338175,63208410.0,0.5928989512629728,0,71.04720526251549,6.32388551490979,4.427213377506862,1.8966721374029278,0.013036487135834274,-0.003495889379639026,0.013080676627926313,-0.0014292332220476878,0
2025-08-19 00:00:00-04:00,230.4287923573085,232.01293684851592,228.50590285589897,229.71144104003906,39402600,0.0,0.0,-0.0014292332220476878,-0.717351317269447,-0.003113114945102453,0.015267128083557981,230.97676696777344,217.58957138061524,209.74775115966796,1.0557097915240607,1.0951795181116102,0.003962533788873346,0.0765935253218546,27.767440795898438,0.008606440941964952,0.018600554740406144,62858335.0,0.6268476567188743,0,74.00812712041792,6.3347167435170775,4.808714050708906,1.5260026928081718,0.015267128083557981,-0.003113114945102453,0.015347673512086773,-0.01973447043844878,0
2025-08-20 00:00:00-04:00,229.13359777829044,229.62179989876017,224.9391004018284,225.17820739746094,42263900,0.0,0.0,-0.01973447043844878,-3.955390380829499,-0.0172623762694842,0.020795527023031876,229.51815795898438,218.1924835205078,210.24169403076172,1.0320163360544752,1.0710444873247347,-0.031371814653872065,0.05657960210581625,12.953903198242188,0.007614179766404172,0.019314251097941722,62622065.0,0.6749042849353498,0,69.30762110479276,5.909386768875322,5.028848594342189,0.8805381745331333,0.020795527023031876,-0.0172623762694842,0.02081763236612336,-0.004911339007685589,0
2025-08-21 00:00:00-04:00,225.43724912794482,225.68632903786573,222.9564077521854,224.07228088378906,30621200,0.0,0.0,-0.004911339007685589,-1.3649682441557616,-0.00605475913779043,0.012183217285569306,227.94795837402344,218.75950546264647,210.68923583984375,1.0242859180445978,1.0635203074831905,-0.03385170287836481,0.053308610191919126,5.1005859375,0.007362432026027667,0.019366547912923703,61851995.0,0.4950721476324248,0,75.6832235634064,5.4205855367249,5.107195982818731,0.31338955390616885,0.012183217285569306,-0.00605475913779043,0.012244192993612495,0.012716821971234138,1
2025-08-22 00:00:00-04:00,225.3376235225593,228.24687520672327,224.58042602754637,226.92176818847656,42477800,0.0,0.0,0.012716821971234138,1.5841446659172504,0.007030093959248028,0.016157326855181346,227.18478393554688,219.46303100585936,211.2711932373047,1.033986303517416,1.0740781301575402,-0.016537710041951814,0.06610489898504746,-1.325103759765625,0.01154123820284491,0.019483790911869216,61962445.0,0.6855410563608327,0,76.6790281253586,5.203158082431429,5.126388402741271,0.07676967969015802,0.016157326855181346,0.007030093959248028,0.01632577355039478,-0.0026343597790277062,0
2025-08-25 00:00:00-04:00,225.6464693442017,228.45609804536198,225.3973894325087,226.323974609375,30983100,0.0,0.0,-0.0026343597790277062,0.6775052651732949,0.0030025077154645246,0.013514735317513196,226.44153442382813,220.12820587158203,211.83283538818358,1.0281461828722096,1.06840837113206,-0.016154772950446317,0.062451729915311116,-0.0199127197265625,0.011544675919820484,0.019522817568279793,61618700.0,0.502819760884277,0,76.39698151411999,4.925826451447733,5.086276012482564,-0.16044956103483088,0.013514735317513196,0.0030025077154645246,0.013570292985887297,0.009464638417816973,1
2025-08-26 00:00:00-04:00,226.03502689374838,228.6453946309622,223.86305742355088,228.46604919433594,54575100,0.0,0.0,0.009464638417816973,2.431022300587557,0.01075506895544247,0.020932375835603433,226.1924560546875,221.03881607055663,212.49205444335936,1.0336014879911792,1.0751745508453094,-0.005421549053301389,0.08662007565608332,-0.3387451171875,0.012909376445521759,0.01918489823156182,61776870.0,0.8834228733181205,0,71.34754686087962,4.823286804873931,5.033678170960838,-0.210391366086907,0.020932375835603433,0.01075506895544247,0.02136277982821917,0.005145948129371858,1
2025-08-27 00:00:00-04:00,227.7686378094015,230.05020313892598,227.41991984776428,229.6417236328125,31259500,0.0,0.0,0.005145948129371858,1.873085823411003,0.00822363360217492,0.011453856248559673,227.0851593017578,222.11867752075196,213.135576171875,1.033869489031861,1.0774443561108107,0.019822150140279993,0.10381062494554216,-2.82952880859375,0.0075923582945305644,0.018864139931697724,61064220.0,0.5119118855526198,0,66.4308341984179,4.78176923863478,4.983296384495627,-0.20152714586084652,0.011453856248559673,0.00822363360217492,0.011565755950149066,0.008980783797791325,1
2025-08-28 00:00:00-04:00,229.9704999102399,232.55096405412047,228.4959359400532,231.70408630371094,38074700,0.0,0.0,0.008980783797791325,1.733586393471029,0.007538299017255115,0.017500891670732432,228.61152038574218,223.37530059814452,213.87567810058593,1.0372860637826293,1.0833587454237799,0.03405956948275968,0.12166463606777955,-0.2191925048828125,0.00588614162881321,0.018658336040086834,58933035.0,0.6460671845595598,0,56.84414919068355,4.859267093662822,4.958490526329066,-0.09922343266624356,0.017500891670732432,0.007538299017255115,0.017746609353836106,-0.0018059976322623017,0
2025-08-29 00:00:00-04:00,231.65426265633033,232.52107103838586,230.51845893056873,231.28562927246094,39418400,0.0,0.0,-0.0018059976322623017,-0.36863338386939404,-0.001591308442341415,0.00865861019604463,229.48429260253906,224.86925201416017,214.588701171875,1.0285338133196473,1.0778089806658204,0.019230685177632934,0.1483517828068175,0.5479888916015625,0.005778491580176635,0.017306915050835366,55682230.0,0.7079170500175729,0,60.39395763877032,4.831227335494901,4.933037888162233,-0.10181055266733186,0.00865861019604463,-0.001591308442341415,0.008687426235225301,-0.01042465018223615,0
2025-09-02 00:00:00-04:00,228.4062860305561,230.00040359535532,226.13467838242784,228.8745574951172,44075600,0.0,0.0,-0.01042465018223615,0.4682714645610986,0.0020501689016494645,0.016890148277009593,229.9944091796875,226.1943832397461,215.16552795410155,1.0118489867740454,1.0637138749471988,0.011269609815506287,0.1309599810656199,-1.1656646728515625,0.00840887025318623,0.017741796602963298,54130545.0,0.8142463742051738,0,50.14704104027356,4.561865932065331,4.858803496942853,-0.2969375648775223,0.016890148277009593,0.0020501689016494645,0.01709479165504179,0.038089811255997974,1
2025-09-03 00:00:00-04:00,236.33698891571112,237.9709525201245,233.49747185558658,237.59234619140625,66427800,0.0,0.0,0.038089811255997974,1.2553572756951326,0.005311725775362451,0.018828387093471687,231.81966857910157,227.97680053710937,215.9067581176758,1.0421777375226025,1.1004395983839985,0.03994596584154775,0.17652589779428207,7.8809051513671875,0.01837205469234051,0.018971027425473054,55244180.0,1.2024397864173204,0,58.89891987747864,4.994276854642806,4.885898168482844,0.10837868615996182,0.018828387093471687,0.005311725775362451,0.019158582870244897,0.005493341019489506,1
2025-09-04 00:00:00-04:00,237.57241502764154,239.01707546456905,235.86871695735925,238.89752197265625,47549400,0.0,0.0,0.005493341019489506,1.32510694501471,0.005577696993401081,0.013178698888179123,233.67082824707032,229.31046142578126,216.6979766845703,1.0418082127054547,1.1024446357448,0.04030538611808798,0.12568408634478967,13.719314575195312,0.018359228777464882,0.016108474048211183,52197495.0,0.9109517611908388,0,61.8083888275731,5.380262091580818,4.984770953102439,0.3954911384783788,0.013178698888179123,0.005577696993401081,0.013347927388687826,-0.00037537393682374187,0
2025-09-05 00:00:00-04:00,239.1167027112504,240.43185187342493,237.61226559630578,238.80784606933594,54870400,0.0,0.0,-0.00037537393682374187,-0.30885664191447404,-0.001291656494140601,0.011806924787138328,235.09158020019532,230.3022689819336,217.4623229980469,1.03693223312563,1.0981573395198245,0.03065875910498006,0.09058774070279907,14.735565185546875,0.018716101747118,0.014969319443855718,50429775.0,1.0880556179360308,0,64.19065945948267,5.614205016078444,5.11065776569764,0.5035472503808034,0.011806924787138328,-0.001291656494140601,0.011866333036483594,-0.0075513828270526995,0
2025-09-08 00:00:00-04:00,238.41928864081726,239.2661511981365,235.47017586985078,237.0045166015625,48999500,0.0,0.0,-0.0075513828270526995,-1.414772039254757,-0.00593396636371202,0.016016468304978687,236.23535766601563,230.74015121459962,218.20174896240235,1.0271490044276548,1.0861714799655433,0.024726513908758907,0.03836917710445653,10.082748413085938,0.019490510140936612,0.012225976343235403,47187050.0,1.038409902716953,0,61.7875730634694,5.589658745636484,5.206457961685409,0.38320078395107515,0.016016468304978687,-0.00593396636371202,0.01612083277325038,-0.014839372436636689,0
2025-09-09 00:00:00-04:00,236.12775932745953,237.90120710535396,232.5011563745861,233.48751831054688,66313900,0.0,0.0,-0.014839372436636689,-2.640241016912654,-0.011181408845925628,0.02312779188301453,237.15794982910157,231.0973327636719,218.8692428588867,1.010342765614345,1.0667899941568544,0.020154974261514802,0.03156096268267472,7.163543701171875,0.020443287954971377,0.01259493217384844,47412440.0,1.398660351587052,0,55.76869372487973,5.2261692541763125,5.21040022018359,0.015769033992722115,0.02312779188301453,-0.011181408845925628,0.023225909130825013,-0.032259523333079354,0
2025-09-10 00:00:00-04:00,231.33545739080094,231.56460664903227,225.118417424808,225.955322265625,83440800,0.0,0.0,-0.032259523333079354,-5.38013512517594,-0.02325685472455327,0.028528600962301566,234.8305450439453,230.95485916137696,219.30468627929687,0.9783527529409607,1.0303260094399358,-0.04897895118391726,-0.012453725257254966,-2.5107269287109375,0.014641848644845266,0.014480531837198225,48803170.0,1.709741395897029,1,51.087542830981036,4.280967611936802,5.024513698534233,-0.7435460865974308,0.028528600962301566,-0.02325685472455327,0.028634659473729496,0.014286401163462914,1
2025-09-11 00:00:00-04:00,226.04500979013486,229.60186307827533,225.81584532196928,229.18341064453125,50208600,0.0,0.0,0.014286401163462914,3.1384008543963944,0.013883964336616652,0.016519597756480955,232.88772277832032,230.79046707153321,219.75194641113282,0.9930367296041571,1.042918683485757,-0.04066225236625465,-0.01414300375786759,-0.45831298828125,0.0172497249684417,0.014380848193735515,47819675.0,1.0499569476371389,0,56.75179163967331,3.7491503827224335,4.769441035371873,-1.0202906526494395,0.016519597756480955,0.013883964336616652,0.016765952588083135,0.017562925755691072,1
2025-09-12 00:00:00-04:00,228.37638560886936,233.6469097348115,228.17712472443904,233.2085418701172,55824200,0.0,0.0,0.017562925755691072,4.832156261247832,0.021158738668908016,0.02345447969662613,231.76786193847656,230.85473022460937,220.18775299072266,1.010196072842942,1.0591349369006147,-0.023446902149073634,0.0055417596203619635,1.50445556640625,0.020775515290924376,0.014932987791771454,48015070.0,1.1626391464179893,0,58.05463411735082,3.610852191131471,4.537723266523793,-0.9268710753923219,0.02345447969662613,0.021158738668908016,0.023971662439773934,0.011235933001189746,1
2025-09-15 00:00:00-04:00,236.12775635652346,237.31337916896246,234.16500543557729,235.828857421875,42699500,0.0,0.0,0.011235933001189746,-0.29889893464846296,-0.0012658356614254312,0.013350248005285607,231.53273010253906,231.10929107666016,220.65387298583985,1.0204213613534445,1.0687727989121178,-0.0049604927220182615,0.02206496102071598,4.5432281494140625,0.021774215113035417,0.015063281541185485,47348110.0,0.9018205795331641,0,61.57767019163286,3.670377615624858,4.364254136344006,-0.6938765207191482,0.013350248005285607,-0.0012658356614254312,0.013445107767186592,0.006125802961835625,1
2025-09-16 00:00:00-04:00,236.30706734003456,240.33220689969463,235.45024710789585,237.27349853515625,63421100,0.0,0.0,0.006125802961835625,0.966431195121686,0.004089726160119611,0.020575242586880933,232.28992614746093,231.47095489501953,221.22053985595704,1.0250681284948617,1.0725654077584827,0.016214914835721128,0.03144352887081614,8.398941040039062,0.02036869644023835,0.015067228520518946,48645355.0,1.303744211549078,0,60.91357063904339,3.7904287052118946,4.249489050117584,-0.4590603449056898,0.020575242586880933,0.004089726160119611,0.02073457068644147,0.0035273411706115976,1
2025-09-17 00:00:00-04:00,238.09051246512186,239.21635855568803,236.85507060288438,238.11044311523438,46508000,0.0,0.0,0.0035273411706115976,0.019930650112513604,8.371039192682348e-05,0.00991677610570359,234.7209503173828,231.8909049987793,221.8027505493164,1.0268209661628938,1.0735234009746513,0.05379435513061415,0.03656327276154858,0.518096923828125,0.005755509424989387,0.015054554692779583,49000625.0,0.9491307508832796,0,60.58267784998921,3.9080548677696925,4.181202213648006,-0.27314734587831335,0.00991677610570359,8.371039192682348e-05,0.009969336720524044,-0.0046445947485665995,0
2025-09-18 00:00:00-04:00,239.08682096339746,240.31228984200703,235.77903252032195,237.0045166015625,44249600,0.0,0.0,-0.0046445947485665995,-2.0823043618349573,-0.008709406706084163,0.019127303507494416,236.28517150878906,232.4822204589844,222.3403515625,1.0194522236309076,1.0659536828830658,0.034125968956636,0.0525197768504615,-1.89300537109375,0.008331480068203183,0.014270706392457911,49099910.0,0.9012155012096763,0,56.785725029761004,3.867453821756868,4.118452535269778,-0.25099871351291014,0.019127303507494416,-0.008709406706084163,0.01922671949760571,0.03203293157342535,1
2025-09-19 00:00:00-04:00,240.34217704154452,245.3935247988757,239.32594197772087,244.59646606445312,163741300,0.0,0.0,0.03203293157342535,4.254289022908608,0.017700967326151958,0.02480650239466648,238.56275634765626,233.50842971801757,223.00451446533202,1.047484522763591,1.0968229349566723,0.04883150549724857,0.09159627018438998,5.7886199951171875,0.013763656980709327,0.015571009448686607,55755915.0,2.9367520916839047,1,64.39655818322667,4.397195935775045,4.174201215370831,0.22299472040421353,0.02480650239466648,0.017700967326151958,0.025352800331690132,0.043095660015793014,1
2025-09-22 00:00:00-04:00,247.38616206443075,255.69547916115815,247.2068166293636,255.13751220703125,105517400,0.0,0.0,0.043095660015793014,7.751350142600501,0.03133299808653684,0.03327093087317722,242.4244873046875,234.91921691894532,223.90437744140624,1.0860648845729035,1.139493185093259,0.08187570849573733,0.12434128397553845,18.13299560546875,0.02043582762427077,0.01774415898718589,58907895.0,1.7912267956612606,1,74.15685960782993,5.603006732367902,4.459962318770246,1.1430444135976563,0.03327093087317722,0.03133299808653684,0.03433830283297394,-0.0064432141923312924,0
2025-09-23 00:00:00-04:00,254.93828225227924,256.3929004583055,252.64674396870498,253.4936065673828,60275200,0.0,0.0,-0.0064432141923312924,-1.4446756848964242,-0.00566676637236779,0.014778110344983183,245.66850891113282,236.2776985168457,224.82191802978517,1.0728630258319098,1.127530664220199,0.06836038635736341,0.12004752039593414,20.006088256835938,0.022615170524136113,0.017862040396631525,60372500.0,0.9983883390616589,0,66.81416029153655,6.352740590554248,4.838517973127047,1.514222617427201,0.014778110344983183,-0.00566676637236779,0.01482764602762729,-0.008332411863824163,0
2025-09-24 00:00:00-04:00,254.28068708944184,254.7987775332095,250.11606329601622,251.3813934326172,42303700,0.0,0.0,-0.008332411863824163,-2.8992936568246535,-0.011401942042908052,0.01862792696488282,248.32269897460938,237.42346572875977,225.6874612426758,1.058789166694262,1.1138474067122115,0.05573443207176054,0.10030087323298176,25.426071166992188,0.024470270019285895,0.018113236187011637,59758930.0,0.7079059146474008,0,62.97905850692037,6.699247373647097,5.210663853231057,1.4885835204160403,0.01862792696488282,-0.011401942042908052,0.01872216512400166,0.018072987935134455,1
2025-09-25 00:00:00-04:00,252.27808820484515,256.22352044118514,250.7836088309123,255.9246063232422,55202100,0.0,0.0,0.018072987935134455,3.64651811839704,0.014454359252303097,0.02125591473374012,252.10671691894532,238.73760986328125,226.62296966552734,1.0719911557705695,1.1292968523930347,0.07983008084815113,0.11445168706560893,26.741195678710938,0.022862609056085247,0.018349881662672866,60956060.0,0.905604791385795,0,66.28743704350735,7.256803888728143,5.619891860330474,1.6369120283976688,0.02125591473374012,0.014454359252303097,0.02169165535033287,-0.005489118202509746,0
2025-09-26 00:00:00-04:00,253.16481067495934,256.6519291955366,252.84598111295833,254.51980590820312,46076300,0.0,0.0,-0.005489118202509746,1.354995233243784,0.00535222580749374,0.014953445642461843,254.0913848876953,239.87839584350587,227.5331689453125,1.0610368016394822,1.118605287694898,0.040570250271461994,0.09846921549146104,21.311264038085938,0.02230648702107156,0.01849390393330547,61356140.0,0.7509647771192908,0,66.79402960617756,7.498873445626373,5.995688177389654,1.5031852682367184,0.014953445642461843,0.00535222580749374,0.015052436530039038,-0.004031903675073667,0
2025-09-29 00:00:00-04:00,253.6231329894407,254.06151607705354,252.07883445903423,253.4936065673828,40127700,0.0,0.0,-0.004031903675073667,-0.1295264220578929,-0.0005107042899879545,0.007821426523797885,253.76260375976562,240.98879470825196,228.39975616455078,1.0518895987436658,1.1098681138028585,-0.0064432141923312924,0.09601970241203461,17.664749145507812,0.01091119684808587,0.018542813790452764,61391605.0,0.6536349717522453,0,70.14445226659062,7.521209778451265,6.300792497601977,1.2204172808492881,0.007821426523797885,-0.0005107042899879545,0.007865323648747362,0.0007860129897405699,1
2025-09-30 00:00:00-04:00,253.9220050782957,254.97810138533342,252.1784458386236,253.69285583496094,37704300,0.0,0.0,0.0007860129897405699,-0.22914924333477416,-0.0009024394843767756,0.011035610512150709,253.80245361328124,242.22970962524414,229.24445343017578,1.047323452715406,1.1066477379887045,0.0007860129897405699,0.10843624827269505,16.419357299804688,0.010522169804822222,0.018226491184220647,61073040.0,0.6173640611307378,0,82.76838225618222,7.468892490431983,6.534412496167978,0.934479994264005,0.011035610512150709,-0.0009024394843767756,0.011101882785420174,0.0032203748162142887,1
2025-10-01 00:00:00-04:00,254.10134722927504,257.83756097799323,253.9917514638179,254.5098419189453,48713900,0.0,0.0,0.0032203748162142887,0.40849468967027747,0.0016076053674036355,0.01511065145920808,254.4281433105469,243.0755844116211,230.06727478027344,1.0470399260172571,1.1062409556596688,0.0124450280253805,0.07120387503522618,16.399398803710938,0.009387035458738372,0.016513865457800044,60187345.0,0.8093711393981575,0,81.7274258928848,7.407960257339482,6.709122048402279,0.6988382089372029,0.01511065145920808,0.0016076053674036355,0.015141474051857859,0.006576733422836156,1
2025-10-02 00:00:00-04:00,255.63569123318152,257.22980880920034,253.21464169746508,256.1836853027344,42630200,0.0,0.0,0.006576733422836156,0.5479940695528569,0.0021436524254862237,0.015673000827474616,254.4799591064453,243.939892578125,230.92854919433594,1.0501918427330952,1.109363420835183,0.0010123254001022097,0.07235806879594442,19.179168701171875,0.005010067558721649,0.0165222687433039,59941385.0,0.7111981146248122,0,80.58358482832192,7.409326096702131,6.84916285806225,0.5601632386398805,0.015673000827474616,0.0021436524254862237,0.015856773071331633,0.003461142466484768,1
2025-10-03 00:00:00-04:00,253.73271197999827,258.2858846694617,253.01536064819075,257.07037353515625,49155600,0.0,0.0,0.003461142466484768,3.337661555157979,0.013154242230387253,0.020502261496695533,254.99007263183594,244.853018951416,231.81531982421876,1.0498966875559106,1.1089447139649267,0.010021096856694278,0.07647373303018679,12.473907470703125,0.003950580231926051,0.016495594745173623,59655645.0,0.8239890793235074,0,79.64406272918461,7.3966923985418305,6.9586687661581665,0.43802363238366393,0.020502261496695533,0.013154242230387253,0.020830846031516075,-0.005154634279879056,0
2025-10-06 00:00:00-04:00,257.0404730386864,258.11651518827176,254.11130630837613,255.74526977539062,44664100,0.0,0.0,-0.005154634279879056,-1.2952032632957753,-0.0050389078730836215,0.015660930438374188,255.4404052734375,245.79005661010743,232.67320007324219,1.0405029125367549,1.0991608388713685,0.008882524646274481,0.07907340097376259,0.607757568359375,0.004387103611609324,0.01641715808187108,59438875.0,0.7514290941744776,0,75.86498211236477,7.196795128280598,7.006294038582653,0.19050108969794532,0.015660930438374188,-0.0050389078730836215,0.01576163193240651,-0.0008179936161892831,0
2025-10-07 00:00:00-04:00,255.86484387966763,256.45266881763376,254.48991791397023,255.53607177734375,31955800,0.0,0.0,-0.0008179936161892831,-0.32877210232388165,-0.0012849444157263827,0.007680915222699897,255.80904846191407,246.89248428344726,233.52351196289064,1.0350095205165222,1.0942627131179457,0.007265541381984875,0.09443140098594682,2.0424652099609375,0.004533956655514044,0.015863060349357295,57720970.0,0.5536254848108062,0,74.83675681506587,6.9414775391630315,6.993330738698729,-0.05185319953569767,0.007680915222699897,-0.0012849444157263827,0.007712489829664045,0.006160217240152921,1
2025-10-08 00:00:00-04:00,255.5758888188916,257.56852798749276,255.16739414069707,257.1102294921875,36496900,0.0,0.0,0.006160217240152921,1.534340673295901,0.00600346409978908,0.009338927710259182,256.3291259765625,248.4502296447754,234.4606396484375,1.0348560750368145,1.096602951683967,0.010217237783953115,0.13788082933465007,5.7288360595703125,0.004987698527420694,0.013274406926848056,55373775.0,0.6591008108080043,0,78.27922788673268,6.787911068654864,6.952246804689956,-0.16433573603509188,0.009338927710259182,0.00600346409978908,0.009410033969589874,-0.015577707647773553,0
2025-10-09 00:00:00-04:00,256.8611709050607,257.05047407420307,252.20835988470006,253.10504150390625,38322000,0.0,0.0,-0.015577707647773553,-3.7561294011544533,-0.014623188814095878,0.01913084844431389,255.71339721679686,249.64631118774415,235.3618505859375,1.0138545220224022,1.0753868601636023,-0.012017329656219378,0.10437767197939984,-2.8195648193359375,0.0085348115736258,0.014018534061048065,54779445.0,0.6995689715366776,0,63.31054191444099,6.2707381702610405,6.815945077804173,-0.5452069075431325,0.01913084844431389,-0.014623188814095878,0.019198864747055313,-0.034522156815508964,0
2025-10-10 00:00:00-04:00,254.00171816056968,255.436420799504,243.10197943699816,244.3673095703125,61999100,0.0,0.0,-0.034522156815508964,-9.63440859025718,-0.037930485903905166,0.050475005777959034,253.17278442382812,250.2042495727539,236.11776428222657,0.9766712994986756,1.0349382661366615,-0.04941473336719027,0.04784888070870941,-10.152496337890625,0.01582233302803742,0.01623757011366079,55088190.0,1.1254517529074743,0,32.14398831044906,5.097057276016102,6.472167517446559,-1.3751102414304572,0.050475005777959034,-0.037930485903905166,0.05073772492955944,0.009744389834039024,1
2025-10-13 00:00:00-04:00,248.46219085423505,248.7710475029622,244.6562426215344,246.74851989746094,38142900,0.0,0.0,0.009744389834039024,-1.7136709567741093,-0.006897109579861453,0.01667610765461837,251.3734344482422,250.7502326965332,237.0246026611328,0.9840410405364797,1.0410249279068728,-0.035178558281179995,0.046303334523865036,-6.745086669921875,0.01818535991396698,0.016198539931651483,54860360.0,0.6952725064144676,0,39.08413037229614,4.309374695214785,6.039608953000204,-1.730234257785419,0.01667610765461837,-0.006897109579861453,0.01681872016563709,0.0004441926617493319,1
2025-10-14 00:00:00-04:00,245.69243161385845,247.9341508249242,243.79941515849077,246.85812377929688,35478000,0.0,0.0,0.0004441926617493319,1.1656921654384291,0.0047445180048137775,0.0167494413517056,249.63784484863282,251.22946395874024,237.9143264770508,0.9826002089461876,1.0375925125429923,-0.03395977694142627,0.040394840988617675,-6.8347320556640625,0.018301066427346555,0.016179375058801817,53463205.0,0.66359658011524,0,42.17242491984602,3.65187811456002,5.562062785312168,-1.9101846707521482,0.0167494413517056,0.0047445180048137775,0.01695957992247634,0.00633640773752453,1
2025-10-15 00:00:00-04:00,248.57177456170203,250.89320098009676,246.55920477705152,248.4223175048828,33893600,0.0,0.0,0.00633640773752453,-0.14945705681921595,-0.0006012631847793193,0.017446082326963475,247.90026245117187,251.74505767822265,238.84389282226562,0.9868011701838972,1.0401032849089633,-0.033790611927281056,0.04330710679773908,-6.0875244140625,0.018332282688041525,0.016204541705203857,52832485.0,0.6415295438024541,0,35.5247275232437,3.219907607944947,5.093631749838725,-1.8737241418937778,0.017446082326963475,-0.0006012631847793193,0.01757791280582777,-0.007579939443282391,0
2025-10-16 00:00:00-04:00,247.33635013275978,248.1234359576197,244.22783772705108,246.53929138183594,39777000,0.0,0.0,-0.007579939443282391,-0.7970587509238385,-0.0032225701984201303,0.015801125284063487,246.5871124267578,252.22179641723633,239.53019256591796,0.977470206317934,1.0292618593958216,-0.02594081130528958,0.04023035053084123,-9.644393920898438,0.017703796386688758,0.0162833357749241,52608855.0,0.756089445398498,0,34.8810251316595,2.6945621629414234,4.613817832459264,-1.9192556695178409,0.015801125284063487,-0.0032225701984201303,0.01595067240009856,0.019559516473121263,1
2025-10-17 00:00:00-04:00,247.1072067041429,252.4474806979352,246.3599669580113,251.36148071289062,49147000,0.0,0.0,0.019559516473121263,4.254274008747728,0.017216308927166562,0.02421816470311591,247.98594665527344,252.5600471496582,240.17798828125,0.9952543308005587,1.046563352918689,0.028621549890926357,0.027657859319418332,-5.708892822265625,0.010159091975034604,0.015284746413419176,46879140.0,1.0483767406995947,0,46.46863034989954,2.636935539698669,4.218441373907146,-1.5815058342084765,0.02421816470311591,0.017216308927166562,0.024709833399845404,0.03943866246963412,1
2025-10-20 00:00:00-04:00,254.94822099113512,263.4069798400544,254.68918336894043,261.27484130859375,90483000,0.0,0.0,0.03943866246963412,6.326620317458634,0.024815314626881115,0.03336638318274712,250.8912109375,252.86691360473634,240.83854766845704,1.033250406642761,1.0848547453801693,0.05887095662081121,0.024054985284101882,5.529571533203125,0.018427999355903835,0.01477398275206526,46127420.0,1.9615881399826827,1,59.50064415618981,3.3525453206933378,4.045262163264384,-0.6927168425710466,0.03336638318274712,0.024815314626881115,0.03422915867803253,0.0020209184094197585,1
2025-10-21 00:00:00-04:00,260.916147926868,264.313600971564,260.8663137101643,261.8028564453125,46695900,0.0,0.0,0.0020209184094197585,0.8867085184444932,0.0033984424708471015,0.013167492930390347,253.88015747070312,253.28237609863282,241.54772705078125,1.0336402416856736,1.0838555992301802,0.06053976444938436,0.03277893273304677,6.26678466796875,0.018200609801485454,0.014661526243723367,45448455.0,1.0274474676861953,0,59.2052111793371,3.9171234754480224,4.0196344257011125,-0.1025109502530901,0.013167492930390347,0.0033984424708471015,0.013214765879007905,-0.016440145867302913,0
2025-10-22 00:00:00-04:00,261.6833028295614,261.88257888575197,254.48987503678674,257.498779296875,45015300,0.0,0.0,-0.016440145867302913,-4.1845235326863985,-0.0159907930213333,0.02870966561143206,255.69544982910156,253.5882453918457,242.12160675048827,1.0154208011455212,1.0635101210204394,0.036536418640461976,0.02433507818826519,0.3885498046875,0.022338394038990562,0.015060634421974061,45584035.0,0.9875233730405831,0,51.55655473786033,3.971472018181629,4.010001944197216,-0.03852992601558736,0.02870966561143206,-0.0159907930213333,0.029049107937581423,0.004372152666834106,1
2025-10-23 00:00:00-04:00,258.98329410338334,259.66078406832133,257.06040475940137,258.6246032714844,32754900,0.0,0.0,0.004372152666834106,-0.35869083189896855,-0.0013849960212328717,0.010054647841026514,258.1125122070313,253.7232452392578,242.64467376708984,1.0193177334918788,1.0658573265025935,0.04901982082414169,0.01054997011437031,5.519561767578125,0.020929756859670003,0.014561368765862049,44461675.0,0.7366996407580236,0,51.829242449602354,4.058603164814315,4.019722188320636,0.03888097649367861,0.010054647841026514,-0.0013849960212328717,0.01011582982355382,0.012481988848809689,1
2025-10-24 00:00:00-04:00,260.2287466983284,263.1579290692685,258.2261343576155,261.8527526855469,38253700,0.0,0.0,0.012481988848809689,1.6240059872184816,0.006240686349310668,0.018834229012576042,260.2107666015625,254.089892578125,243.2432632446289,1.0305516289083991,1.0765056725217605,0.04173778712196374,0.028810908255951118,17.485443115234375,0.020334742972768584,0.014717838543988171,44070545.0,0.8680105952853544,0,56.879977008301495,4.338132612844191,4.083404273225347,0.2547283396188442,0.018834229012576042,0.006240686349310668,0.019098743525405606,0.0227912690692067,1
2025-10-27 00:00:00-04:00,263.90517991319996,268.12956591820625,263.67601542509226,267.8207092285156,44888200,0.0,0.0,0.0227912690692067,3.9155293153156663,0.01483687935418133,0.016628850345228686,261.5199401855469,254.80624771118164,243.98492462158202,1.0510759121263213,1.0976936777708812,0.025053571507830386,0.0565185956961185,21.072189331054688,0.014503862887809879,0.015391624424639951,44308570.0,1.0130816679482095,0,62.2491922482611,4.983776062872579,4.263478631154793,0.7202974317177855,0.016628850345228686,0.01483687935418133,0.0168902373844435,0.0007067041980304278,1
2025-10-28 00:00:00-04:00,268.00000632210845,268.89671830922975,267.1631014853557,268.0099792480469,41534800,0.0,0.0,0.0007067041980304278,0.00997292593842758,3.7212409340174226e-05,0.006468478631795917,262.76136474609376,255.52210388183593,244.7443197631836,1.0488719964985334,1.0950610805079166,0.02370914850591399,0.05643487029212957,21.15185546875,0.014584058812850091,0.015392198462301502,44500095.0,0.9333642995593605,0,61.176984542744506,5.4479253650184205,4.500367977927519,0.9475573870909013,0.006468478631795917,3.7212409340174226e-05,0.0064889830004054095,0.0026023237359502627,1
2025-10-29 00:00:00-04:00,268.28896033752676,270.41112610592455,266.126933268734,268.7074279785156,51086700,0.0,0.0,0.0026023237359502627,0.41846764098886524,0.0015597646674033957,0.015943708253324185,265.0030944824219,256.23198318481445,245.52423950195313,1.0486880858456413,1.0944232167202297,0.04352893909729172,0.05578403551125488,20.285110473632812,0.009118833153225783,0.015392059623620903,44618735.0,1.1449607435083042,0,67.16356480210129,5.805127419386366,4.761319866219289,1.0438075531670776,0.015943708253324185,0.0015597646674033957,0.016098306114941067,0.006303233217925586,1
2025-10-30 00:00:00-04:00,270.98897852374654,273.131090148023,267.49191714200913,270.4011535644531,69886500,0.0,0.0,0.006303233217925586,-0.5878249592934139,-0.0021691840107139386,0.020854840786282858,267.3584045410156,256.9428565979004,246.42869842529296,1.0523785605280092,1.0972794779680566,0.04553530539631856,0.055497165031870965,23.861862182617188,0.00893451587414318,0.015388676968110046,45981550.0,1.5198813437128587,1,83.89112911235505,6.153943293118289,5.039844551599089,1.1140987415192,0.020854840786282858,-0.0021691840107139386,0.021081657592741776,-0.0037951561451632365,0
2025-10-31 00:00:00-04:00,275.9705701844509,276.29937269597025,268.16940070155243,269.37493896484375,86167100,0.0,0.0,-0.0037951561451632365,-6.595631219607128,-0.023899762989940544,0.03018087735132206,268.862841796875,257.55808486938474,247.33475158691405,1.0458803461807524,1.0891107587450555,0.028726779467276087,0.04786457988323867,18.013458251953125,0.010212242789258032,0.015458062672529924,47832125.0,1.801448294425556,1,80.53246106652819,6.275238402277068,5.286923321734685,0.9883150805423835,0.03018087735132206,-0.023899762989940544,0.030316553540967624,-0.004882360444995348,0
2025-11-03 00:00:00-05:00,269.424736694289,269.8531467885877,265.2700709373508,268.05975341796875,50194600,0.0,0.0,-0.004882360444995348,-1.3649832763202312,-0.005066287873444417,0.01709721729129106,268.9106506347656,258.1738090515137,248.1575112915039,1.0382918174495481,1.0802000391722426,0.0008925530446906027,0.04815136425941868,6.784912109375,0.004611620454125627,0.015451127789269194,48108650.0,1.0433591464320866,0,77.70829228681802,6.193842408251612,5.468307139038071,0.7255352692135411,0.01709721729129106,-0.005066287873444417,0.01727701822916655,0.003679849978061922,1
2025-11-04 00:00:00-05:00,267.3424445625432,270.49081837885313,266.6350661079627,269.0461730957031,49274800,0.0,0.0,0.003679849978061922,1.7037285331599037,0.006372832177650438,0.014331191655786512,269.1178894042969,258.8493141174316,249.01195526123047,1.0393930307022003,1.0804548432763215,0.003866250990218756,0.05286964468222366,7.243316650390625,0.004879304919341408,0.015433516177378082,48974600.0,1.0061297080527458,0,77.36648561442554,6.138174268612204,5.602280564952898,0.5358937036593057,0.014331191655786512,0.006372832177650438,0.014460784649117415,0.00037034495392229694,1
2025-11-05 00:00:00-05:00,267.6214146886098,270.7000692568828,265.94760492323326,269.14581298828125,43683100,0.0,0.0,0.00037034495392229694,1.5243982996714749,0.005696099848531123,0.017657582263248702,269.20556640625,259.45109329223635,249.82555053710936,1.0373662703557203,1.0773350140113152,0.001631458471630598,0.04681098655570781,11.64703369140625,0.004772004767791397,0.015419336723925987,49333910.0,0.8854578929584134,0,81.48761974634624,6.032557406836929,5.6883359333297046,0.34422147350722465,0.017657582263248702,0.005696099848531123,0.01786992717990953,-0.0013698257358518706,0
2025-11-06 00:00:00-05:00,266.90407480138714,272.3937751745226,266.90407480138714,268.7771301269531,51204000,0.0,0.0,-0.0013698257358518706,1.8730553255659856,0.007017709740699137,0.02042473022367074,268.88076171875,260.23469772338865,250.60825866699219,1.0328258778644672,1.072499093033098,-0.006005978214560059,0.06191930642679444,10.15252685546875,0.0034132965041299666,0.01486466307396628,49978010.0,1.0245305885528455,0,77.69314683468626,5.851651461729432,5.720999039009651,0.1306524227197814,0.02042473022367074,0.007017709740699137,0.020568065051912547,-0.004818849477972176,0
2025-11-07 00:00:00-05:00,268.80702532983145,271.2878818962731,265.7881780523408,267.48193359375,48227400,0.0,0.0,-0.004818849477972176,-1.325091736081447,-0.004929527918608279,0.02056102918818146,268.5021606445313,261.3904289245605,251.32381561279297,1.0233042376274135,1.064292028758036,-0.007027399721623029,0.09458967348816616,5.629180908203125,0.0036316382906487086,0.012140826736190928,49289425.0,0.9784532889154215,0,63.596655418233155,5.539910026740358,5.684781236555793,-0.14487120981543455,0.02056102918818146,-0.004929527918608279,0.020692055923003733,0.004548624231703657,1
2025-11-10 00:00:00-05:00,268.22988302493957,272.9869540449525,266.7339548671466,268.6986083984375,41312400,0.26,0.0,0.004548624231703657,0.4687253734979322,0.0017474763371326189,0.02327142375271871,268.629931640625,262.48793334960936,252.0720751953125,1.0236608021160198,1.065959441125092,0.002383255868599665,0.08895732590452088,0.877899169921875,0.003817866148561076,0.012080353914446843,49447900.0,0.835473296135933,0,64.66278704566514,5.32959196349907,5.613743381944448,-0.2841514184453784,0.02327142375271871,0.0017474763371326189,0.023442831569457742,0.02160126459501921,1
2025-11-11 00:00:00-05:00,269.0776024957972,275.1610502271484,269.06761990152603,274.5028381347656,46208300,0.0,0.0,0.02160126459501921,5.425235638968445,0.020162345690043763,0.02219805947008398,269.7212646484375,263.8701690673828,252.98464080810547,1.0402950780869347,1.0850573270295178,0.02028151887936902,0.11198624510402766,6.49285888671875,0.010366593557877387,0.012634998547492192,49984415.0,0.9244541523592904,0,83.98824417851378,5.567092240911677,5.6044131537378945,-0.03732091282621752,0.02219805947008398,0.020162345690043763,0.022646464587052325,-0.006466991494855634,0
2025-11-12 00:00:00-05:00,274.25347600982695,274.9815052844664,270.9624464716027,272.7276306152344,48398000,0.0,0.0,-0.006466991494855634,-1.5258453945925794,-0.0055636319247159,0.01473652964240288,270.4376281738281,265.0854347229004,253.68734649658202,1.028829180676496,1.0750541340811766,0.013308093435245416,0.09783868597020806,4.02020263671875,0.01137767023849278,0.012906300721012013,50709635.0,0.9544142843859948,0,77.47628300105356,5.548113314353145,5.593153185860945,-0.0450398715078002,0.01473652964240288,-0.0055636319247159,0.014832530725931827,-0.0019013646924230798,0
2025-11-13 00:00:00-05:00,273.36590026791555,275.9488963676571,271.3513946141157,272.2090759277344,49602800,0.0,0.0,-0.0019013646924230798,-1.1568243401811742,-0.004231779966145794,0.0168895975928515,271.1240173339844,266.3689239501953,254.3535775756836,1.0219250500055743,1.0701995172320224,0.012768741890949675,0.10412046048328061,1.80792236328125,0.011427563831978842,0.012681130043713275,51200925.0,0.968787184997146,0,72.55846417698126,5.428651236543999,5.560252795997556,-0.13160155945355712,0.0168895975928515,-0.004231779966145794,0.01694298184860787,-0.0019784193430598673,0
2025-11-14 00:00:00-05:00,270.31420819279356,275.21088338895913,268.8681625557137,271.6705322265625,47431300,0.0,0.0,-0.0019784193430598673,1.3563240337689422,0.005017583214869654,0.023347106442725477,271.96173706054685,267.3843765258789,255.01083129882812,1.0160299407032436,1.0653293855907324,0.01565937024806363,0.08079619620346379,2.29559326171875,0.011030732594876856,0.01229176551929079,51115140.0,0.9279305505179092,0,60.983806958184374,5.2302298690895555,5.4942482106159565,-0.264018341526401,0.023347106442725477,0.005017583214869654,0.02359044958300381,-0.018171218027207114,0
2025-11-17 00:00:00-05:00,268.09027174019775,269.7557213346742,265.00866346949266,266.73394775390625,45018300,0.0,0.0,-0.018171218027207114,-1.3563239862914998,-0.005059206279614252,0.01779697674463721,271.5688049316406,267.6573318481445,255.605419921875,0.9965501259096383,1.0435379180747915,-0.0073117633777171065,0.02089411448102152,-1.3258056640625,0.014461940383064363,0.010094664784625961,48841905.0,0.9217146628494527,0,47.13538562301064,4.621366163218568,5.3196718011364785,-0.6983056379179109,0.01779697674463721,-0.005059206279614252,0.017912840293721262,-7.471106952616768e-05,0
2025-11-18 00:00:00-05:00,269.2570854665072,269.9751321987233,264.59977951795884,266.7140197753906,45677300,0.0,0.0,-7.471106952616768e-05,-2.543065691116567,-0.009444749380357154,0.020153993724406596,270.01104125976565,267.90289001464845,256.2699499511719,0.9955623090172979,1.0407541728018002,-0.02837427260242431,0.018759013544621173,-2.3321533203125,0.007349175201053623,0.010095289992008058,48790975.0,0.9361833822751031,0,45.38451537411428,4.090081356478322,5.073753712204848,-0.9836723557265259,0.020153993724406596,-0.009444749380357154,0.020315030838488075,0.004187793953672303,1
2025-11-19 00:00:00-05:00,264.80918960656476,271.47104873805114,264.77927226211665,267.8309631347656,40424500,0.0,0.0,0.004187793953672303,3.0217735282008675,0.011411135439409827,0.02498507415876095,269.0317077636719,268.419499206543,257.1074627685547,0.9978074019453985,1.041708242346369,-0.0179544238675875,0.0401251759954111,-1.314849853515625,0.008528069922819667,0.00923956239436749,48561435.0,0.8324403922577659,0,43.885741333898636,3.716322857284638,4.8022675412208065,-1.0859446839361686,0.02498507415876095,0.011411135439409827,0.025273037495586154,-0.008601361510023886,0
2025-11-20 00:00:00-05:00,270.09480618650156,274.68232536305425,265.1981613886433,265.5272521972656,45823600,0.0,0.0,-0.008601361510023886,-4.5675539892359325,-0.016910928624380945,0.03571823191754703,267.6953430175781,268.764631652832,257.8343395996094,0.9879545927019587,1.029836648638822,-0.024546660348101823,0.026689838625041373,-3.2498779296875,0.008721074282035314,0.009516216243292575,49214870.0,0.9310925742565205,0,41.37115903961105,3.197369053987245,4.481287843774094,-1.2839187897868491,0.03571823191754703,-0.016910928624380945,0.035762555534885686,0.019680725800176768,1
2025-11-21 00:00:00-05:00,265.22808167538,272.5880228442522,264.9488429624803,270.7530212402344,59030800,0.0,0.0,0.019680725800176768,5.524939564854378,0.02083089969189803,0.028214569302972933,267.5118408203125,269.2096450805664,258.5852291870117,1.005732989838481,1.0470552478634532,-0.003377292998281267,0.03398959324813977,3.271087646484375,0.014206302626155501,0.01007853077506389,50253725.0,1.1746552121260663,0,55.13863059130963,3.1712145271507097,4.2192731804494175,-1.0480586532987077,0.028214569302972933,0.02083089969189803,0.028832659906552933,0.016317451407709793,1
2025-11-24 00:00:00-05:00,270.164627965921,276.24807542504453,270.164627965921,275.1710205078125,65585800,0.0,0.0,0.016317451407709793,5.0063925418915005,0.018530895697134026,0.022107878394668438,269.1992553710937,269.57716064453126,259.3720724487305,1.0207504962583138,1.0609122944884706,0.031631042186240466,0.027444895133278413,6.472412109375,0.011689119583008107,0.009450586862656499,51288605.0,1.2787596777100878,0,60.33287786755522,3.467016881861639,4.068821920731862,-0.6018050388702232,0.022107878394668438,0.018530895697134026,0.02251755718328496,0.0038053394528705375,1
2025-11-25 00:00:00-05:00,274.52274228722064,279.6188865292943,274.5028075356392,276.2181396484375,46914200,0.0,0.0,0.0038053394528705375,1.6953973612168625,0.006175799305702132,0.01852187912121446,271.10007934570314,269.9875686645508,260.1509652709961,1.0230772513516277,1.0617609639107217,0.03563412182475689,0.030626323778764508,1.715301513671875,0.011281645883007622,0.009464066012365852,51557575.0,0.9099380643872409,0,61.56170239090653,3.7427915711937203,4.003615850824234,-0.2608242796305138,0.01852187912121446,0.006175799305702132,0.018637619919391404,0.002094106406326013,1
2025-11-26 00:00:00-05:00,276.2081750495132,278.7712060098946,275.8790842359358,276.79656982421875,33431400,0.0,0.0,0.002094106406326013,0.5883947747055345,0.0021302583625559183,0.010448546294469901,272.89320068359376,270.39202575683595,260.9246878051758,1.023686142553414,1.060829360964471,0.033474870061763085,0.03010390113350314,4.068939208984375,0.011453288736736223,0.009461779017535614,50674810.0,0.6597242298491104,0,63.020730620848354,3.962344044707777,3.995361489600943,-0.03301744489316594,0.010448546294469901,0.0021302583625559183,0.010483294817252024,0.004683756575197373,1
2025-11-28 00:00:00-05:00,276.5073375714406,278.2426042891834,275.2407657367699,278.093017578125,20135600,0.0,0.0,0.004683756575197373,1.585680006684413,0.005734676050955517,0.010794368656056626,275.40635375976564,270.77661895751953,261.746457824707,1.0270200530931117,1.062451885268168,0.0473238256219517,0.028446121298955296,5.883941650390625,0.008068901229990159,0.009425608142251624,48187265.0,0.417861441191983,0,67.22794333325406,4.192623506664745,4.034813893013704,0.1578096136510414,0.010794368656056626,0.005734676050955517,0.01090622802322954,0.015241175029783172,1
2025-12-01 00:00:00-05:00,277.255303275414,282.650620542313,275.390384584981,282.33148193359375,46587700,0.0,0.0,0.015241175029783172,5.076178658179742,0.01830868011616454,0.025715290082455777,277.7220458984375,271.42444610595703,262.5011581420898,1.040184426952386,1.0755437573375197,0.042763920566138536,0.048098546281029275,10.66094970703125,0.006785450505424494,0.009821401632174716,46208295.0,1.008210755233449,0,70.15627904626285,4.663373819954359,4.160525878401835,0.502847941552524,0.025715290082455777,0.01830868011616454,0.026363433016273648,0.010914951816139329,1
2025-12-02 00:00:00-05:00,282.231773534172,286.619823290159,281.86278279875575,285.4131164550781,53669500,0.0,0.0,0.010914951816139329,3.181342920906104,0.011272093432530954,0.016667210499949,279.7704650878906,272.2921142578125,263.10667022705076,1.0481872280180775,1.0847809985538481,0.037220837893337855,0.06473692083888238,18.679168701171875,0.005528955414269313,0.009840354375337266,46382040.0,1.1571181431433373,0,67.54327079726616,5.224879824160553,4.373396667553578,0.8514831566069745,0.016667210499949,0.011272093432530954,0.01687715009469581,-0.007128103890149506,0
2025-12-03 00:00:00-05:00,285.4231155973949,287.8365294074879,282.5309633672564,283.378662109375,43538700,0.0,0.0,-0.007128103890149506,-2.044453488019883,-0.007162886873198097,0.018722531896857218,281.20256958007815,273.0087387084961,263.7043713378906,1.037983851542391,1.0746073744309503,0.02592343308825118,0.05327148440269247,16.664642333984375,0.008593217703527247,0.010105078558028767,46095235.0,0.9445379766476947,0,66.98480767976703,5.442970736355392,4.587311481313941,0.8556592550414504,0.018722531896857218,-0.007162886873198097,0.018778706507063075,-0.012141396841095942,0
2025-12-04 00:00:00-05:00,283.32881389666403,283.9571086251454,277.8337611056945,279.93804931640625,43989100,0.0,0.0,-0.012141396841095942,-3.3907645802577804,-0.011967595295459302,0.021873937945926826,281.83086547851565,273.54835052490233,264.2755044555664,1.0233585718182652,1.0592659728078326,0.011349416266908552,0.04009810224539856,12.107086181640625,0.0116706447582871,0.010627222577193694,46110535.0,0.9539924010857822,0,61.27440287683954,5.277346689930994,4.725318523037352,0.552028166893642,0.021873937945926826,-0.011967595295459302,0.02203960920761321,-0.006840066673861722,0
2025-12-05 00:00:00-05:00,279.77848663840757,280.37686403379615,277.29522501275557,278.02325439453125,47265800,0.0,0.0,-0.006840066673861722,-1.7552322438763213,-0.006273649789752511,0.011084105276559208,281.81691284179686,274.0106567382812,264.7174774169922,1.0146439474435573,1.0502640668359775,-0.00025086276599572965,0.03440071059323713,12.496002197265625,0.012211050838333175,0.010788262562454754,45913625.0,1.0294504082393843,0,58.90912577015323,4.934696384122049,4.7671940952542915,0.1675022888677571,0.011084105276559208,-0.006273649789752511,0.011113206225959469,-0.003192552226246703,0
2025-12-08 00:00:00-05:00,277.374989388386,278.9108174051644,275.4003533668138,277.1356506347656,38211800,0.0,0.0,-0.003192552226246703,-0.23933875362035906,-0.0008628707085238755,0.01266695219582907,280.7777465820312,274.493342590332,265.16979431152345,1.009626127976361,1.0451252615491513,-0.018403301194906185,0.03609109935506005,6.38262939453125,0.008756724119749206,0.010742194379102454,45412845.0,0.8414315377070077,0,66.45635319530666,4.539196313160801,4.7215945388355935,-0.1823982256747927,0.01266695219582907,-0.0008628707085238755,0.012746766645120722,-0.0025549540307587826,0
2025-12-09 00:00:00-05:00,277.40493251311347,279.2698514894354,276.16830825817004,276.4275817871094,32193300,0.0,0.0,-0.0025549540307587826,-0.9773507260040901,-0.003523191592701362,0.011220093202037963,278.9806396484375,274.8797912597656,265.62847381591797,1.005630790536657,1.0406549336223467,-0.031482556862038935,0.0287644712220132,1.256561279296875,0.003832605046784612,0.010764950459206193,44956890.0,0.7160926834574188,0,65.04017404025532,4.121118727686849,4.601499376605845,-0.4803806489189961,0.011220093202037963,-0.003523191592701362,0.011230626898601007,0.005772479710981937,1
2025-12-10 00:00:00-05:00,276.99605153243056,278.9906225605669,275.6896099437804,278.02325439453125,33038300,0.0,0.0,0.005772479710981937,1.027202862100694,0.0037083664421130908,0.011873152927352588,277.90955810546876,275.0558120727539,266.1150817871094,1.010788509791578,1.0447482064054843,-0.01889841555105065,0.01282469894915006,1.80511474609375,0.006564526412844405,0.009740405250144493,44298390.0,0.7458126582027022,0,65.5508817479068,3.873890870398327,4.455977675364341,-0.5820868049660142,0.011873152927352588,0.0037083664421130908,0.011973656234123864,-0.002690481265859801,0
2025-12-11 00:00:00-05:00,278.342340640522,278.83100071126506,273.06669274298736,277.2752380371094,33248000,0.0,0.0,-0.002690481265859801,-1.0671026034126498,-0.0038337775020395063,0.020789119176614808,277.3769958496094,275.28319244384767,266.57038970947264,1.00723635023111,1.0401576797006735,-0.00951214486847829,0.01667453866561397,0.478668212890625,0.004636693706573185,0.009630500712749296,43540890.0,0.7636040512722638,0,68.81780035508419,3.5763761061710966,4.280057361525692,-0.7036812553545957,0.020789119176614808,-0.0038337775020395063,0.021109524235176938,0.0008993198694000615,1
2025-12-12 00:00:00-05:00,277.14562382282355,278.4620479370953,276.0685689150702,277.52459716796875,39532900,0.0,0.0,0.0008993198694000615,0.378973345145198,0.0013674159451547822,0.00862438517684416,277.2772644042969,275.54896850585936,266.99720794677734,1.0071697915358642,1.0394288363618016,-0.00179358099972049,0.019527347580598375,-0.56842041015625,0.0037902929810932893,0.009608401087027624,43037395.0,0.9185709311634684,0,62.903805468551006,3.3224159667890376,4.088529082578361,-0.7661131157893237,0.00862438517684416,0.0013674159451547822,0.008669871515729871,-0.014985057058964357,0
2025-12-15 00:00:00-05:00,279.3894873363706,279.3894873363706,272.0993337942639,273.3658752441406,50409100,0.0,0.0,-0.014985057058964357,-6.023612092229996,-0.021559909607400066,0.02666811845332182,276.5233093261719,275.6337356567383,267.323117980957,0.9917721957829504,1.022604693933033,-0.01360263604480516,0.006240437649543296,-8.965606689453125,0.007675954059404971,0.010240758678616414,43186285.0,1.1672478889999451,0,46.52581426136477,2.7538321603377653,3.8215896981302424,-1.067757537792477,0.02666811845332182,-0.021559909607400066,0.02679225061101719,0.0018241385327160131,1
2025-12-16 00:00:00-05:00,272.07941349564567,274.752131096348,271.0522107383373,273.8645324707031,37648600,0.0,0.0,0.0018241385327160131,1.7851189750574576,0.006561021843301006,0.01351003842896864,276.0106994628906,275.9902648925781,267.6855032348633,0.9922977992622226,1.0230831672285907,-0.009272046225764052,0.02673294785624991,-11.548583984375,0.007943478333209325,0.00926595973658724,42817800.0,0.8792745073310633,0,45.3725515137624,2.316756738481047,3.5206231062004036,-1.2038663677193568,0.01351003842896864,0.006561021843301006,0.01365021280561508,-0.010087037063657212,0
2025-12-17 00:00:00-05:00,274.2634587890498,275.41033087528734,270.9026119684932,271.10205078125,50138700,0.0,0.0,-0.010087037063657212,-3.161408007799821,-0.011526901985989402,0.016627387708075213,274.6264587402344,276.2096664428711,267.9968228149414,0.9815081936581046,1.011586808879644,-0.024894333491469967,0.016452194787340835,-12.276611328125,0.007284979803482773,0.009611612177921669,43040870.0,1.1649090736316436,0,39.68944222931457,1.72754803401034,3.162008091762391,-1.4344600577520512,0.016627387708075213,-0.011526901985989402,0.016639628809922292,0.0012875596388439714,1
2025-12-18 00:00:00-05:00,272.86723904028526,272.8872042261758,266.22534517191764,271.45111083984375,51630700,0.0,0.0,0.0012875596388439714,-1.4161282004415057,-0.005189806608599257,0.024541653315202944,273.4616333007813,276.390673828125,268.28364044189453,0.9821283297302826,1.0118064239501596,-0.021004858704642637,0.013516539173465736,-8.4869384765625,0.00780032906482341,0.00958059106333161,43601180.0,1.184158318651009,0,37.54686191127936,1.2740753724011142,2.784421547890136,-1.5103461754890217,0.024541653315202944,-0.005189806608599257,0.025023384043154163,0.005437491779006098,1
2025-12-19 00:00:00-05:00,271.4112306527045,273.8545921928022,269.1673383776201,272.9271240234375,144632000,0.0,0.0,0.005437491779006098,1.5158933707330107,0.0055852271370182725,0.017174012410652056,272.542138671875,276.7606674194336,268.68008209228515,0.9861485252520137,1.015807059079629,-0.01656600240644135,0.027868596405593582,-5.09613037109375,0.008750008391211659,0.009374151618988755,48541600.0,2.979547439721806,1,30.329850738647096,1.0220157875249356,2.431940395817096,-1.4099246082921604,0.017174012410652056,0.0055852271370182725,0.01741390260584384,-0.0098658478168403,0
2025-12-22 00:00:00-05:00,272.1193204151364,273.1365711538121,269.775723721713,270.2344665527344,36571800,0.0,0.0,-0.0098658478168403,-1.8848538624019966,-0.006926571253840135,0.012436783046115422,271.9158569335938,276.73473968505857,269.1974252319336,0.9765108163155738,1.003852344872568,-0.011455009476254552,-0.0019152313984334146,-6.90118408203125,0.007204617032058846,0.008644149893534033,47418650.0,0.7712535046864472,0,17.72721255992255,0.598087416668136,2.065169799987304,-1.467082383319168,0.012436783046115422,-0.006926571253840135,0.012457931298392039,0.005129619359273585,1
2025-12-23 00:00:00-05:00,270.1048034873943,271.7603010837797,268.8282792538215,271.62066650390625,29642000,0.0,0.0,0.005129619359273585,1.5158630165119575,0.005612129058573749,0.010794546187140184,271.4670837402344,276.5572219848633,269.6948681640625,0.9821499672092192,1.0071406562273637,-0.00819334269594374,-0.012902354315342812,-4.806915283203125,0.007802310186367829,0.007854430298601944,45621460.0,0.6497380837877613,0,24.29150608004953,0.36971404624227944,1.7260786492382991,-1.3563646029960197,0.010794546187140184,0.005612129058573749,0.010906671865387602,0.00532387854748273,1
2025-12-24 00:00:00-05:00,271.60073103225574,274.68233959340455,271.46112688748974,273.0667419433594,17910600,0.0,0.0,0.00532387854748273,1.4660109111036377,0.00539766923870883,0.011796429997260398,271.8600219726562,276.3996520996094,270.21904052734374,0.9879416991630333,1.0105384928110848,0.00724705385461899,-0.011409090326540916,-4.956512451171875,0.006567355569527752,0.007906624542389783,44171280.0,0.4054806652648508,0,33.54050343650901,0.30193222075109816,1.441249363540859,-1.1393171427897608,0.011796429997260398,0.00539766923870883,0.011866202512486726,-0.0014975662871453688,0
2025-12-26 00:00:00-05:00,273.4157529954652,274.6224597374741,272.11926379011726,272.6578063964844,21521800,0.0,0.0,-0.0014975662871453688,-0.7579465989808227,-0.0027721394640834534,0.009180723561301027,272.1013610839844,276.19271392822264,270.7037503051758,0.9872013005648769,1.0072184300701623,0.004445351330142788,-0.014952365306993176,-4.617431640625,0.006702627548317149,0.007884312437096806,43575800.0,0.49389339954745526,0,36.1483372332128,0.21276433982359322,1.195552358797406,-0.9827880189738127,0.009180723561301027,-0.0027721394640834534,0.00919889284019064,0.001316924789223295,1
2025-12-29 00:00:00-05:00,271.9497734782625,273.61522314661676,271.6107000753325,273.0168762207031,23715200,0.0,0.0,0.001316924789223295,1.0671027424406248,0.0039238964195199835,0.007342121479933126,272.1193115234375,275.93890686035155,271.2333020019531,0.9894105884780966,1.0065757936270567,0.00032885041230978906,-0.018253393780359173,-4.507720947265625,0.006243706735395662,0.007798258380555438,43754780.0,0.5420024966415098,0,39.068483564333334,0.16912254627300172,0.9902663962925251,-0.8211438500195234,0.007342121479933126,0.0039238964195199835,0.0073801329282252295,-0.0024840667289872664,0
2025-12-30 00:00:00-05:00,272.06942798009953,273.3359694836473,271.54086793463244,272.33868408203125,22139600,0.0,0.0,-0.0024840667289872664,0.2692561019317168,0.000989659528932488,0.006591430648442768,272.5401550292969,275.43926696777345,271.65284606933596,0.9887431341221766,1.0025246855411933,0.007786636383358081,-0.035393849042711034,-1.027191162109375,0.0036287467472573324,0.006813291597501433,42532375.0,0.5205352393323909,0,39.1305405971084,0.07890213802716062,0.8079935446394523,-0.7290914066122917,0.006591430648442768,0.000989659528932488,0.006610796977517966,-0.004467506365423368,0
2025-12-31 00:00:00-05:00,272.3187639976345,272.9370761103812,271.0123224859311,271.12200927734375,27293600,0.0,0.0,-0.004467506365423368,-1.1967547202907554,-0.0043946832848475725,0.007099215698424422,272.4404235839844,274.7247116088867,271.84978942871095,0.9868861366331254,0.9973228592418754,-0.0018358589314312335,-0.0500716552737116,-2.742523193359375,0.0038011795295060796,0.006139981763669063,41213580.0,0.662247734848562,0,31.277259495494434,-0.08973921624914283,0.6284469924617333,-0.7181862087108761,0.007099215698424422,-0.0043946832848475725,0.007102088963316453,-0.0031265878039100636,0
2026-01-02 00:00:00-05:00,271.52092924369913,277.0857683126949,268.2697691424855,270.2743225097656,37838100,0.0,0.0,-0.0031265878039100636,-1.246606733933504,-0.004591199423948026,0.03261870786815446,271.88193969726564,274.0694946289062,272.01921875,0.9861525190015061,0.9935853935311901,-0.010226142567639984,-0.04624321218141514,-0.827728271484375,0.0021698584227171475,0.0060473493011134775,40928550.0,0.9244915835034468,0,31.1090213180848,-0.2884647007310832,0.44506465382317,-0.7335293545542532,0.03261870786815446,-0.004591199423948026,0.03286243991780896,-0.013837078913669698,0
2026-01-05 00:00:00-05:00,269.9053450243044,270.7729784841199,265.41756056202854,266.5345153808594,45647200,0.0,0.0,-0.013837078913669698,-3.3708296434450062,-0.012488932529815111,0.020092774530303666,270.65728149414065,273.3993179321289,272.1999334716797,0.9748909302218022,0.9791865559312866,-0.022457787277584296,-0.047880357701561405,-4.916595458984375,0.005633982324356851,0.006201807399074905,41011455.0,1.1130353702398512,0,25.04549177544733,-0.7392061509846712,0.20821049286160176,-0.947416643846273,0.020092774530303666,-0.012488932529815111,0.020177330809427706,-0.018334281183122636,0
2026-01-06 00:00:00-05:00,266.27521573774703,266.82371056256306,261.40845786144683,261.6477966308594,52352100,0.0,0.0,-0.018334281183122636,-4.627419106887658,-0.01737833201661989,0.02069672579263579,268.3834655761719,272.58054504394534,272.26039733886716,0.9598916774807851,0.9610204024832929,-0.041642405946558214,-0.05889959744314821,-11.279327392578125,0.007185244714627695,0.0070994237421303594,41265770.0,1.2686568068401487,0,24.243977172416947,-1.4737508780951316,-0.12818178132974492,-1.3455690967653866,0.02069672579263579,-0.01737833201661989,0.020715675175232675,-0.0077375221244099235,0
2026-01-07 00:00:00-05:00,262.48552563718374,262.964203143993,259.1047135716701,259.623291015625,48309800,0.0,0.0,-0.0077375221244099235,-2.8622346215587413,-0.010904352209938684,0.014865729331235629,265.84038696289065,271.7049270629883,272.21580810546874,0.9555339824788586,0.9537406839908253,-0.046689632467256215,-0.06319056959661962,-10.611175537109375,0.006440253861831723,0.007177996055305772,41770670.0,1.1565483627626754,0,20.66574219933544,-2.1939530253018233,-0.5413360301241606,-1.6526169951776626,0.014865729331235629,-0.010904352209938684,0.014895481904289399,-0.004955017645946969,0
2026-01-08 00:00:00-05:00,256.32231677215987,258.5861744106298,255.00590778144198,258.33685302734375,50419300,0.0,0.0,-0.004955017645946969,2.0145362551838844,0.007859386886607178,0.013858907806734216,263.2833557128906,270.800390625,272.0261309814453,0.9539751860442641,0.9496766067851207,-0.0471564676142594,-0.06544473110392501,-13.2838134765625,0.006348035872942133,0.007186106936791973,42681970.0,1.1812786523208747,0,22.00373203256561,-2.835833486989941,-1.0002355214973166,-1.8355979654926242,0.013858907806734216,0.007859386886607178,0.014039936016919045,0.0012738060445718347,1
2026-01-09 00:00:00-05:00,258.3767027680543,259.5036402038468,255.52448097015204,258.6659240722656,39997000,0.0,0.0,0.0012738060445718347,0.28922130421130987,0.0011193784157503739,0.015383391716425302,260.9616760253906,269.83252410888673,271.83924987792966,0.9586165527172884,0.9515400156100359,-0.0429504302506597,-0.069624860569384,-14.40081787109375,0.007642568184342029,0.006952001193547719,43029905.0,0.9295163445050599,0,21.93528592922476,-3.2801634122276937,-1.4562210996433922,-1.8239423125843015,0.015383391716425302,0.0011193784157503739,0.015572516647278094,0.0033927700267757377,1
2026-01-12 00:00:00-05:00,258.45648066308013,260.5906555331263,256.1028713590674,259.54351806640625,45263800,0.0,0.0,0.0033927700267757377,1.0870374033261214,0.004205881781479361,0.017291066282420765,259.5634765625,268.94593811035156,271.6559716796875,0.9650397395476283,0.955412525856184,-0.02622923828256718,-0.06394988638808774,-13.114288330078125,0.008583826117235835,0.007123862988669172,43630695.0,1.0374301853316799,0,19.82905465462821,-3.520896870790466,-1.869156253872807,-1.651740616917659,0.017291066282420765,0.004205881781479361,0.017523365318957446,0.0030739393950796057,1
2026-01-13 00:00:00-05:00,258.0176775418968,261.0992857475004,257.6885867541948,260.3413391113281,45730800,0.0,0.0,0.0030739393950796057,2.3236615694313514,0.009005823134168924,0.013100873664351607,259.30218505859375,268.0867752075195,271.454775390625,0.9711084737760904,0.959059713488906,-0.0049931913677623285,-0.06191616250231202,-12.675537109375,0.005052215188766905,0.007207032252020657,43940590.0,1.0407416013303417,0,25.614419911778697,-3.6057376809437187,-2.2164725392869897,-1.389265141656729,0.013100873664351607,0.009005823134168924,0.013235739449178802,-0.004175309303335539,0
2026-01-14 00:00:00-05:00,258.78560808748875,261.10930037675524,256.0131555781144,259.25433349609375,40019400,0.0,0.0,-0.004175309303335539,0.4687254086049961,0.0018112499070911706,0.019656931978410494,259.2283935546875,267.3811981201172,271.25236328125,0.9696056989752415,0.9557680175021517,-0.0014211264254756495,-0.051621445930089105,-13.0843505859375,0.004005673044476486,0.0066584661604458415,43421105.0,0.9216577975157473,0,19.061885391089774,-3.7178300720973994,-2.5167440458490717,-1.2010860262483276,0.019656931978410494,0.0018112499070911706,0.019905792681368422,-0.006731882749481333,0
2026-01-15 00:00:00-05:00,259.9424426175537,260.3313985459844,256.35220896361545,257.5090637207031,39388600,0.0,0.0,-0.006731882749481333,-2.43337889685057,-0.009361221939545805,0.015452619511229487,259.0628356933594,266.5634246826172,271.0413494873047,0.9660329958144309,0.9500729840956043,-0.0032043020457209748,-0.05972101828026832,-13.612945556640625,0.004564221146841983,0.006632349173237129,43508105.0,0.9053163772589038,0,11.65186281766593,-3.902507111954378,-2.7938966590701333,-1.1086104528842449,0.015452619511229487,-0.009361221939545805,0.01552235339986381,-0.010379107417738509,0
2026-01-16 00:00:00-05:00,257.1999111311508,258.1971965798445,254.23797213114116,254.8363494873047,72142800,0.0,0.0,-0.010379107417738509,-2.3635616438461398,-0.0091895896598538,0.015536341093681289,258.2969207763672,265.7501396179199,270.75715301513674,0.9589321377354442,0.9411989550394556,-0.014805098888445167,-0.059998444301957665,-15.437973022460938,0.006072751969600296,0.006648952645266853,44608310.0,1.6172502388007974,1,10.482066232085003,-4.215932057960117,-3.0783037388481302,-1.137628319111987,0.015536341093681289,-0.0091895896598538,0.015572907601155225,-0.03455562870506512,0
2026-01-20 00:00:00-05:00,252.04394930256512,254.09835490933511,242.75922413209136,246.0303192138672,80267500,0.0,0.0,-0.03455562870506512,-6.013630088697937,-0.023859450327366912,0.04608834721458443,255.5942810058594,264.4791000366211,270.29484313964844,0.930244844223232,0.9102294233810264,-0.052065252691387176,-0.09364777159071869,-20.504196166992188,0.01429270595914677,0.0095923245556393,46040150.0,1.7434239462729813,1,6.4670168161341195,-5.115923452763468,-3.4858276816311977,-1.6300957711322703,0.04608834721458443,-0.023859450327366912,0.04670937146789466,0.0038508809593345017,1
2026-01-21 00:00:00-05:00,248.02490552393743,250.8771427168815,244.51445623630568,246.97775268554688,54641700,0.0,0.0,0.0038508809593345017,-1.0471528383905593,-0.004221966484287185,0.02576218469635535,252.92156372070312,263.18163146972654,269.8588555908203,0.9384308141351286,0.9152108502973589,-0.05133101977349308,-0.09507802286321032,-14.6700439453125,0.014480886412408453,0.009508878188349532,41540635.0,1.3153795073185568,0,9.441679909105474,-5.687165055478147,-3.9260951564005877,-1.761069899077559,0.02576218469635535,-0.004221966484287185,0.02602171903663132,0.00282652826830998,1
2026-01-22 00:00:00-05:00,248.52352576906395,250.31864258405668,247.47637302553753,247.67584228515625,39708300,0.0,0.0,0.00282652826830998,-0.8476834839077014,-0.0034108782308818367,0.011475764177463715,250.60586547851562,262.05370025634767,269.4627337646484,0.9451339250042009,0.9191469218206586,-0.0446607431968421,-0.08347796842996702,-11.94744873046875,0.015533418334905163,0.009586005123378373,41697460.0,0.9522954155960579,0,11.871421183911323,-6.014219960707663,-4.343720117262003,-1.6704998434456604,0.011475764177463715,-0.0034108782308818367,0.011485013796552814,-0.0012482377059582772,0
2026-01-23 00:00:00-05:00,246.6486524137701,248.7329754164565,244.01580413580567,247.36668395996094,41689000,0.0,0.0,-0.0012482377059582772,0.7180315461908435,0.0029111513043513257,0.01906954972729617,248.5773895263672,260.8410011291504,269.0360952758789,0.9483427946110438,0.9194553753328252,-0.03938649620404322,-0.0892935830550895,-10.970169067382812,0.015922123466153574,0.00935903903765227,42299810.0,0.9855599824207248,0,12.083059510862569,-6.226583642191287,-4.72029282224786,-1.5062908199434268,0.01906954972729617,0.0029111513043513257,0.019331417066845043,0.02971293759961724,1
2026-01-26 00:00:00-05:00,250.7973351598156,255.86354695988197,249.12190294519746,254.7166748046875,55969200,0.0,0.0,0.02971293759961724,3.9193396448719113,0.01562751710409678,0.02646722685059347,248.55345458984374,259.9234977722168,268.64037200927737,0.9799678635746418,0.948169751625757,-0.00046961386339883227,-0.06719993437530414,-3.949249267578125,0.022919740333010058,0.011952851491215452,44202740.0,1.266193000705386,0,32.527209935901766,-5.73568316978924,-4.923370891756136,-0.8123122780331045,0.02646722685059347,0.01562751710409678,0.027061626998600586,0.011197552619307993,1
2026-01-27 00:00:00-05:00,258.4664593428383,261.23891141767155,257.50904348719195,257.5688781738281,49648300,0.0,0.0,0.011197552619307993,-0.8975811690101523,-0.0034727181673486368,0.01448105049385037,250.86116638183594,259.169051361084,268.3371969604492,0.9938257551244943,0.9598701972421354,0.046898930980660225,-0.05534016583671453,-1.974639892578125,0.012279532147023662,0.012388572005327485,45609065.0,1.0885621093087525,0,43.58324147651986,-5.0581844321093286,-4.950333599826775,-0.10785083228255399,0.01448105049385037,-0.0034727181673486368,0.014484415304292475,-0.0070854715103062516,0
2026-01-28 00:00:00-05:00,256.9505880888889,258.1572949521919,253.81911240916085,255.74388122558594,41288000,0.0,0.0,-0.0070854715103062516,-1.2067068633029407,-0.004696260367715117,0.016962996425335435,252.61439208984376,258.30540161132814,268.00789306640627,0.9900833650021903,0.9542401094963961,0.03549359585921952,-0.06326713291215713,-4.5974578857421875,0.014294371706542445,0.012385175678897433,46487705.0,0.8881488126806862,0,43.85854811662722,-4.615321252509204,-4.883331130363261,0.2680098778540563,0.016962996425335435,-0.004696260367715117,0.017091630735977827,0.007175173478534136,1
2026-01-29 00:00:00-05:00,257.29964922744847,258.94516415300217,253.7193980705993,257.5788879394531,67253000,0.0,0.0,0.007175173478534136,0.27923871200465555,0.0010852665864220178,0.02028802175600367,254.59500122070312,257.5674118041992,267.72606018066404,1.0000445558511208,0.962098675659876,0.03998389815868775,-0.05419647301421315,-1.675445556640625,0.014101820687298778,0.01260058903627724,48743375.0,1.3797362205633072,0,48.82055894403532,-4.069370120348708,-4.720538928360351,0.6511688080116427,0.02028802175600367,0.0010852665864220178,0.020596635977154366,0.0046461370951069725,1
2026-01-30 00:00:00-05:00,254.47732177254832,261.1890484668085,251.49543285360957,258.775634765625,92443400,0.0,0.0,0.0046461370951069725,4.298312993076678,0.01689075066939956,0.03745953757191446,256.8767913818359,256.9500930786133,267.56689392089845,1.0071046547021612,0.9671436961933249,0.04612161437031159,-0.04553807543927224,1.266571044921875,0.013367871754218755,0.012697967678998851,52000865.0,1.7777281204841497,1,50.16622801582472,-3.4997890577892576,-4.476388954246132,0.9765998964568743,0.03745953757191446,0.01689075066939956,0.03854390317633085,0.040581232988504023,1
2026-02-02 00:00:00-05:00,259.3241487899344,269.7557466562268,258.50636737104884,269.2770690917969,73913400,0.0,0.0,0.040581232988504023,9.952920301862491,0.03838022933191948,0.041776224478078466,259.7888702392578,256.90023040771484,267.61815490722654,1.0481776083440615,1.0061988103353654,0.05716309816887355,-0.003689782324522217,14.440719604492188,0.017725086079214396,0.01589741520292856,53804630.0,1.3737367955136945,0,61.41794945228037,-2.175931195772705,-4.016297402551447,1.840366206778742,0.041776224478078466,0.03838022933191948,0.04351683635332309,-0.0019629018353019,0
2026-02-03 00:00:00-05:00,268.4692659190308,271.1419837262723,266.88355520832346,268.7485046386719,64394700,0.0,0.0,-0.0019629018353019,0.2792387196410573,0.0010401142890049638,0.01584540358159108,262.02479553222656,257.0109298706055,267.6365057373047,1.0456695548861512,1.0041548849933748,0.043404414943714054,0.008306576184509806,22.718185424804688,0.018695228337241087,0.015574474138050647,54742005.0,1.176330680617197,0,59.924726758927484,-1.1560883691341246,-3.4442555958679826,2.288167226733858,0.01584540358159108,0.0010401142890049638,0.015956129311245203,0.02601293089498702,1
2026-02-04 00:00:00-05:00,271.5508603406617,278.19278500760885,271.5508603406617,275.73944091796875,90545700,0.0,0.0,0.02601293089498702,4.18858057730705,0.01542466325480412,0.024087684535935107,266.02390747070314,257.71551208496095,267.84074951171874,1.069937306789146,1.0294902527738947,0.07818587720089054,0.05385730156554813,28.761688232421875,0.01754588670090503,0.01590110574162452,56651685.0,1.598287853220959,1,67.07997725974919,0.21379011127174863,-2.7126464544400366,2.9264365657117852,0.024087684535935107,0.01542466325480412,0.024459228958489856,-0.0020977418894285726,0
2026-02-05 00:00:00-05:00,277.3749854862336,278.7412615768201,272.48829324857786,275.1610107421875,52977400,0.0,0.0,-0.0020977418894285726,-2.2139747440460837,-0.007981883226293908,0.02272476144558484,269.54033203125,258.4923980712891,267.9289093017578,1.0644839569568365,1.0269926132990914,0.06825917660948688,0.059847171899640506,27.48516845703125,0.01904421086197463,0.01575474767276183,56885065.0,0.9313059587784597,0,68.74208574676204,1.238477794304913,-1.9224216046910467,3.1608993989959595,0.02272476144558484,-0.007981883226293908,0.02294765860835694,0.008009892113060468,1
2026-02-06 00:00:00-05:00,276.3677353153735,280.14745564173626,276.1782486476445,277.3650207519531,50453400,0.0,0.0,0.008009892113060468,0.9972854365796024,0.0036085450982241574,0.01431040937797772,273.2582092285156,259.44380645751954,267.9727893066406,1.0690755140357067,1.0350491983518708,0.07183592073173606,0.07365641990922356,29.998336791992188,0.01871260482894318,0.015675534492127382,56886770.0,0.8869092057784261,0,74.16045298179964,2.203000534847206,-1.0973371767833964,3.3003377116306023,0.01431040937797772,0.0036085450982241574,0.014371902977615567,-0.011660527356121553,0
2026-02-09 00:00:00-05:00,277.41494619870406,277.70443813431814,271.2160169672847,274.13079833984375,44623400,0.26,0.0,-0.011660527356121553,-3.284147858860308,-0.011838395529374149,0.023669070408461185,274.228955078125,260.21705017089846,267.93104248046876,1.0534697790164302,1.0231393712426096,0.01802503742489936,0.05978705669501938,19.41412353515625,0.01430089381498532,0.016042371041572138,57118090.0,0.7812481124631443,0,84.22611624657617,2.675574677213774,-0.34275480598396235,3.0183294831977365,0.023669070408461185,-0.011838395529374149,0.02392344390123574,-0.003423017398520134,0
2026-02-10 00:00:00-05:00,274.40031021957236,274.87943562430115,272.4537718732244,273.19244384765625,34376900,0.0,0.0,-0.003423017398520134,-1.2078663719161113,-0.004401840402256065,0.008878956229219115,275.11774291992185,260.8994964599609,267.8589599609375,1.0471175588856756,1.0199115381001125,0.016535679761117805,0.052588197474297216,15.623565673828125,0.014458465888178555,0.016106506227997107,56573745.0,0.6076475934198805,0,81.93630755114438,2.940479704737186,0.3138920961602673,2.6265876085769184,0.008878956229219115,-0.004401840402256065,0.008903028702445078,0.0066501563343039916,1
2026-02-11 00:00:00-05:00,274.2106536370846,279.6808719096702,273.9610989943363,275.00921630859375,51931300,0.0,0.0,0.0066501563343039916,0.7985626715091598,0.002912223361554911,0.02079847720054458,274.97169799804686,261.63289031982424,267.7972839355469,1.051126316620277,1.0269305657886456,-0.002648241422931741,0.05634094549614832,19.265335083007812,0.008049799529999693,0.0161308448284561,56883770.0,0.912937029314337,0,82.41560419420264,3.259444356179472,0.9030025481641083,2.3564418080153637,0.02079847720054458,0.002912223361554911,0.02087804778244143,-0.0499817899391245,0
2026-02-12 00:00:00-05:00,275.0990585104662,275.22883180172755,259.71650632997444,261.2637634277344,81077200,0.0,0.0,-0.0499817899391245,-13.835295082731818,-0.05029204809948651,0.059374194370601374,272.19224853515624,261.7333618164063,267.3759295654297,0.9982058137892207,0.9771401780720144,-0.05050587391348904,0.007750805568196517,3.68487548828125,0.02369656434205919,0.019976807883692393,58936660.0,1.375666690307866,0,62.49802050876424,2.375697407626319,1.1975415200565505,1.1781558875697686,0.059374194370601374,-0.05029204809948651,0.05972791522170112,-0.022733375921363264,0
2026-02-13 00:00:00-05:00,261.5432690161623,261.7628783299504,254.9949421084194,255.32435607910156,56290700,0.0,0.0,-0.022733375921363264,-6.218912937060736,-0.02377775945240033,0.026507209595915928,267.78411560058595,261.6241264343262,266.77415435791016,0.9759205298032557,0.9570805563741107,-0.0794644710897503,-0.008484002893083042,-3.4512786865234375,0.021736361583365782,0.020595772516529533,59781765.0,0.9416031794979624,0,50.56073084665922,1.1824307231694888,1.1945193606791382,-0.012088637509649391,0.026507209595915928,-0.02377775945240033,0.026541452805183125,0.03166790145686926,1
2026-02-17 00:00:00-05:00,257.5903108294174,265.8156532326085,255.08478749757862,263.4099426269531,58469100,0.0,0.0,0.03166790145686926,5.819631797535749,0.022592588124906807,0.040738271410761306,265.6399444580078,262.0528060913086,266.3747799682617,1.0051788666409918,0.9888696769954655,-0.03910854153497856,0.033643525175656164,-5.86712646484375,0.030772190929000597,0.021624833435245856,59098080.0,0.9893570146441306,0,54.91507247805936,0.8790642337721692,1.1314283352977446,-0.2523641015255753,0.040738271410761306,0.022592588124906807,0.04206783885586177,0.001781167564954833,1
2026-02-18 00:00:00-05:00,263.13045584681157,266.3447212846438,261.9825104325609,263.8791198730469,34203300,0.0,0.0,0.001781167564954833,0.7486640262353035,0.002845219964469481,0.01653109520064181,263.77727966308595,262.94524612426756,266.05360137939454,1.0035515901600973,0.9918269044467967,-0.03409070852560947,0.07254715888761765,-4.869384765625,0.031034170325429624,0.019856769630337473,56794870.0,0.6022251657588088,0,57.00539433404401,0.6687933544880593,1.0389013391358075,-0.3701079846477482,0.01653109520064181,0.002845219964469481,0.016650771247593732,-0.01426159138112626,0
2026-02-19 00:00:00-05:00,262.13220471573277,264.00886051677537,259.5867290635135,260.11578369140625,30845300,0.0,0.0,-0.01426159138112626,-2.016421024326519,-0.007692381889944469,0.017000627145749007,260.79859313964846,263.60214767456057,265.69545196533204,0.9867741442400593,0.9789997599407391,-0.05415612180966056,0.05319520022755553,-15.6236572265625,0.030213260972495243,0.020258307826555345,55605050.0,0.5547211988839144,0,52.11434649552963,0.19622048181850005,0.8703651676723461,-0.674144685853846,0.017000627145749007,-0.007692381889944469,0.017035275528973316,0.015350431056632585,1
2026-02-20 00:00:00-05:00,258.50868117461044,264.2783836675007,257.7001265171608,264.1086730957031,42070500,0.0,0.0,0.015350431056632585,5.5999919210926805,0.021662684191677686,0.024907387831054548,261.36757507324216,264.4237892150879,265.4349124145508,0.9988082913405025,0.9950035234371265,0.01088903271790942,0.06634813738365031,-11.052337646484375,0.021988600710898535,0.020452118227581625,55723160.0,0.7549912819014571,0,54.246822289273744,0.14225604138806602,0.7247433424154901,-0.5824873010274241,0.024907387831054548,0.021662684191677686,0.02552679053458602,0.006047273769737682,1
2026-02-23 00:00:00-05:00,263.0206001676805,268.95002088588865,262.91081074777924,265.705810546875,37308200,0.0,0.0,0.006047273769737682,2.685210379194473,0.010209125739514704,0.022728935154558812,263.44386596679686,265.3407455444336,265.2204769897461,1.0013758346901918,1.001829924908655,0.04065986742195937,0.07413741532745144,-11.659210205078125,0.01697200176608657,0.020429587679243633,55504120.0,0.6721699218003997,0,46.68617756331838,0.2257620338349966,0.6249470806993914,-0.3991850468643948,0.022728935154558812,0.010209125739514704,0.022970566029340896,0.02239105106810335,1
2026-02-24 00:00:00-05:00,267.38283777638213,274.4003442568012,267.233111068832,271.6552429199219,47014600,0.0,0.0,0.02239105106810335,4.272405143539743,0.015978606477027688,0.0263835628973373,265.0929260253906,266.1876739501953,265.0931167602539,1.0205402785508002,1.0247540420508265,0.03130216046797418,0.06649964368537153,-2.475555419921875,0.01400078244881876,0.020001560173296094,55056390.0,0.8539353924222056,0,52.450662812076914,0.763212763843228,0.6526002173281588,0.11061254651506924,0.0263835628973373,0.015978606477027688,0.026820153982053212,0.007679856169661159,1
2026-02-25 00:00:00-05:00,271.29586819299504,274.45024283739696,270.567157599074,273.74151611328125,33714300,0.0,0.0,0.007679856169661159,2.4456479202862056,0.00901468915312199,0.014185225878255318,267.0654052734375,266.99630584716795,265.02244232177736,1.0252633093357266,1.032899379068123,0.03737467460471744,0.06278956547125447,0.549072265625,0.013775568259537659,0.019944910336738838,54259690.0,0.6213507670242864,0,48.163688330776196,1.3420211658687435,0.7904844070362758,0.5515367588324678,0.014185225878255318,0.00901468915312199,0.01435165033620567,-0.004667689785084916,0
2026-02-26 00:00:00-05:00,274.4602128097023,275.61811956353745,270.31758130113775,272.4637756347656,32345100,0.0,0.0,-0.004667689785084916,-1.9964371749366592,-0.007274049504293339,0.019454102660256038,269.5350036621094,267.83230056762693,264.9212258911133,1.0172924440305484,1.0284709151495186,0.04747113676888093,0.06537749536393189,-2.545440673828125,0.010201307208974842,0.019886277502929865,53812545.0,0.6010698806384274,0,47.55240901462745,1.6782818282479184,0.9680438912786044,0.710237936969314,0.019454102660256038,-0.007274049504293339,0.019608559076647037,-0.03213037767415727,0
2026-02-27 00:00:00-05:00,272.3240439665745,272.3240439665745,262.4217314181026,263.70941162109375,72366500,0.0,0.0,-0.03213037767415727,-8.614632345480743,-0.03163375594752154,0.03755009154811614,269.4551513671875,268.13882675170896,264.72809661865233,0.9834808886714613,0.9961519573835563,-0.0015117317804428376,0.023800567393868377,2.445648193359375,0.02031603385914414,0.02137583439238041,54068220.0,1.3384294877841365,0,38.92491753095806,1.224254370864685,1.0192859871958204,0.2049683836688645,0.03755009154811614,-0.03163375594752154,0.03773434652290699,0.0020439219879577752,1
2026-03-02 00:00:00-05:00,261.94253069595567,266.05518620599753,259.73647625260065,264.2484130859375,41827900,0.0,0.0,0.0020439219879577752,2.305882389981832,0.008803008751023854,0.023912007189015504,269.163671875,268.41246566772463,264.53577423095703,0.9844863666393873,0.9989137153723162,-0.005485004102612212,0.0211487388496574,8.924057006835938,0.020089045081569553,0.021362919176251022,51537445.0,0.8116021273464371,0,41.61869414313334,0.8975805040606133,0.994944890568779,-0.0973643865081657,0.023912007189015504,0.008803008751023854,0.02432738768370663,-0.003664094667077511,0
2026-03-03 00:00:00-05:00,263.0106738027697,265.08695529305965,259.6666350681776,263.2801818847656,38568900,0.0,0.0,-0.003664094667077511,0.269508081995923,0.001024703971512676,0.02058764995556888,267.48865966796876,268.11262130737305,264.3793368530273,0.9819760837850772,0.9958425080365765,-0.030829741937375532,-0.02227032263555606,-0.1297607421875,0.015344072513687117,0.01926511053841626,49770220.0,0.7749393110980823,0,41.597613634835014,0.5541727860543801,0.9067904696658993,-0.35261768361151913,0.02058764995556888,0.001024703971512676,0.02087414974765207,-0.004663640952734749,0
2026-03-04 00:00:00-05:00,264.17854815272653,265.67587606267574,260.95432154975975,262.0523376464844,39803100,0.0,0.0,-0.004663640952734749,-2.1262105062421597,-0.00804838440179843,0.018017601198755534,265.15082397460935,267.7778129577637,264.19136138916014,0.9786185597378736,0.99190350611228,-0.042701518690937634,-0.024916108840085993,-1.8267822265625,0.013437741211811547,0.01928206087265351,48540640.0,0.8199953688290884,0,38.905998172996725,0.18085810722874385,0.7616039971784683,-0.5807458899497244,0.018017601198755534,-0.00804838440179843,0.018093413762514228,-0.008494536639458317,0
2026-03-05 00:00:00-05:00,260.3254337562426,261.09405110124777,256.79173142961054,259.8263244628906,49658600,0.0,0.0,-0.008494536639458317,-0.49910929335197807,-0.0019172513655324292,0.016558444108890548,262.6233337402344,266.98215713500974,263.9293453979492,0.9731973374216896,0.9844540934662946,-0.04638213334023289,-0.05771070109557597,-0.289459228515625,0.013264476285070975,0.018245979719079555,46496285.0,1.0680122078570362,0,48.46677868580844,-0.2912596655535822,0.5510312646320582,-0.8422909301856404,0.016558444108890548,-0.0019172513655324292,0.016754120733114605,-0.010872576884936036,0
2026-03-06 00:00:00-05:00,258.16927189629365,258.3090066542827,253.916851068475,257.0013427734375,41120000,0.0,0.0,-0.010872576884936036,-1.167929122856151,-0.004523888975157768,0.017090010263797164,261.28171997070314,266.0741737365723,263.6646829223633,0.9659011213462703,0.9747279761738593,-0.025437350932679736,-0.06599651571190346,-7.107330322265625,0.004952999641658838,0.018333296796446047,45903415.0,0.8957939186006095,0,51.916030302787284,-0.8831879736948736,0.26418741696667186,-1.1473753906615454,0.017090010263797164,-0.004523888975157768,0.017297613637399928,0.009399602442343502,1
2026-03-09 00:00:00-04:00,255.2345148744848,260.68477987096253,253.22808575123491,259.41705322265625,38218500,0.0,0.0,0.009399602442343502,4.182538348171448,0.01638704056239522,0.02874403986590494,260.31544799804686,265.1767753601074,263.4206106567383,0.9782796885978061,0.9848016545702301,-0.018283401617666506,-0.06470883560096674,-6.28875732421875,0.00785739354367867,0.01838077779369526,45291670.0,0.8438306646674764,0,44.7589054024065,-1.1441784018030035,-0.0174857467872632,-1.1266926550157403,0.02874403986590494,0.01638704056239522,0.02944655249281033,0.003655516130785408,1
2026-03-10 00:00:00-04:00,257.19102845716964,262.01244158439727,256.4922936817907,260.3653564453125,30590800,0.0,0.0,0.003655516130785408,3.1743279881428634,0.01234229672467556,0.021201545312984058,259.73248291015625,264.48850326538087,263.16658294677734,0.9844108656173561,0.9893556907184095,-0.011071191984852513,-0.0502148681501523,-11.289886474609375,0.008510905288673326,0.018327709361565952,44590040.0,0.6860455832737535,0,45.44510140414256,-1.2599708915128645,-0.2659827757323835,-0.993988115780481,0.021201545312984058,0.01234229672467556,0.02152169105499497,-7.665572857407099e-05,0
2026-03-11 00:00:00-04:00,260.624897946549,261.6630538494394,259.08763272962494,260.34539794921875,26218900,0.0,0.0,-7.665572857407099e-05,-0.27949999733027653,-0.0010724224720371825,0.009892324351040746,259.39109497070314,263.846150970459,262.920334777832,0.9867318397165771,0.9902063990950374,-0.0065137358155085145,-0.04702562676148381,-13.3961181640625,0.008425086196790535,0.018333260973989515,44182140.0,0.5934275705069967,0,50.32964144264134,-1.3379249912130717,-0.48037121882852113,-0.8575537723845506,0.009892324351040746,-0.0010724224720371825,0.00994034756765898,-0.01936274044373243,0
2026-03-12 00:00:00-04:00,258.1992408199258,258.48873275942157,253.7272102811576,255.3043975830078,40794000,0.0,0.0,-0.01936274044373243,-2.894843236918007,-0.011211664401976061,0.018650373919688726,258.48670959472656,262.8609100341797,262.56608520507814,0.9712528102782977,0.9723433907452345,-0.01740365180175829,-0.07165148495777951,-17.159378051757812,0.011568167968938316,0.01858999992210959,43625275.0,0.9351001225780239,0,37.72957197036878,-1.7858842154484478,-0.7414738181525065,-1.0444103972959413,0.018650373919688726,-0.011211664401976061,0.018766306037841508,-0.022051947243152514,0
2026-03-13 00:00:00-04:00,255.024890934378,255.87336762960538,249.07551643845036,249.6744384765625,36930000,0.0,0.0,-0.022051947243152514,-5.350452457815493,-0.020980118600235968,0.02722686083779116,257.0213287353516,262.2814437866211,262.11280029296876,0.9519332929998853,0.9525457673089461,-0.028509206285875832,-0.044358715495489975,-14.03497314453125,0.014152751661838436,0.01575015506165057,41417915.0,0.8916431452428255,0,29.914997874182177,-2.5656110097031615,-1.1063012564626376,-1.459309753240524,0.02722686083779116,-0.020980118600235968,0.027292330006409328,0.010794880344667579,1
2026-03-16 00:00:00-04:00,251.66090222791988,253.43773019062647,249.4348789230203,252.36964416503906,32074200,0.0,0.0,0.010794880344667579,0.7087419371191856,0.002816257634160846,0.01586106475225866,255.61184692382812,262.13370819091796,261.73775299072264,0.9627515892814231,0.9642080337336142,-0.027166329160205338,-0.01157238564873575,-11.878768920898438,0.014533234742844839,0.01521917412055628,40207090.0,0.7977249783558074,0,23.692789303116527,-2.9322681752412905,-1.4714946402183682,-1.4607735350229223,0.01586106475225866,0.002816257634160846,0.016047680600600793,0.0055770205952525576,1
2026-03-17 00:00:00-04:00,252.5093881906664,254.67552076289968,251.7307636559193,253.77711486816406,32361600,0.0,0.0,0.0055770205952525576,1.2677266774976488,0.005020513045401724,0.011603714182463467,254.29419860839843,261.65206680297854,261.4078088378906,0.969902963003368,0.9708092347981132,-0.025303833302155354,-0.03656971966480127,-9.503067016601562,0.014854673449171062,0.013318838345153705,38901715.0,0.8318810623130626,0,22.253000688380112,-3.0738421585305673,-1.791964143880808,-1.2818780146497593,0.011603714182463467,0.005020513045401724,0.011698042242486684,-0.01687444762321122,0
2026-03-18 00:00:00-04:00,252.1799767808244,254.48585937367065,248.55643828829037,249.49476623535156,35757900,0.0,0.0,-0.01687444762321122,-2.6852105454728417,-0.01064799267471827,0.023765713304731154,252.124072265625,260.93284912109374,261.0670138549805,0.9561646495476926,0.9556732677608318,-0.041677831831633316,-0.05451114754595088,-12.557571411132812,0.015347416478200286,0.013704275460852315,38979445.0,0.9173527226978219,0,20.53773967859786,-3.491344262488326,-2.1318401676023115,-1.3595040948860144,0.023765713304731154,-0.01064799267471827,0.02385543149159143,-0.003920887726655109,0
2026-03-19 00:00:00-04:00,248.95572868612365,251.38140795985734,246.85947863088072,248.5165252685547,34864100,0.0,0.0,-0.003920887726655109,-0.43920341756896164,-0.0017641828122890754,0.018195688693498704,250.76649780273436,260.3528861999512,260.80438842773435,0.9545372394208599,0.9528847530777479,-0.026587369347001455,-0.04459267430158176,-11.309799194335938,0.014087691028060843,0.013437960214350472,39180385.0,0.8898355644029532,0,25.65575698421958,-3.856695967926356,-2.4768113276671206,-1.3798846402592355,0.018195688693498704,-0.0017641828122890754,0.0183178274298233,-0.003896289131202657,0
2026-03-20 00:00:00-04:00,247.53824109812177,248.75606899357115,245.56177255944445,247.54823303222656,88331100,0.0,0.0,-0.003896289131202657,0.00999193410478938,4.036521411990107e-05,0.012903733526996558,250.34125671386718,259.52486419677734,260.5628872680664,0.9538517004849684,0.9500517730199605,-0.008515911589946468,-0.06270312848633974,-9.453109741210938,0.010595877176557727,0.012789063052457963,41493415.0,2.128798027349641,1,23.603698163700713,-4.1762319159062145,-2.8166954453149393,-1.3595364705912751,0.012903733526996558,4.036521411990107e-05,0.013008117675781307,0.01411350980480508,1
2026-03-23 00:00:00-04:00,253.51758537106093,254.14646797882926,249.83415620831627,251.04200744628906,40546100,0.0,0.0,0.01411350980480508,-2.475577924771869,-0.009764915996452437,0.01717765012469325,250.0757293701172,258.791674041748,260.4169903564453,0.9700544207067157,0.9640001103717378,-0.0052606830870743915,-0.05518811602352591,-8.375045776367188,0.011625333774522673,0.013214621573930888,41655310.0,0.9733717021911492,0,32.08651102829339,-4.1002825553281355,-3.073412867317579,-1.0268696880105566,0.01717765012469325,-0.009764915996452437,0.017260697400067696,0.0005963911769359953,1
2026-03-24 00:00:00-04:00,249.90403139868116,254.37604644028636,249.10545347620703,251.1917266845703,45152300,0.0,0.0,0.0005963911769359953,1.287695285889157,0.005152759155913131,0.020982350946206853,249.55865173339845,257.7684982299805,260.2675064086914,0.9744857436398516,0.9651290326274167,-0.010187633289695408,-0.07532899426271622,-9.173629760742188,0.011123413288985362,0.011861545636812297,41562195.0,1.086379100045125,0,33.58480992806717,-3.9821077887977196,-3.2551518516136073,-0.7269559371841123,0.020982350946206853,0.005152759155913131,0.021158079401833493,0.003894460372950048,1
2026-03-25 00:00:00-04:00,253.6473574345128,254.5457480998694,251.15181088451408,252.16998291015625,28476700,0.0,0.0,0.003894460372950048,-1.4773745243565486,-0.005824521648083719,0.013458926301170916,250.09369506835938,256.6899215698242,260.1200357055664,0.9823914447749813,0.9694369840683517,0.010722536248640724,-0.07880256348912074,-8.1754150390625,0.007449755410883408,0.011697101788070697,41300315.0,0.68950321565344,0,37.97429036794742,-3.7661030415970345,-3.357342089610293,-0.40876095198674145,0.013458926301170916,-0.005824521648083719,0.013513488926886296,0.001068847476965784,1
2026-03-26 00:00:00-04:00,251.67088153367666,256.5421934269488,250.32329549316128,252.43951416015625,41796700,0.0,0.0,0.001068847476965784,0.7686326264795866,0.003054118226930175,0.024635200057634598,250.8782928466797,255.68870849609374,259.96199920654294,0.9872923823854071,0.9710631358839106,0.01578562587482768,-0.07349329806488347,-2.8648834228515625,0.006731547517450128,0.011750852494438701,41772895.0,1.0005698671351364,0,42.20939904562767,-3.5324489314928087,-3.3923634579867965,-0.1400854735060122,0.024635200057634598,0.003054118226930175,0.02484346461457251,-0.016173054004998577,0
2026-03-27 00:00:00-04:00,253.4477020992108,255.03488128462607,247.6281009352486,248.35679626464844,47900000,0.0,0.0,-0.016173054004998577,-5.0909058345623635,-0.020086612711010317,0.029823143400049427,251.04000549316407,254.92107772827148,259.7440484619141,0.9742497500711961,0.9561597185202289,0.0032662856143943486,-0.05821792730895947,-1.3176422119140625,0.010896944033285536,0.010155387029719532,40549570.0,1.1812702329519154,0,32.129041611008304,-3.6348176638847747,-3.4408542991663924,-0.19396336471838227,0.029823143400049427,-0.020086612711010317,0.029910903978196898,-0.008721878071757172,0
2026-03-30 00:00:00-04:00,249.62453299565456,250.4230956915925,245.07264337813007,246.19065856933594,39446200,0.0,0.0,-0.008721878071757172,-3.4338744263186243,-0.013756157638473782,0.0217329623494043,250.06973571777343,254.0181900024414,259.5176803588867,0.9691851538937812,0.9486469601180126,-0.019324848961746244,-0.06833628367232203,-6.178985595703125,0.008359628049288368,0.01016233098122394,40430485.0,0.9756548802221888,0,27.964013817191216,-3.8463959722067216,-3.5219626337744585,-0.3244333384322631,0.0217329623494043,-0.013756157638473782,0.02183210757312904,0.02903135056377537,1
2026-03-31 00:00:00-04:00,247.4683905467953,255.02489784868362,246.65983587287727,253.33790588378906,49598100,0.0,0.0,0.02903135056377537,5.869515336993771,0.02371824265727331,0.033019385498684786,250.49897155761718,253.52107620239258,259.4877114868164,0.9992774947103125,0.976300204862149,0.008543988400994573,-0.03776310062459687,-0.439208984375,0.017177066114066775,0.012494057484417115,40981945.0,1.2102427056597729,0,41.082324266195656,-3.3981780978335507,-3.497205726586277,0.0990276287527263,0.033019385498684786,0.02371824265727331,0.03391335255780156,0.007250122916362178,1
2026-04-01 00:00:00-04:00,253.6273948962928,255.72364490973627,252.8787309132899,255.1746368408203,40059400,0.0,0.0,0.007250122916362178,1.5472419445275136,0.00610045277309328,0.011148890154866928,251.09990234375,253.17719116210938,259.6705978393555,1.0078895167038644,0.982685906544889,0.011915192664840646,-0.026245523575302965,5.67987060546875,0.017343136418359082,0.012635995863118078,40994760.0,0.9771834253938796,0,49.82020442232847,-2.861764722788479,-3.3701175258267178,0.5083528030382389,0.011148890154866928,0.00610045277309328,0.011250111807235634,0.0011344171618641319,1
2026-04-02 00:00:00-04:00,253.74717405681358,255.6737439434535,250.20349485503914,255.464111328125,31289400,0.0,0.0,0.0011344171618641319,1.7169372713114228,0.00676633061114211,0.021412984626197562,251.70482177734374,252.9590805053711,259.840325012207,1.0099029092679703,0.9831580656933199,0.011981472781831704,-0.016788957561490903,6.9475860595703125,0.017341816891728676,0.012528549915325449,40076300.0,0.7807457275247466,0,59.41558796057797,-2.3857931482212678,-3.1732526503056278,0.78745950208436,0.021412984626197562,0.00676633061114211,0.02186320015866953,0.011487928393195235,1
2026-04-06 00:00:00-04:00,256.0530752925303,261.6930045642991,256.0031460821725,258.39886474609375,29329900,0.0,0.0,0.011487928393195235,2.345789453563441,0.009161340674715471,0.022019672910395718,253.7132354736328,253.0289566040039,260.0547854614258,1.0212225043890684,0.993632415906541,0.04043403938398571,0.005437800275962967,10.850631713867188,0.013980311871559,0.012577336889764413,39486795.0,0.7427774272386503,0,59.7293526634568,-1.751581036249803,-2.888918327494463,1.13733729124466,0.022019672910395718,0.009161340674715471,0.02222573655520711,-0.020706161436335524,0
2026-04-07 00:00:00-04:00,255.70368128016966,255.7436185540334,245.2623079794448,253.0484161376953,62148000,0.0,0.0,-0.020706161436335524,-2.6552651424743487,-0.010384149063403687,0.041420178535657035,255.08478698730468,252.71052474975585,260.16842010498044,1.0013370689181784,0.9726330968054765,0.027855474323076335,-0.02454980120175354,2.00640869140625,0.018016426820672227,0.013221842179540293,40683270.0,1.5276058192962365,1,48.956846161239305,-1.6615465806885652,-2.6434439781332837,0.9818973974447185,0.041420178535657035,-0.010384149063403687,0.042735105369174804,0.02130183701774646,1
2026-04-08 00:00:00-04:00,257.9896321241455,259.28730423338584,256.07303883918246,258.4388122558594,41032800,0.0,0.0,0.02130183701774646,0.44918013171388793,0.0017410782286698286,0.012437239461622335,256.10496826171874,252.61419754028321,260.24286285400393,1.0230573529607232,0.9930678191195713,0.020134793308073773,-0.00739938759808767,7.2470855712890625,0.015688754578769056,0.014118417286667444,41205370.0,0.9958119536361402,0,62.40997240473452,-1.1420686521680636,-2.3431689129402398,1.2011002607721761,0.012437239461622335,0.0017410782286698286,0.012552142969732887,0.0061413306665165646,1
2026-04-09 00:00:00-04:00,258.5386343954405,260.6548530924392,255.61386101634736,260.0259704589844,28121600,0.0,0.0,0.0061413306665165646,1.4873360635438644,0.005752858047780013,0.01938649461511006,257.0752349853516,252.59822616577148,260.29200469970704,1.02940536996621,0.9989779392531493,0.01901181746832603,-0.0012269373407425288,7.855987548828125,0.015640746663216423,0.014191327820946896,41300505.0,0.680902085821953,0,65.70413271800672,-0.5954443369563478,-1.9936239977434616,1.3981796607871138,0.01938649461511006,0.005752858047780013,0.019721121757827836,-3.837788982874457e-05,0
2026-04-10 00:00:00-04:00,259.5168819122501,261.7229364827484,258.5585701252562,260.0159912109375,31291500,0.0,0.0,-3.837788982874457e-05,0.49910929868741505,0.001923224782178825,0.012169891331510939,257.98561096191406,252.83380584716798,260.37744689941405,1.0284067446586276,0.9986118010880712,0.01781807964785287,0.018454807956834296,7.57647705078125,0.015700741435117908,0.01343908871779479,40825380.0,0.7664717389035938,0,67.46853753240529,-0.16118779825055185,-1.6271367578448797,1.4659489595943278,0.012169891331510939,0.001923224782178825,0.01223848954594414,-0.004913966848681062,0
2026-04-13 00:00:00-04:00,259.2673359057164,259.71651601158027,256.2027973984465,258.73828125,36234700,0.0,0.0,-0.004913966848681062,-0.5290546557163793,-0.0020405758167267637,0.013580203888495105,258.0534942626953,253.28699798583983,260.400634765625,1.0215221598720394,0.9936161694954345,0.0013135371327570589,0.0363026460727911,10.381484985351562,0.015360182809991529,0.012397908787328184,40790615.0,0.8883097251659481,0,61.497182365955524,0.07895300069770883,-1.285918806136362,1.3648718068340708,0.013580203888495105,-0.0020405758167267637,0.013714598938079728,-0.0014275206833038734,0
2026-04-14 00:00:00-04:00,258.7881922504944,261.4634109961452,256.7318642110386,258.3689270019531,48370700,0.0,0.0,-0.0014275206833038734,-0.4192652485412509,-0.001620109653748895,0.018313141754352093,259.1175964355469,253.58696212768555,260.3925006103516,1.0188572978442787,0.9922287561905382,0.021025663568519093,0.023771808439016384,12.178268432617188,0.010355409463172947,0.01223432685292505,41605440.0,1.1626051785535738,0,60.65185893751577,0.23673359546313577,-0.9813883258164625,1.2181219212795984,0.018313141754352093,-0.001620109653748895,0.01842991636292249,0.029362881933440832,1
2026-04-15 00:00:00-04:00,257.7001261657452,266.08515659729386,257.35074355126085,265.95538330078125,49913500,0.0,0.0,0.029362881933440832,8.25525713503606,0.03203435426231232,0.032841647864502374,260.62091064453125,254.1958755493164,260.32606689453127,1.0462615993514945,1.0216240980913012,0.029084528671646792,0.0479880482483368,12.617477416992188,0.01375168731861377,0.013740830910818024,42483035.0,1.1749042882647156,0,67.10428265913814,0.9628404488700539,-0.5925425708791593,1.5553830197492133,0.032841647864502374,0.03203435426231232,0.033939723373261725,-0.011372573588962043,0
2026-04-16 00:00:00-04:00,266.3247234477873,266.68409800240715,260.80457553569033,262.9307861328125,43323100,0.0,0.0,-0.011372573588962043,-3.393937314974778,-0.01274360589222636,0.02236148361777208,261.2018737792969,254.86767654418946,260.20971252441404,1.031636454249329,1.0104572330602115,0.011171252120319775,0.05385291282938809,7.7561492919921875,0.01573801247660476,0.013384345263613073,42861295.0,1.0107744061396184,0,62.18409006171116,1.2794766374407232,-0.21813872921518282,1.497615366655906,0.02236148361777208,-0.01274360589222636,0.022543785724005543,0.025930172257302875,1
2026-04-17 00:00:00-04:00,266.4844323486072,271.8149160854778,266.24486962975914,269.7486267089844,61436200,0.0,0.0,0.025930172257302875,3.2641943603771892,0.012249099625103297,0.020649026182913144,263.1484008789063,255.92928161621094,260.0898962402344,1.0539967330252455,1.0371361233495537,0.03743091127865017,0.08543537061563855,14.284515380859375,0.018759243323160497,0.014242800181117359,44189900.0,1.3902769637405832,0,73.35950207629281,2.0568458153324514,0.23685817969434403,1.8199876356381073,0.020649026182913144,0.012249099625103297,0.020920765397148888,0.010435424419368289,1
2026-04-20 00:00:00-04:00,269.84841238867654,273.7913879220191,269.80850557942483,272.5635681152344,36590200,0.0,0.0,0.010435424419368289,2.715155726557839,0.010061781362815879,0.014612673183491631,265.9134582519531,257.1800483703613,260.03794738769534,1.0598161476457906,1.0481684340819086,0.053433480343312745,0.10105236776120008,14.164703369140625,0.017425134311947168,0.01417421602584155,41602855.0,0.8795117546620298,0,78.39638602951203,2.8670096330927777,0.7628884703740308,2.104121162718747,0.014612673183491631,0.010061781362815879,0.01476188578281058,-0.025196714096157535,0
2026-04-21 00:00:00-04:00,271.0163536236942,272.3140256362382,264.9272139873882,265.69586181640625,50209800,0.0,0.0,-0.025196714096157535,-5.320491807287965,-0.019631626417184623,0.027801756483336788,267.37884521484375,257.91274108886716,259.8045642089844,1.030177340966871,1.0226758818705084,0.02835842103566022,0.058372120742590905,12.647445678710938,0.02365168545655233,0.015496131369383085,42086040.0,1.193027426671647,0,63.38671218100213,2.9212296757837635,1.1945567114559774,1.726672964327786,0.027801756483336788,-0.019631626417184623,0.027882419241390864,0.026299050276339386,1
2026-04-22 00:00:00-04:00,267.3429346055621,273.2523721409737,266.39461467279705,272.68341064453125,43249200,0.0,0.0,0.026299050276339386,5.340476038969143,0.019976125596318766,0.025149155395875537,268.7244506835938,258.98732528686526,259.77561645507814,1.05288322639919,1.0496882438990773,0.02529757909107988,0.08555888461624672,14.244598388671875,0.02291794186744835,0.016333466998836255,41990885.0,1.029966384371275,0,67.06229953799874,3.487830702064059,1.6532115095775939,1.8346191924864652,0.025149155395875537,0.019976125596318766,0.02574285323522698,0.0009516199250387825,1
2026-04-23 00:00:00-04:00,274.56001085217736,275.2787294551341,271.1660737405759,272.9429016113281,33399600,0.0,0.0,0.0009516199250387825,-1.6171092408492314,-0.005889820720177201,0.015067824406786256,270.72687377929685,260.02597122192384,259.77062561035154,1.0496755394420971,1.0507073344802835,0.03807890139368575,0.08237665110431847,12.91693115234375,0.021292484214367097,0.016349984893424253,42237030.0,0.7907658279950082,0,67.0430401894911,3.9127016607225755,2.10510953980659,1.8075921209159853,0.015067824406786256,-0.005889820720177201,0.01516655700260203,-0.008667687188198547,0
2026-04-24 00:00:00-04:00,272.2741016414235,272.5735550213531,269.16962610782736,270.5771179199219,38157100,0.0,0.0,-0.008667687188198547,-1.6969837215016241,-0.006232629953679908,0.012580254160786663,270.8925720214844,260.93285140991213,259.68198364257813,1.036960721725526,1.0419556802690617,0.003071345426463701,0.07184930544692181,10.561126708984375,0.01941987283156086,0.01658796787542764,42055050.0,0.9073131526415972,0,62.00788254537971,4.01226508986457,2.4865406498181866,1.5257244400463836,0.012580254160786663,-0.006232629953679908,0.012646036489132588,-0.012727786010601316,0
2026-04-27 00:00:00-04:00,265.6159889280984,267.88193422863776,264.59781690250213,267.1332702636719,41466800,0.0,0.0,-0.012727786010601316,1.5172813355735002,0.005712311753884006,0.012293928505775658,269.8065124511719,261.8716751098633,259.7993737792969,1.0200922652348756,1.0282290768360558,-0.019923050938585707,0.07560281933664204,8.394989013671875,0.019298487689392477,0.01638845075661946,41733390.0,0.9936120693765831,0,64.43037187091682,3.7698239168718715,2.7431973032289236,1.0266266136429478,0.012293928505775658,0.005712311753884006,0.012411732510044656,0.011584039752220443,1
2026-04-28 00:00:00-04:00,271.8548539018017,272.7432830913257,268.181416710472,270.2277526855469,40018900,0.0,0.0,0.011584039752220443,-1.6271012162548004,-0.005985183611408077,0.016881561333051385,270.712890625,263.07352981567385,260.0974417114258,1.0271947651855575,1.0389481376958736,0.0170566859346577,0.09763609332659251,11.85882568359375,0.015835368207799193,0.01620124929564021,41762025.0,0.9582605249625706,0,62.67440013963822,3.7837694712081316,2.951311736824765,0.8324577343833663,0.016881561333051385,-0.005985183611408077,0.017010374681474223,-0.001994732136373578,0
2026-04-29 00:00:00-04:00,267.07336249706583,270.55716597281076,266.56429174844374,269.688720703125,30047900,0.0,0.0,-0.001994732136373578,2.6153582060591702,0.009792658397701132,0.014805492101994168,270.11395263671875,263.8910705566406,260.2230172729492,1.0219698610273362,1.0363753503797366,-0.010982296041874395,0.06454152513140432,3.73333740234375,0.009389297356495862,0.015213518875531632,40784515.0,0.7367477583097408,0,60.628037322946604,3.7085758930024895,3.1027645680603104,0.605811324942179,0.014805492101994168,0.009792658397701132,0.014979028879588633,0.0043676927881808325,1
2026-04-30 00:00:00-04:00,270.018146234023,275.50834883767226,267.6623648300734,270.86663818359375,91848200,0.0,0.0,0.0043676927881808325,0.8484919495707572,0.0031423515841612166,0.028966225077452522,269.6986999511719,264.6756706237793,260.36276763916015,1.0233907693337425,1.0403432128167842,-0.007606951547290963,0.0614951451956498,7.93585205078125,0.009789086218708472,0.015187177347463178,43373955.0,2.1175887695738145,1,61.63565605315656,3.7013654994827334,3.222484754344795,0.4788807451379382,0.028966225077452522,0.0031423515841612166,0.02931298919285843,0.032393627676644554,1
2026-05-01 00:00:00-04:00,278.3632420760759,286.70836594964845,277.8741246788477,279.6409912109375,79915400,0.0,0.0,0.032393627676644554,1.2777491348616081,0.0045902222051013575,0.031591367319024254,271.511474609375,265.88451461791993,260.7532717895508,1.0517385399927703,1.0724352154500696,0.033498299341403026,0.09463904638941267,9.892364501953125,0.01690037146470285,0.016524155390655597,45805255.0,1.744677548460324,1,69.31025072257675,4.353483917003416,3.4486845868765195,0.9047993301268966,0.031591367319024254,0.0045902222051013575,0.03179224147268448,-0.011815752357562936,0
2026-05-04 00:00:00-04:00,279.16179801165765,280.13007120517506,274.3703307853319,276.3368225097656,46668400,0.0,0.0,-0.011815752357562936,-2.824975501892027,-0.010119491714170925,0.02084318827846273,273.35218505859376,266.7814125061035,260.99783477783205,1.0358173754082043,1.0587705554913531,0.03445303625793028,0.0694196461787786,3.77325439453125,0.016640862831859338,0.016836062096124916,46672180.0,0.9999190095684409,0,65.7452443784558,4.551210143548644,3.6691896982109444,0.8820204453376999,0.02084318827846273,-0.010119491714170925,0.020992577453097946,0.026550730783693632,1
2026-05-05 00:00:00-04:00,276.43668191704,284.0630869835518,276.00745521106614,283.67376708984375,49311700,0.0,0.0,0.026550730783693632,7.237085172803745,0.02617990175043278,0.02839752105077203,276.0413879394531,268.31268005371095,261.3571939086914,1.0572506936051542,1.0853872543066443,0.04975808099156809,0.12102565753853112,17.9779052734375,0.01888700014118591,0.01657484825620428,46030365.0,1.071286312850224,0,65.5947926034082,5.239541539468689,3.9832600664624938,1.2562814730061955,0.02839752105077203,0.02617990175043278,0.029186283270230522,0.011718026357490752,1
2026-05-06 00:00:00-04:00,281.4178249779708,287.5169265187869,280.5693330033821,286.99786376953125,58336100,0.0,0.0,0.011718026357490752,5.580038791560469,0.01982830615650331,0.02420782309719184,279.5032165527344,269.74063262939455,261.6640463256836,1.063977128591698,1.0968181062686602,0.06418193175182973,0.11050604692223187,14.314453125,0.017685298425952456,0.016240016844107107,46895530.0,1.2439586459519703,0,71.07148964367398,5.98429274958653,4.383466603087301,1.6008261464992284,0.02420782309719184,0.01982830615650331,0.024762483629388772,-0.0002435044393305219,0
2026-05-07 00:00:00-04:00,288.75470528792926,291.6096265406606,285.2709318587503,286.927978515625,45224300,0.0,0.0,-0.0002435044393305219,-1.826726772304255,-0.006326223396023106,0.0220915879821218,282.7154846191406,271.0857330322266,261.92777557373046,1.0584399824594055,1.0954469333660155,0.05929611870895979,0.1034589276184783,13.985076904296875,0.01833307486713349,0.016286929807997848,47750665.0,0.9470925692867314,0,67.05647729400565,6.494015327007332,4.805576347871308,1.6884389791360244,0.0220915879821218,-0.006326223396023106,0.02221991087773653,0.020456376775462637,1
2026-05-08 00:00:00-04:00,289.49338424193445,294.2349225642168,289.48339230776435,292.7974853515625,52692800,0.0,0.0,0.020456376775462637,3.30410110962805,0.011413390735267226,0.016228043252308907,285.34678344726564,272.7248077392578,262.3344497680664,1.0736004831342496,1.1161228943069768,0.04704780255445762,0.1260749155771388,22.220367431640625,0.015530995447481342,0.016591186220548695,48820730.0,1.0793120053714886,0,68.94037862188945,7.2875875175741385,5.301978581811874,1.9856089357622642,0.016228043252308907,0.011413390735267226,0.0164138267780172,-0.0012626131025762488,0
2026-05-11 00:00:00-04:00,291.72841688276577,293.6267735875138,289.979924827367,292.42779541015625,42247300,0.27,0.0,-0.0012626131025762488,0.6993785273904791,0.002397361679275598,0.012470937501107941,288.5649780273437,274.40928344726564,262.9088174438477,1.0656629095653511,1.1122783870594726,0.05822956475451968,0.13020691796126038,25.294525146484375,0.012324438292706456,0.016483531078725768,49121360.0,0.8600596563287336,0,78.4886897606819,7.79679174542656,5.800941214534812,1.9958505308917482,0.012470937501107941,0.002397361679275598,0.012576211137091326,0.007243374589372076,1
2026-05-12 00:00:00-04:00,292.3078994315659,295.0155556946294,292.3078994315659,294.54595947265625,45748100,0.0,0.0,0.007243374589372076,2.238060041090364,0.007656515767937126,0.009192644393802666,290.7394165039062,276.21813507080077,263.514768371582,1.0663527193721645,1.1177588311001878,0.03832639335793475,0.1400208333505586,24.318206787109375,0.008978260670477207,0.016384230092534174,48990230.0,0.9338208863277433,0,75.9975265058702,8.275858951773273,6.295924761982505,1.979934189790768,0.009192644393802666,0.007656515767937126,0.009263028020552856,0.013805987391627639,1
2026-05-13 00:00:00-04:00,293.24708951115105,300.6607090744109,293.24708951115105,298.6124572753906,52684300,0.0,0.0,0.013805987391627639,5.365367764239579,0.0182964058507239,0.024826893127310946,293.0623352050781,277.8509887695312,264.2214138793945,1.0747215930301417,1.1301599400709215,0.04046926814474916,0.12279155085827309,28.923736572265625,0.009262756890858797,0.015602332890055269,49128770.0,1.0723716470003217,0,77.99030452109605,8.881277710789846,6.812995351743973,2.068282359045872,0.024826893127310946,0.0182964058507239,0.025281136039980775,-0.002208293097152536,0
2026-05-14 00:00:00-04:00,299.5616620172475,300.1911240450107,295.12548538387824,297.9530334472656,35324900,0.0,0.0,-0.002208293097152536,-1.6086285699818745,-0.005369941397538569,0.017001466984658316,295.26734619140626,279.6021011352539,264.93942779541015,1.06563231190861,1.1246081261915801,0.038424468009975676,0.1331994926480864,27.086395263671875,0.009729801729806722,0.01519696940435299,48728860.0,0.7249276917210868,0,81.00469915846492,9.201793895117191,7.2907550604186175,1.9110388346985738,0.017001466984658316,-0.005369941397538569,0.01716435520484942,0.006773819369938039,1
2026-05-15 00:00:00-04:00,297.643304079477,302.93875555297063,296.26448829773227,299.9713134765625,54862800,0.0,0.0,0.006773819369938039,2.328009397085509,0.007821474110715697,0.022249685071168777,296.7021118164063,281.1132354736328,265.7423275756836,1.0670835649952828,1.1288051708327513,0.024500989536800022,0.11204018769735424,20.330322265625,0.006648693130946379,0.014487097240841705,48400190.0,1.1335244758336693,0,88.43184190055352,9.509049211156707,7.734413890566236,1.7746353205904715,0.022249685071168777,0.007821474110715697,0.022528070419735993,-0.007960661114649215,0
2026-05-18 00:00:00-04:00,299.98126929450746,300.4009207908792,294.6558756451712,297.5833435058594,34483000,0.0,0.0,-0.007960661114649215,-2.397925788648081,-0.007993585047118093,0.01930566770984234,297.73322143554685,282.3642242431641,266.55396759033204,1.0538988935425084,1.1164093567844262,0.01763015751793362,0.09179427596885259,21.24652099609375,0.008585900196913862,0.01473400269917029,48294830.0,0.7140101745880459,0,82.55383220824272,9.45091774644601,8.07771466174219,1.3732030847038192,0.01930566770984234,-0.007993585047118093,0.01949747356345358,0.0037939903054091673,1
2026-05-19 00:00:00-04:00,296.7140952726279,300.2510533099592,296.09463441963413,298.7123718261719,42243600,0.0,0.0,0.0037939903054091673,1.998276553543974,0.006734686977738318,0.013914451768150428,298.56650390625,284.01504974365236,267.33987396240235,1.051748391839746,1.117350612158146,0.01414520287759169,0.12426429897722602,15.038604736328125,0.008348314962150273,0.012979971140657591,47896520.0,0.8819763941096347,0,84.06057971035254,9.387735322478875,8.339718793889528,1.048016528589347,0.013914451768150428,0.006734686977738318,0.014037467779421104,0.010971059357449242,1
2026-05-20 00:00:00-04:00,297.9230626302997,302.5390768782648,297.82314269813475,301.98956298828125,38229800,0.0,0.0,0.010971059357449242,4.0665003579815675,0.013649498370751483,0.015616215783964153,299.24192504882814,285.48035736083983,268.1723580932617,1.0578295676104055,1.126102500404829,0.011309326287671118,0.10747317658408395,14.99169921875,0.007467208747193279,0.012140799049172632,47645550.0,0.8023792358362953,0,84.80906546521948,9.492679039453776,8.570310843002378,0.9223681964513979,0.015616215783964153,0.013649498370751483,0.015834680063496524,0.00906524661379593,1
2026-05-21 00:00:00-04:00,300.80056674721834,305.27671719779084,300.1411318265125,304.7271728515625,42965100,0.0,0.0,0.00906524661379593,3.9266061043441596,0.01305385208148206,0.016853060143015137,300.5967529296875,287.06957092285154,269.05999359130857,1.0615098349572423,1.1325621798476326,0.02273559468726072,0.11645025773740514,17.7991943359375,0.0074774452462379425,0.012127395051381946,48123825.0,0.8928030970106803,0,82.43752604396853,9.685106054217727,8.793269885245449,0.8918361689722776,0.016853060143015137,0.01305385208148206,0.017110568418349348,0.012557860054279724,1
2026-05-22 00:00:00-04:00,305.85620846339293,311.13165741506583,305.57645096183757,308.55389404296875,43670200,0.0,0.0,0.012557860054279724,2.6976855795758183,0.008820110577872074,0.018004006951390657,302.3132690429687,288.9684097290039,270.12498352050784,1.0677772505732797,1.142263444208756,0.028611337754057775,0.14035472184416653,15.75640869140625,0.008312410596540693,0.011736251964908425,48399480.0,0.902286553491897,0,91.10263033099702,10.030761889552707,9.040768286106902,0.9899936034458054,0.018004006951390657,0.008820110577872074,0.0181794324652394,-0.001586735786880733,0
2026-05-26 00:00:00-04:00,309.29325163060713,311.5513139598484,307.4048960873393,308.0643005371094,48000500,0.0,0.0,-0.001586735786880733,-1.2289510934977557,-0.0039734170953251435,0.013459585759465958,304.4094604492187,291.0149612426758,271.29278076171875,1.0585857827433698,1.1355418292818036,0.03522024085008524,0.15322325906105538,15.636505126953125,0.005807904253140198,0.01100984096801485,48726165.0,0.9851072827094026,0,87.70527920802915,10.148208296945484,9.262256288274619,0.8859520086708645,0.013459585759465958,-0.0039734170953251435,0.013488457488104049,0.008173140408717527,1
2026-05-27 00:00:00-04:00,308.0643052358437,312.9900803339556,308.0343323058515,310.5821533203125,50430900,0.0,0.0,0.008173140408717527,2.517848084468824,0.008173125031610669,0.015956319367111504,306.7834167480469,293.0326812744141,272.4570309448242,1.0598891289858008,1.139930770893591,0.039736491065217594,0.14933477495823455,16.03619384765625,0.005534826557442424,0.010964853714382144,49246765.0,1.0240449296517242,0,87.39096861095898,10.325429968668857,9.474891024353468,0.8505389443153888,0.015956319367111504,0.008173125031610669,0.016088297661519972,0.00534019523725493,1
2026-05-28 00:00:00-04:00,310.412282475935,312.5304508120942,309.30325358892543,312.24072265625,48220400,0.0,0.0,0.00534019523725493,1.828440180314999,0.005890360283848467,0.01033560643760632,308.8336486816406,295.1602813720703,273.6263031005859,1.057868359539367,1.1411210074400973,0.033945410452369096,0.15778191183592916,13.628265380859375,0.005305601367186716,0.01076765676821588,50155390.0,0.9614200986175164,0,88.20664851180496,10.478917664553478,9.675696352393471,0.8032213121600069,0.01033560643760632,0.005890360283848467,0.010433764228868546,-0.0014399642515899869,0
2026-05-29 00:00:00-04:00,311.5113496628706,314.7285763294451,309.2632884033746,311.7911071777344,70026800,0.0,0.0,-0.0014399642515899869,0.27975751486377476,0.0008980652395700476,0.017528684430871425,310.246435546875,297.20650482177734,274.8722299194336,1.0490722851597842,1.1343128669968656,0.023181176329204023,0.15108715221843583,13.83807373046875,0.006152219719286924,0.010930997503035115,49064320.0,1.4272448899729988,0,84.27683485758533,10.443886930398548,9.829334467994487,0.6145524624040615,0.017528684430871425,0.0008980652395700476,0.017671958266647213,-0.01842597822736758,0
2026-06-01 00:00:00-04:00,309.363197507879,310.67206624496237,304.7571540774977,306.0460510253906,48849900,0.0,0.0,-0.01842597822736758,-3.317146482488397,-0.010722498698003385,0.019326869755865363,309.7448669433594,298.5267578125,276.0228204345703,1.0251880041440484,1.1087708275118404,-0.008127730895624019,0.09442485416787627,6.074737548828125,0.01032980128323061,0.010648894268567381,47511045.0,1.028179868491632,0,70.58284141300366,9.839127466353432,9.831293067666277,0.007834398687155186,0.019326869755865363,-0.010722498698003385,0.01940860809443222,0.029022935295418106,1
2026-06-02 00:00:00-04:00,307.1950545511415,315.1781903378333,306.42572903356995,314.92840576171875,44534700,0.0,0.0,0.029022935295418106,7.733351210577268,0.025174074569256546,0.027791908078579782,311.11768798828126,300.45633697509766,277.3704238891602,1.048166961403848,1.1354073060347887,0.022281404280346084,0.1396541470711501,17.345062255859375,0.01714970914211807,0.011239519427752183,47404360.0,0.9394642180592672,0,75.5766788749956,9.961750173303244,9.85738448879367,0.10436568450957395,0.027791908078579782,0.025174074569256546,0.028563075730838848,-0.01567264307615801,0
2026-06-03 00:00:00-04:00,313.9092501546009,316.6668815001487,308.5838566628498,309.9926452636719,50836700,0.0,0.0,-0.01567264307615801,-3.9166048909290225,-0.01247686995206445,0.026074892294375724,310.9997863769531,301.77228088378905,278.5494366455078,1.0272402897834358,1.1128819680873376,-0.0018980744718858356,0.09277868180702287,11.2802734375,0.019090534507354606,0.011263738098254285,47480610.0,1.0706833800155473,0,63.97541505827681,9.550561996017393,9.796019990238415,-0.245457994221022,0.026074892294375724,-0.01247686995206445,0.026193932905991753,0.00312645238815068,1
2026-06-04 00:00:00-04:00,312.96009909963743,313.26982953176514,309.38316692864953,310.9618225097656,44869100,0.0,0.0,0.00312645238815068,-1.9982765898718071,-0.0063850842187892255,0.01249884172837182,310.74400634765624,302.9704788208008,279.7448385620117,1.0263766414472728,1.1115909201693241,-0.004095878768165417,0.08349873558459042,8.972259521484375,0.01895408964398461,0.011137335464974208,46807260.0,0.9585927482189729,0,65.85479431674477,9.196880987906127,9.676192189771958,-0.47931120186583165,0.01249884172837182,-0.0063850842187892255,0.012562618198332551,-0.012498826008526143,0
2026-06-05 00:00:00-04:00,312.5903972939029,314.8984348439246,306.8853260765596,307.0751647949219,65310500,0.0,0.0,-0.012498826008526143,-5.5152324989810495,-0.017643640197288375,0.026094942496298908,309.8008178710937,303.97783813476565,280.842942199707,1.0101893173501124,1.0934053118435185,-0.015125326778881454,0.0702168759684052,2.347991943359375,0.0196959720406942,0.011709946261042157,47811570.0,1.3659978118267189,0,58.280867691243756,8.50492595315444,9.441938942448456,-0.9370129892940149,0.026094942496298908,-0.017643640197288375,0.026111084781440294,-0.018871545388655542,0
2026-06-08 00:00:00-04:00,308.4739595974908,317.1265012321255,300.9105055796523,301.2801818847656,77949100,0.0,0.0,-0.018871545388655542,-7.193777712725193,-0.02332053480984885,0.05382363868419184,308.84764404296874,304.40197296142577,281.8197555541992,0.9897445110283312,1.0690527400830983,-0.015572392209137198,0.028971206918044112,-7.273712158203125,0.019784647279184286,0.01200463656187332,49074385.0,1.588386690938664,1,53.99225133209067,7.403595868101149,9.034270327578994,-1.630674459477845,0.05382363868419184,-0.02332053480984885,0.05388976241037481,-0.036446341189923515,0
2026-06-09 00:00:00-04:00,300.0212482417878,300.4908444635933,287.5320194610898,290.29962158203125,70108800,0.0,0.0,-0.036446341189923515,-9.721626659756566,-0.032403127167586095,0.04463948293105734,303.92188720703126,304.29556427001955,282.6586120605469,0.954005433100665,1.027032643604178,-0.0782043909952097,-0.007277604460068643,-17.764678955078125,0.014181492023468517,0.014704681583640135,50467460.0,1.3891882016649937,0,42.508909069070896,5.580416821552319,8.34349962637366,-2.763082804821341,0.04463948293105734,-0.032403127167586095,0.04506915447814026,0.0035450055495178656,1
2026-06-10 00:00:00-04:00,290.4894628291428,294.4960172141002,287.1323727394638,291.3287353515625,52793300,0.0,0.0,0.0035450055495178656,0.8392725224197193,0.002889166836710199,0.025276066453761636,300.18910522460936,304.1347030639648,283.5613735961914,0.957893763574527,1.0273921714261136,-0.06020758942920834,-0.010922655760933653,-19.25341796875,0.016697941480407104,0.014628388824400563,50819720.0,1.038834924710329,0,40.111214653793155,4.170500241665593,7.5088997494320475,-3.3383995077664546,0.025276066453761636,0.002889166836710199,0.025645469385362562,0.01388983748609407,1
2026-06-11 00:00:00-04:00,293.4668864344149,296.7440586571729,289.3404406054596,295.375244140625,42572500,0.0,0.0,0.01388983748609407,1.9083577062100971,0.006502804215482022,0.025065127151239902,297.07178955078126,303.97284240722655,284.4021203613281,0.9717159000175302,1.0385831292866443,-0.05012376838848487,-0.0108408509286676,-16.865478515625,0.019611984581597585,0.014632700043849683,50314130.0,0.8461340780412977,0,41.530971631723126,3.3411360982417477,6.675347019193988,-3.3342109209522404,0.025065127151239902,0.006502804215482022,0.02558791310409581,-0.015221633631081977,0
2026-06-12 00:00:00-04:00,295.7749221682621,296.88398158337014,289.3704417369658,290.879150390625,38742100,0.0,0.0,-0.015221633631081977,-4.895771777637094,-0.016552355898692316,0.025830451705852145,293.83258666992185,303.61914825439453,285.1162106323242,0.9580395441558415,1.0202125994362785,-0.05274283387623768,-0.02374160442267359,-20.911956787109375,0.019733489580352384,0.015000066373706898,50484990.0,0.7673983891053558,0,34.1856266431039,2.294611001847045,5.7991998157246,-3.5045888138775547,0.025830451705852145,-0.016552355898692316,0.025965125537023778,0.018170538868479413,1
2026-06-15 00:00:00-04:00,293.8665449684006,297.5233947188816,291.4486474146935,296.1645812988281,45732600,0.0,0.0,0.018170538868479413,2.2980363304275215,0.007819999825684917,0.02051139024642093,292.80946655273436,303.42881164550784,285.93022003173826,0.9760595234602625,1.0357932129942538,-0.016979545597506696,-0.012690320729724758,-9.8814697265625,0.022605838133076556,0.01552204902072192,50028480.0,0.9141313108053652,0,40.194327984678274,1.8701643349347137,5.013392719566623,-3.143228384631909,0.02051139024642093,0.007819999825684917,0.02084328528567349,0.009513514092780229,1
2026-06-16 00:00:00-04:00,294.99559499590845,300.2210994929347,293.71669913987887,298.9821472167969,39874400,0.0,0.0,0.009513514092780229,3.986552220888427,0.013513938135054932,0.021755146297545876,294.5459716796875,303.4987518310547,286.7418856811523,0.9851182102496026,1.0426873859274794,0.029908842414085424,0.004700544373411608,-15.946258544921875,0.013029763561801234,0.015573097043773965,50298050.0,0.7927623436693868,0,40.48828167031929,1.741071329129852,4.358928441479269,-2.6178571123494168,0.021755146297545876,0.013513938135054932,0.022145149976502274,-0.010994537435617069,0
2026-06-17 00:00:00-04:00,300.59074812548096,301.8096980081642,294.10632015937927,295.6949768066406,42745100,0.0,0.0,-0.010994537435617069,-4.895771318840332,-0.016287165687470205,0.0260517710918786,295.4192199707031,303.34788208007814,287.5948168945313,0.9747718519708758,1.0281651804423162,0.014987335354369247,-0.010101339295337741,-14.29766845703125,0.015157581382443821,0.015751052003136458,50323125.0,0.8494126706161432,0,36.785824833351604,1.3578643963742252,3.7587156324582605,-2.4008512360840353,0.0260517710918786,-0.016287165687470205,0.02619249339698111,0.006960644246616354,1
2026-06-18 00:00:00-04:00,297.8530937792582,300.31099586682666,295.3652492546472,297.7532043457031,85962200,0.0,0.0,0.006960644246616354,-0.09988943355506308,-0.00033536476753567683,0.01661022128392359,295.8948120117187,303.13606414794924,288.3811047363281,0.9822427601368509,1.0324990072353877,0.008050641522097335,-0.01402816243269478,-13.2086181640625,0.014208236825271161,0.015623831872134904,52709745.0,1.6308597205317537,1,39.06954993522436,1.2063458978000199,3.2482416855266125,-2.0418957877265926,0.01661022128392359,-0.00033536476753567683,0.016744510820619608,-0.003355513813629196,0
2026-06-22 00:00:00-04:00,297.05381866220307,302.1594314563154,296.5043047694293,296.75408935546875,44879900,0.0,0.0,-0.003355513813629196,-0.29972930673432074,-0.001009006745256354,0.01905660912430448,297.0697998046875,302.7374099731445,289.1156671142578,0.980235939066115,1.026419952669643,0.020197181396309105,-0.026164662053218213,-10.321075439453125,0.011389587316402336,0.015465917945064587,52805485.0,0.8499098152398373,0,42.18752164937026,0.9941858111171769,2.7974305106447255,-1.8032446995275486,0.01905660912430448,-0.001009006745256354,0.019072663013387576,-0.009124398732296202,0
2026-06-23 00:00:00-04:00,297.2836155142734,301.3800886038737,293.9264950024863,294.04638671875,52010900,0.0,0.0,-0.009124398732296202,-3.2372287955233787,-0.01088936162836714,0.02534835977602602,296.6461608886719,302.0120346069336,289.79627502441406,0.973624733535699,1.0146658603323244,-0.007152086082639619,-0.047017741808821456,-7.233795166015625,0.009281038205785835,0.015207764605925182,53222520.0,0.9772348246569309,0,30.408683303365905,0.6006346974124313,2.358071347998267,-1.7574366505858356,0.02534835977602602,-0.01088936162836714,0.02535869929427187,-0.004145480706800209,0
2026-06-24 00:00:00-04:00,295.1054570720635,299.4417438827621,292.68755959702736,292.8274230957031,53081900,0.0,0.0,-0.004145480706800209,-2.278033976360348,-0.0077193895326851305,0.02306540901917965,295.41521606445315,301.2501907348633,290.4780578613281,0.9720406230495197,1.0080879266808391,-0.0205855907397402,-0.04946005562748035,2.527801513671875,0.0069940748845846385,0.01521225670066468,53476590.0,0.9926193872870354,0,32.688415485415035,0.18821282703135012,1.9240996438048836,-1.7358868167735335,0.02306540901917965,-0.0077193895326851305,0.023076431041462564,-0.06117774105404383,0
2026-06-25 00:00:00-04:00,287.1523472601469,288.55113481081804,273.5141152813601,274.91290283203125,107013700,0.0,0.0,-0.06117774105404383,-12.239444428115632,-0.04262352212996976,0.05469739460954077,291.25880126953126,299.4667282104492,290.8089373779297,0.918008168970401,0.9453385625310399,-0.07028213397145089,-0.11484642664414302,-16.41583251953125,0.02692180354605189,0.01986300972129688,56305730.0,1.9005827648447147,1,22.904762931499164,-1.5661331360619783,1.2260530878315112,-2.7921862238934896,0.05469739460954077,-0.04262352212996976,0.054977124357876675,0.03136469225316163,1
2026-06-26 00:00:00-04:00,274.7630284991681,285.70360492137456,273.9737007161028,283.53546142578125,261775500,0.0,0.0,0.03136469225316163,8.772432926613135,0.03192726828835232,0.04137014871539156,288.4152526855469,298.0314651489258,291.16053894042966,0.9513608279048625,0.9738114322002664,-0.047750092064213434,-0.09193311169110618,-11.83978271484375,0.03319206710950582,0.02142820239345376,66983485.0,3.908060322630272,1,33.48288371857974,-2.2349336109377873,0.5338557480776516,-2.7687893590154387,0.04137014871539156,0.03192726828835232,0.042813978767350755,-0.007188654692930396,0
2026-06-29 00:00:00-04:00,286.4829438934296,288.12151489662153,279.6088673150861,281.4972229003906,66427000,0.0,0.0,-0.007188654692930396,-4.985720993038967,-0.017403203573939933,0.03024060945904133,285.36387939453124,296.5167709350586,291.53186767578126,0.9493467165877187,0.9655795956188558,-0.05141248933827691,-0.09716083486651506,-9.381927490234375,0.03306482242998469,0.02142229303599481,66803495.0,0.9943641421754955,0,35.34634056362454,-2.8960477843224908,-0.1521249584023769,-2.743922825920114,0.03024060945904133,-0.017403203573939933,0.030444841264431973,0.027046212958856453,1
2026-06-30 00:00:00-04:00,280.9277417485351,289.69017405322865,280.45814550695326,289.11065673828125,65100200,0.0,0.0,0.027046212958856453,8.182914989746166,0.029128184133095984,0.031932508647139646,284.3767333984375,295.6700012207031,291.9191082763672,0.9778153195950182,0.9903793501060332,-0.016785548822913055,-0.05533609804919315,-7.053924560546875,0.03703731849303977,0.022303483194958455,67616010.0,0.962792687708133,0,49.07307129356993,-2.773671884272858,-0.6764343435764731,-2.097237540696385,0.031932508647139646,0.029128184133095984,0.03291766951388653,0.017348672275670385,1
2026-07-01 00:00:00-04:00,293.1871503157195,296.33442991747245,288.95081360688545,294.1263427734375,50164200,0.0,0.0,0.017348672275670385,0.9391924577179793,0.003203388882175112,0.02510355325865703,284.6365173339844,294.62989807128906,292.35036376953127,0.9982908886669414,1.006074830833138,0.0044357856378425264,-0.06605330801445874,-4.855804443359375,0.03807781150092382,0.02157303366809582,67897485.0,0.7388226530040104,0,52.05340391255966,-2.2460728271927337,-0.9903620402997253,-1.2557107868930084,0.02510355325865703,0.003203388882175112,0.025553194394643007,0.04840675364798175,1
2026-07-02 00:00:00-04:00,293.866538367699,309.15337194761725,293.4269150966668,308.3640441894531,75352800,0.0,0.0,0.04840675364798175,14.497505821754146,0.049333639353025684,0.05099964521573214,291.3267456054688,294.5484680175781,293.2037274169922,1.0469042540430071,1.0517057436684631,0.12167905184814165,-0.005253676495561743,12.6690673828125,0.020459430485243707,0.02421741721621146,69123290.0,1.0901217230834932,0,58.29293869666554,-0.6713444179213752,-0.9265585158240554,0.2552140979026801,0.05099964521573214,0.049333639353025684,0.053595822475145195,0.01305778143996239,1
2026-07-06 00:00:00-04:00,307.0951430290638,313.9292760509671,306.7354678654279,312.3905944824219,53590000,0.0,0.0,0.01305778143996239,5.295451453358055,0.017243683508393642,0.023028248329493083,297.0977722167969,294.6199066162109,293.99787109375,1.0603173358864717,1.0625607366483507,0.10176904473091386,0.004594686129392622,14.63739013671875,0.020314319323600824,0.02438575593602705,69559335.0,0.7704213963517621,0,63.817222743854266,0.8912740961083045,-0.5629919934375834,1.454266089545888,0.023028248329493083,0.017243683508393642,0.02345280849195854,-0.006396770744445224,0
2026-07-07 00:00:00-04:00,315.0183186077797,315.20815732134815,309.88273318392555,310.3923034667969,42490000,0.0,0.0,-0.006396770744445224,-4.626015140982815,-0.01468490836160717,0.01715707534607819,302.8767883300781,294.7857635498047,294.7468591308594,1.0529419729401397,1.0530809535411922,0.10264783527413668,0.010802367147113134,13.638214111328125,0.020053356724968788,0.02425218464255874,68418310.0,0.6210325861600499,0,59.541669770720276,1.9459830605990192,-0.06119698263026294,2.007180043229282,0.01715707534607819,-0.01468490836160717,0.017185288391856887,0.008787785980344909,1
2026-07-08 00:00:00-04:00,311.6412289475945,314.5487250421545,306.7854009831778,313.1199645996094,41323500,0.0,0.0,0.008787785980344909,1.4787356520148478,0.004744993648653309,0.02479344959336519,307.67864990234375,295.37775268554685,295.59771606445315,1.0600661754406078,1.0592773474993142,0.08304539214222961,0.039298246040532,19.073577880859375,0.020087400213777504,0.023855629277823448,66587030.0,0.6205938303600566,0,59.49282323318427,2.9677367492352005,0.5445897637428299,2.4231469854923704,0.02479344959336519,0.004744993648653309,0.025305389481041177,0.00903022957872146,1
2026-07-09 00:00:00-04:00,310.24243869469103,316.2572401947346,307.8944576262147,315.947509765625,48124500,0.0,0.0,0.00903022957872146,5.705071070933968,0.01838907370293178,0.026468898503816465,312.0428833007812,296.66014709472654,296.57400085449217,1.0650150108121528,1.065324367123597,0.07418977432088125,0.08834971276855863,23.120086669921875,0.02031588649989786,0.022079107493530373,65487815.0,0.7348618975911778,0,63.682998389713966,3.9599948176866064,1.2276707745315854,2.732324043155021,0.026468898503816465,0.01838907370293178,0.02716119878543688,-0.002846043762522954,0
2026-07-10 00:00:00-04:00,314.4488202226986,316.6369356310425,311.9010296470402,315.0483093261719,34132300,0.0,0.0,-0.002846043762522954,0.5994891034732746,0.001906475918875145,0.015032316771137323,313.379736328125,297.846125793457,297.4704119873047,1.057755270399736,1.0590912461559954,0.021676538697267933,0.08141858696494753,40.135406494140625,0.008436488303337611,0.022139455263491543,64554765.0,0.5287340136704084,0,61.870814928514456,4.620545750019119,1.9062457696290922,2.7142999803900265,0.015032316771137323,0.001906475918875145,0.015184002404101117,0.006310939222858858,1
2026-07-13 00:00:00-04:00,316.7468014245228,323.171283634363,315.5078797345754,317.03656005859375,43257800,0.0,0.0,0.006310939222858858,0.2897586340709495,0.0009147957698950772,0.024171987919536148,314.3089294433594,298.92919158935547,298.41736877441406,1.060574105770549,1.0623931219575047,0.01487229659993261,0.07333490652201036,33.5010986328125,0.007129119671344803,0.022028668828157134,64589030.0,0.6697391182372611,0,63.73475491306353,5.244022513264667,2.5738011183562075,2.67022139490846,0.024171987919536148,0.0009147957698950772,0.024289104621521816,-0.007721115748007379,0
2026-07-14 00:00:00-04:00,313.48965629761443,315.91755515351207,311.64124426456783,314.58868408203125,36336800,0.0,0.0,-0.007721115748007379,1.099027784416819,0.0035057864345401125,0.013593339828552636,315.14820556640626,300.11466827392576,299.2918096923828,1.0482282851796318,1.0511102338729912,0.013519602671730802,0.08150991110764183,33.091461181640625,0.007575112504957482,0.021750285190019616,64468765.0,0.5636341878117256,0,63.95982669101111,5.4774683608307555,3.1545345668511175,2.322933793979638,0.013593339828552636,0.0035057864345401125,0.013721902885594514,0.04014486379221993,1
2026-07-15 00:00:00-04:00,317.34631234952286,328.44675508114506,317.0465830462295,327.2178039550781,60957600,0.0,0.0,0.04014486379221993,9.871491605555264,0.03110636935551618,0.03483970583850206,317.9677734375,301.6673294067383,300.24334594726565,1.084697519610717,1.0898419844167013,0.04502376389028995,0.10485123683617492,38.107147216796875,0.018689286039687687,0.02301398885485142,65230015.0,0.934502314616975,0,70.23281751711588,6.605397395254329,3.84470713253176,2.760690262722569,0.03483970583850206,0.03110636935551618,0.03595740387857536,0.017587781993612772,1
2026-07-16 00:00:00-04:00,327.72736328456057,334.3915986652446,326.50841333986017,332.97283935546875,62970600,0.0,0.0,0.017587781993612772,5.2454760709081825,0.016005609108549222,0.023675160234221542,321.3728393554687,303.3668640136719,301.3760662841797,1.0975913286971994,1.1048416799013336,0.0538865762938705,0.11368803273067885,38.84649658203125,0.019082309182234723,0.023163033128834744,66384825.0,0.9485691948423454,0,89.86146496815286,7.87291843826398,4.650349393678204,3.222569044585776,0.023675160234221542,0.016005609108549222,0.024143896461188225,0.0014402172368908062,1
2026-07-17 00:00:00-04:00,331.693929977533,334.7013154010385,328.71648699084636,333.452392578125,63407100,0.0,0.0,0.0014402172368908062,1.7584626005919972,0.005301461503112538,0.017948074577962346,325.05365600585935,305.2547348022461,302.3716387939453,1.0923741864123624,1.1027899108135604,0.05841670216010986,0.12769041997008457,25.088348388671875,0.018406197203832537,0.02285748404472072,67417925.0,0.9405080325447572,0,88.58513755148451,8.814525570198384,5.48318462898224,3.331340941216144,0.017948074577962346,0.005301461503112538,0.018206657247340385,-0.02142383591993391,0
2026-07-20 00:00:00-04:00,333.2226134619852,333.4224228207836,323.4010672140761,326.3085632324219,53468000,0.0,0.0,-0.02142383591993391,-6.9140502295633155,-0.020749042682699222,0.030711285990890597,326.908056640625,306.68250274658203,303.1578527832031,1.0639947186750893,1.076365201285993,0.029245848403460117,0.09590277609091613,13.91796875,0.023776436191597437,0.023679200298973146,65793215.0,0.8126673852311367,0,82.10453589403858,8.881923397325124,6.162932382650817,2.718991014674307,0.030711285990890597,-0.020749042682699222,0.030987391887837702,0.0035212601306020552,1
2026-07-21 00:00:00-04:00,322.85156758462244,329.3159936819017,321.94234806189104,327.45758056640625,41338900,0.0,0.0,0.0035212601306020552,4.606012981783806,0.014266658254885278,0.022517865084254327,329.4818359375,308.2176773071289,303.96844482421875,1.062423101190609,1.0772749150187975,0.040907054625713535,0.10346442496419694,17.065277099609375,0.022659143225232832,0.02360347425582194,65616165.0,0.6300109127072574,0,80.27771941221488,8.925168964909517,6.715379699102558,2.2097892658069593,0.022517865084254327,0.014266658254885278,0.022903621298659187,-0.005644666001250687,0
2026-07-22 00:00:00-04:00,327.58746619388995,328.7164973399543,323.0613709608057,325.60919189453125,38755900,0.0,0.0,-0.005644666001250687,-1.9782742993587021,-0.006038919383404664,0.01736783395531529,329.1601135253906,309.79581756591796,304.62467895507814,1.0510445055483957,1.0688864507348323,-0.004916028532383043,0.10733954437593707,12.489227294921875,0.014235184080107726,0.02350493883299867,64953415.0,0.596672245793389,0,76.16679298194352,8.709889684036511,7.114281696089349,1.5956079879471625,0.01736783395531529,-0.006038919383404664,0.017504805239728586,-0.012979820539962161,0
2026-07-23 00:00:00-04:00,321.4527900194849,323.0214140443725,319.0748358849152,321.3828430175781,40840800,0.0,0.0,-0.012979820539962161,-0.06994700190676895,-0.00021759649963694233,0.012279990189897602,326.8421142578125,311.22358856201174,305.2037799072266,1.032642944908214,1.0530106904811911,-0.0348076328397392,0.09751620807912653,5.435333251953125,0.0103389421595144,0.02377473337436417,64341360.0,0.6347518920955354,0,62.980721832807326,8.10482093893421,7.312389544658322,0.7924313942758889,0.012279990189897602,-0.00021759649963694233,0.012368816702551633,0.03531672413627751,1
2026-07-24 00:00:00-04:00,321.5127284115298,334.0818750563203,321.3428614810286,332.7330322265625,47489400,0.0,0.0,0.03531672413627751,11.220303815032707,0.0348984746901558,0.038285990092554296,326.6982421875,314.1145950317383,305.9675213623047,1.0592727542409897,1.0874782746387124,-0.0021573105114066626,0.2103216284099212,17.684722900390625,0.021901461332271516,0.018954821753515014,61365145.0,0.7738823072934969,0,67.69821584367352,8.443829797033004,7.538677595133258,0.905152201899746,0.038285990092554296,0.0348984746901558,0.03964305762567502,0.011681009513348384,1
2026-07-27 00:00:00-04:00,334.2517370375488,339.277401491225,333.73216560461384,336.61968994140625,49604300,0.0,0.0,0.011681009513348384,2.3679529038574287,0.007084339859665173,0.01647329628155861,328.7604675292969,316.76880645751953,306.727666015625,1.0626667875094225,1.097454606276887,0.03159931387286341,0.18722253734572258,19.5831298828125,0.01866147326035384,0.018272646299506624,50756585.0,0.9772978225386912,0,72.09229511610152,8.923255816419498,7.815593239390506,1.107662577028992,0.01647329628155861,0.007084339859665173,0.016615826875917165,0.009408945533389002,1
2026-07-28 00:00:00-04:00,339.73698155301014,342.59453283396704,335.31080637618777,339.78692626953125,51859000,0.0,0.0,0.009408945533389002,0.04994471652111088,0.00014700994955804615,0.02143615864726223,331.22633666992186,319.68329162597655,307.5643438720703,1.0628860974913745,1.1047669635296338,0.03765173394916932,0.2070702608308388,25.1982421875,0.018621791148879772,0.01788225578676471,50028185.0,1.036595671020246,0,72.29744384830789,9.44984199662781,8.142442990837967,1.3073990057898435,0.02143615864726223,0.00014700994955804615,0.021722313505183003,-0.005557412706758247,0
2026-07-29 00:00:00-04:00,339.43727163464206,344.2730974331505,337.0593175600121,337.8985900878906,56090800,0.0,0.0,-0.005557412706758247,-1.5386815467514339,-0.0045330365146453765,0.021348949314236577,333.68421630859376,322.12268829345703,308.32288940429686,1.0489748234686953,1.095924440578305,0.03774278644240514,0.168751764117,10.6807861328125,0.018606362038007408,0.017693597063649504,49577715.0,1.1313712219290462,0,68.64716157522219,9.6040825051316,8.434770893696694,1.1693116114349067,0.021348949314236577,-0.0045330365146453765,0.021402107870386915,-0.014074993355015719,0
2026-07-30 00:00:00-04:00,332.8129674612056,334.4615395264105,329.30598233808786,333.1426696777344,74817800,0.0,0.0,-0.014074993355015719,0.3297022165288013,0.00099065315586669,0.015475523424573206,336.036181640625,324.07350463867186,309.03407592773436,1.0279849012932243,1.0780127359017768,0.036591333095877365,0.13265158957336487,0.169830322265625,0.018912734362308555,0.0182050952913302,50810395.0,1.4724900288612202,0,64.42568866267328,9.236088312349978,8.595034377427352,0.6410539349226259,0.015475523424573206,0.00099065315586669,0.01565582608526555,-0.07353858440208272,0
2026-07-31 00:00:00-04:00,304.54735603914753,310.4222943774597,299.7415030462749,308.6438293457031,132489100,0.0,0.0,-0.07353858440208272,4.096473306555595,0.013451022395443225,0.03460555603469257,331.2183410644531,324.0874938964844,309.232705078125,0.9523472369602942,0.9980956874135513,-0.07239799042391648,0.0009073209458820841,-24.808563232421875,0.03472302109458374,0.02314686099423319,53667210.0,2.468715999956025,1,45.076211275337066,6.8881957608934385,8.25366665412057,-1.3654708932271316,0.03460555603469257,0.013451022395443225,0.035633341471354045,-0.017772135672998512,0
2026-08-03 00:00:00-04:00,309.313234694189,311.5313230344714,302.29929450581176,303.1585693359375,75052000,0.0,0.0,-0.017772135672998512,-6.1546653582515205,-0.01989784033759984,0.03045280411793153,324.5261169433594,323.62589263916016,309.25608520507814,0.9367562244902217,0.980283279259979,-0.09940333737249052,-0.029552826844163715,-23.149993896484375,0.03154145195637601,0.023279090184655557,54740310.0,1.3710554434200317,0,43.52502190354419,4.532610248165383,7.5094553729295335,-2.97684512476415,0.03045280411793153,-0.01989784033759984,0.030539365114139162,0.019642637836096544,1
2026-08-04 00:00:00-04:00,302.46913991298527,310.1525156602479,301.0603512911937,309.1134033203125,68001000,0.0,0.0,0.019642637836096544,6.64426340732723,0.021966748109372946,0.02941368530575378,318.39141235351565,323.56194763183595,309.34380981445315,0.9553453537498059,0.9992551766454326,-0.09027281680898869,-0.004120270161986128,-18.34417724609375,0.0341739662043614,0.023699656691494004,56015860.0,1.213959760682064,0,38.90518241286871,3.110441856625812,6.62965266966879,-3.519210813042978,0.02941368530575378,0.021966748109372946,0.03020047086924452,0.005236336596166957,1
2026-08-05 00:00:00-04:00,309.09342362565195,311.4414048335362,305.40663118634393,310.7320251464844,49438800,0.0,0.0,0.005236336596166957,1.6386015208324238,0.0053013147339458135,0.01942115121332395,312.9580993652344,323.4425506591797,309.38737243652344,0.9607023705236336,1.0043461783826901,-0.08039857441944331,-0.007626276581177094,-14.877166748046875,0.03549247482735177,0.02364410553251665,56421625.0,0.8762384989797795,0,35.64238660573109,2.0898815604233505,5.721698447819702,-3.6318168873963517,0.01942115121332395,0.0053013147339458135,0.019759799005510573,0.004533755277783991,1
2026-08-06 00:00:00-04:00,314.06913775686996,316.0174696892129,308.96355554648414,312.14080810546875,46139900,0.0,0.0,0.004533755277783991,-1.9283296514012136,-0.0061398253428326015,0.02259850029075754,308.7577270507812,323.25221557617186,309.4689025878906,0.9656261985678957,1.008633841705046,-0.06304164396767842,-0.012048525601547344,-9.242034912109375,0.036712761197650975,0.023573874499706785,56322395.0,0.8192105467105936,0,36.405352686271385,1.3788625152786267,4.853131261311487,-3.4742687460328607,0.02259850029075754,-0.0061398253428326015,0.022830893858183394,0.0029447910342259576,1
2026-08-07 00:00:00-04:00,311.1816431226555,314.53873325457766,310.47223295908327,313.05999755859375,34437200,0.0,0.0,0.0029447910342259576,1.8783544359382631,0.00603619936282003,0.012989523820376598,309.6409606933594,323.15279998779295,309.5184594726563,0.9687677085589838,1.011442090051661,0.014308299058667373,-0.006311132955548082,-19.67303466796875,0.013377044592383713,0.023576994125383496,56337640.0,0.611264511612485,0,40.819704786841484,0.8794084332603802,4.058386695701266,-3.1789782624408858,0.012989523820376598,0.00603619936282003,0.013097790603484698,-0.015332485243728322,0
2026-08-10 00:00:00-04:00,306.8299865722656,308.260009765625,304.6099853515625,308.260009765625,44812500,0.27,0.0,-0.015332485243728322,1.430023193359375,0.004660637017049086,0.011840732817849683,310.6612487792969,322.7139724731445,309.43884521484375,0.9552112274632846,0.9961904089695,0.016827630638520663,-0.027683085797255313,-28.35968017578125,0.012445821690959976,0.023765756012281723,56415375.0,0.7943313325489727,0,37.33813024939455,0.0951714973880371,3.2657436560386204,-3.1705721586505833,0.011840732817849683,0.004660637017049086,0.011982615769636907,-0.010867469011185404,0
2026-08-11 00:00:00-04:00,307.75,309.9700012207031,302.7900085449219,304.9100036621094,37476700,0.0,0.0,-0.010867469011185404,-2.839996337890625,-0.009228257799807068,0.023547907872966567,309.82056884765626,322.23003845214845,309.30122314453126,0.9462494717338057,0.9858027736270221,-0.013598244569962725,-0.030766142934111618,-34.876922607421875,0.009662601988017404,0.02382203393275939,56472370.0,0.663628956957181,0,36.61290150676923,-0.7875806799706311,2.4550787888367704,-3.2426594688074015,0.023547907872966567,-0.009228257799807068,0.023712779395480044,-0.008723897642456846,0
2026-08-12 00:00:00-04:00,305.1000061035156,305.6600036621094,300.57000732421875,302.25,41657800,0.0,0.0,-0.008723897642456846,-2.850006103515625,-0.009341219424783173,0.01684035182097808,308.12416381835936,320.98164825439454,309.2253021240234,0.9416426192704053,0.9774426540256859,-0.02729691328882433,-0.0763033174029425,-35.648590087890625,0.008773128688694953,0.02176625931708385,55507380.0,0.7504911959454761,0,37.370037973791035,-1.6824143796652038,1.6275801551363758,-3.3099945348015796,0.01684035182097808,-0.009341219424783173,0.016934478536975744,0.009958675816790663,1
2026-08-13 00:00:00-04:00,304.2099914550781,306.0,302.04998779296875,305.260009765625,40349300,0.0,0.0,0.009958675816790663,1.050018310546875,0.0034516233524234143,0.012939828607304384,306.7480041503906,319.5960067749023,309.03193420410156,0.955143378811443,0.9877943862073963,-0.022043892247241237,-0.08322849888743811,-27.882659912109375,0.010490006235407277,0.021437364450727543,54376315.0,0.7420381465717197,0,29.620534218566362,-2.1242073610323473,0.8772226519026312,-3.0014300129349785,0.012939828607304384,0.0034516233524234143,0.01307734602438941,0.002194794236790587,1
2026-08-14 00:00:00-04:00,306.0,307.489990234375,304.29998779296875,305.92999267578125,28229400,0.0,0.0,0.002194794236790587,-0.07000732421875,-0.00022878210529003268,0.010427230143423543,305.32200317382814,318.21988677978516,308.95068115234375,0.9613792392789431,0.9902227486105687,-0.022775202639800707,-0.08253771907153284,-2.713836669921875,0.01036324833772777,0.02144831079370094,52617430.0,0.5365028280552661,0,26.09353010535925,-2.3926880417943153,0.22324051316324192,-2.615928554957557,0.010427230143423543,-0.00022878210529003268,0.010483084355483367,-0.0011113534012042736,0
2026-08-17 00:00:00-04:00,306.2099914550781,307.6600036621094,302.94000244140625,305.5899963378906,38169300,0.0,0.0,-0.0011113534012042736,-0.6199951171875,-0.002024738364157706,0.015445535774293551,304.7880004882812,317.18395843505857,308.84324462890623,0.9634471990501319,0.9894663446664518,-0.008661562781901,-0.06349378848441045,2.431427001953125,0.008438272776707001,0.02106093156662387,51852495.0,0.7361130838544991,0,22.134079896072734,-2.6028912682994587,-0.3419858431292982,-2.2609054251701606,0.015445535774293551,-0.002024738364157706,0.015580646935579442,0.014529279409058127,1
2026-08-18 00:00:00-04:00,307.5799865722656,311.489990234375,305.739990234375,310.0299987792969,53424500,0.0,0.0,0.014529279409058127,2.45001220703125,0.007965447408768977,0.018546592338289467,305.81199951171874,316.3125793457031,308.90234130859375,0.9801380628636337,1.0036505306690977,0.016791823999521283,-0.0532208836239636,0.916595458984375,0.009160597166331387,0.021383300320232862,52456775.0,1.018448046034092,0,28.19749313596752,-2.3837295983744866,-0.7503345941783359,-1.6333950041961507,0.018546592338289467,0.007965447408768977,0.018806829932820204,0.021933322000267097,1
2026-08-19 00:00:00-04:00,310.1400146484375,319.2799987792969,309.6000061035156,316.8299865722656,50505600,0.0,0.0,0.021933322000267097,6.689971923828125,0.02157081191671321,0.03055264048869738,308.7279968261719,315.87361907958984,309.21333740234377,1.0030276903005149,1.0246323435913478,0.04823816897358357,-0.026962400143511034,6.09796142578125,0.009301322199527097,0.022049186644409708,53044260.0,0.9521407217293634,0,37.63356977276829,-1.642407558984189,-0.9287491871395066,-0.7136583718446825,0.03055264048869738,0.02157081191671321,0.031266125597377147,-0.017454152112068244,0
2026-08-20 00:00:00-04:00,317.4599914550781,320.2799987792969,310.6499938964844,311.29998779296875,40959200,0.0,0.0,-0.017454152112068244,-6.160003662109375,-0.01940403146196468,0.030934806490313684,309.9359924316406,315.3694763183594,309.6333447265625,0.987096124289205,1.0053826343150414,0.01978633897044424,-0.03137334628674593,-0.8408203125,0.015183324885933764,0.022197954637969485,53050180.0,0.7720840909493615,0,52.826502491785526,-1.484022301867526,-1.0398038100851106,-0.44421849178241546,0.030934806490313684,-0.01940403146196468,0.03099953346859371,-0.006263995393247401,0
2026-08-21 00:00:00-04:00,312.04998779296875,312.3800048828125,307.010009765625,309.3500061035156,46876800,0.0,0.0,-0.006263995393247401,-2.699981689453125,-0.008652401201965252,0.017358962376715054,310.6199951171875,314.20032501220703,309.99377014160154,0.9845629729743183,0.9979233000786053,0.01117907204135693,-0.07027563799894998,-3.709991455078125,0.01589201795928079,0.02046211954625593,53019550.0,0.8841417929801366,0,57.124556209900874,-1.4985734482781936,-1.1315577377237274,-0.36701571055446625,0.017358962376715054,-0.008652401201965252,0.017491270467979256,0.0032002269754076718,1
2026-08-24 00:00:00-04:00,311.4700012207031,313.3599853515625,309.9700012207031,310.3399963378906,34673600,0.0,0.0,0.0032002269754076718,-1.1300048828125,-0.003627973411191516,0.010923452248702236,311.5699951171875,312.88634033203124,310.2930651855469,0.9918617604353118,1.0001512478286154,0.015543702532552661,-0.07806938925078921,2.079986572265625,0.01577538051345002,0.02021888327795367,52273015.0,0.6633173923486143,0,51.59353498894242,-1.4139225790682985,-1.1880307059926416,-0.22589187307565695,0.010923452248702236,-0.003627973411191516,0.010936491007223817,-0.0014178077160482694,0
2026-08-25 00:00:00-04:00,310.7900085449219,313.5899963378906,308.2099914550781,309.8999938964844,25869800,0.0,0.0,-0.0014178077160482694,-0.8900146484375,-0.0028637170564280107,0.01736045494924914,311.543994140625,311.3919937133789,310.67348205566407,0.9952086121447687,0.9975102858664934,-0.00041933001104532686,-0.08795786436273734,4.989990234375,0.014467267437745868,0.019988672393330614,50973555.0,0.50751414140136,0,48.88491344827755,-1.3665875050238014,-1.2237420657988736,-0.14284543922492787,0.01736045494924914,-0.0028637170564280107,0.017455647227441168,0.011455367474878742,1
2026-08-26 00:00:00-04:00,310.29998779296875,315.42999267578125,308.79998779296875,313.45001220703125,34024500,0.0,0.0,0.011455367474878742,3.1500244140625,0.010151545401168971,0.021151713589449263,310.8679992675781,310.16956481933596,311.0191906738281,1.0105763032862558,1.0078156641329326,-0.010668101216686598,-0.0723547792090522,11.20001220703125,0.010786502529292946,0.02029632260527014,49870240.0,0.682260602716169,0,51.65935621620367,-1.0307356301586879,-1.1851407786708366,0.1544051485121487,0.021151713589449263,0.010151545401168971,0.021470223914832234,0.003604958753321119,1
2026-08-27 00:00:00-04:00,310.54998779296875,315.3999938964844,309.3999938964844,314.5799865722656,32419200,0.0,0.0,0.003604958753321119,4.029998779296875,0.012976972911631586,0.019073050594786246,311.5239990234375,309.2414306640625,311.3311474609375,1.0172633915731768,1.0104353166646642,0.01053645649828372,-0.05571992060766451,9.319976806640625,0.006582713167579719,0.020198403507048355,47750310.0,0.6789317179302082,0,51.91627737332993,-0.6657171391754559,-1.0812560507717606,0.4155389115963046,0.019073050594786246,0.012976972911631586,0.019392372716101003,0.01627575132974779,1
2026-08-28 00:00:00-04:00,316.8500061035156,322.3699951171875,315.45001220703125,319.70001220703125,38649400,0.0,0.0,0.01627575132974779,2.850006103515625,0.008994811578398775,0.021645238179331096,313.5940002441406,309.7942398071289,311.8112481689453,1.0319753279017372,1.0252998058421923,0.033457268140645535,0.03582181728617817,13.77001953125,0.007106439299530683,0.011884136966329251,43058325.0,0.8976057475528832,0,64.30716361948728,0.03628762250690443,-0.8577473161160276,0.894034938622932,0.021645238179331096,0.008994811578398775,0.02193686049254179,-0.008914626195478559,0
2026-08-31 00:00:00-04:00,319.6000061035156,321.239990234375,312.79998779296875,316.8500061035156,41242700,0.0,0.0,-0.008914626195478559,-2.75,-0.008604505467716728,0.026637217228422213,314.8960021972656,310.4788116455078,312.19318420410156,1.0205205451033554,1.0149164752308288,0.020977024690485235,0.0451626249509256,11.260009765625,0.010029598478815979,0.01126412936407641,41367860.0,0.9969744627834266,0,65.12159111990601,0.35852690476957605,-0.6144924719389069,0.9730193767084829,0.026637217228422213,-0.008604505467716728,0.02698210604468562,0.02613223487390992,1
2026-09-01 00:00:00-04:00,316.9800109863281,327.29998779296875,314.7300109863281,325.1300048828125,53167400,0.0,0.0,0.02613223487390992,8.149993896484375,0.02571138120389521,0.03866138657725932,317.94200439453124,311.27964172363284,312.7607025146484,1.044494921294842,1.0395487740905838,0.04914492186603714,0.05181464598577468,15.100006103515625,0.013228694410519099,0.011868152683271335,40626180.0,1.308697987356921,0,75.36587280320686,1.2674205253492232,-0.23810987248128088,1.5055303978305041,0.03866138657725932,0.02571138120389521,0.039938920242298295,-0.000522909067699362,0
2026-09-02 00:00:00-04:00,326.8699951171875,328.3999938964844,323.5299987792969,324.9599914550781,33776400,0.0,0.0,-0.000522909067699362,-1.910003662109375,-0.005843312909233568,0.014986445240169571,320.24400024414064,311.9910400390625,313.378974609375,1.0415683457268254,1.0369553090156696,0.03672030243994584,0.045788541756796475,8.1300048828125,0.013901271378101003,0.011870578535981079,39843060.0,0.8477360925591558,0,73.30808254048492,1.9515108033590423,0.19981426268678373,1.7516965406722584,0.014986445240169571,-0.005843312909233568,0.015052684868674804,0.010001231183714099,1
2026-09-03 00:00:00-04:00,324.8699951171875,330.80999755859375,324.1099853515625,328.2099914550781,37225800,0.0,0.0,0.010001231183714099,3.339996337890625,0.010281024373105978,0.020413797207475555,322.9700012207031,312.794499206543,314.0866259765625,1.0492831308978872,1.044966465651325,0.04332762878951102,0.05148055919743699,16.910003662109375,0.013768163523367174,0.01198692762502927,39397355.0,0.9448806905945843,0,74.84389005231682,2.724498789795689,0.7047511681085648,2.019747621687124,0.020413797207475555,0.010281024373105978,0.020672032673611517,-0.025105848234065142,0
2026-09-04 00:00:00-04:00,328.30999755859375,328.92999267578125,317.8599853515625,319.9700012207031,39606900,0.0,0.0,-0.025105848234065142,-8.339996337890625,-0.02540280953948769,0.034597016226477685,323.0239990234375,313.13999938964844,314.9877679443359,1.021811336285263,1.0158172277891364,0.0008445073611602627,0.022072458046372034,10.6199951171875,0.019316186617935403,0.013489050103465105,39655840.0,0.9987658816456795,0,63.63292334612518,2.6417465805318443,1.0921502505932208,1.5495963299386235,0.034597016226477685,-0.02540280953948769,0.034826677890817226,-0.011719848691107093,0
2026-09-08 00:00:00-04:00,317.1000061035156,320.70001220703125,314.8999938964844,316.2200012207031,35477100,0.0,0.0,-0.011719848691107093,-0.8800048828125,-0.0027751651399376734,0.018341718702666123,322.897998046875,313.53799896240236,315.6414587402344,1.0085539943074726,1.0018329102988492,-0.001988337922287031,0.02582232921205141,5.8800048828125,0.01968854308011564,0.013278864727045451,39189070.0,0.9052804774392452,0,55.946209311352064,2.247661555262084,1.3232525115269935,0.9244090437350907,0.018341718702666123,-0.0027751651399376734,0.018418604074198517,-0.0027828881140200545,0
2026-09-09 00:00:00-04:00,315.489990234375,319.1499938964844,309.8999938964844,315.3399963378906,65640000,0.0,0.0,-0.0027828881140200545,-0.149993896484375,-0.00047543155449383904,0.02933341823879681,320.93999633789065,314.0594985961914,316.31831420898436,1.004077245704788,0.9969071728472624,-0.03011105833941874,0.03420679069401533,5.44000244140625,0.013173215680583878,0.013007354619289606,40597235.0,1.6168588821381555,1,48.38500967194764,1.843091284923105,1.427220266206216,0.41587101871688903,0.02933341823879681,-0.00047543155449383904,0.029848338761470805,0.03561239017170226,1
2026-09-10 00:00:00-04:00,316.6700134277344,326.739990234375,316.510009765625,326.57000732421875,70011900,0.0,0.0,0.03561239017170226,9.899993896484375,0.031262808212636786,0.031325535840141236,321.2619995117187,315.27549896240237,317.06750122070315,1.0358242502160413,1.029969978212624,0.004954504897453527,0.08046321695357728,13.1199951171875,0.023110916261851907,0.01478284447935817,42014940.0,1.6663572529200328,1,64.73086484303148,2.400957718354107,1.6219677566357942,0.7789899617183127,0.031325535840141236,0.031262808212636786,0.03232119096746823,0.017454088133066703,1
2026-09-11 00:00:00-04:00,327.45001220703125,336.2200012207031,326.29998779296875,332.2699890136719,50716900,0.0,0.0,0.017454088133066703,4.819976806640625,0.014719733171343357,0.029855279609156026,322.0739990234375,316.62599792480466,317.8303741455078,1.0494084225281541,1.0454318279270356,0.01237012176440544,0.0884818790013957,17.69000244140625,0.02404198142426281,0.015035241326281349,42533320.0,1.1924039788100247,0,70.61890595778934,3.265370611872015,1.9506483276830384,1.3147222841889767,0.029855279609156026,0.014719733171343357,0.030401513327755435,0.0024377692400032736,1
2026-09-14 00:00:00-04:00,334.7900085449219,335.5,331.3399963378906,333.0799865722656,39269100,0.0,0.0,0.0024377692400032736,-1.71002197265625,-0.005107744941637947,0.012489503512114539,324.69599609375,317.9834976196289,318.32469299316404,1.0474756994172543,1.0463529657104498,0.04097254524345151,0.08874577369489045,13.379974365234375,0.01862595492972689,0.01503350202716895,43085305.0,0.9114267613981147,0,70.52344784581248,3.970020170021826,2.354522696150796,1.61549747387103,0.012489503512114539,-0.005107744941637947,0.01255509056584623,-0.005223941108804753,0
2026-09-15 00:00:00-04:00,330.1400146484375,331.7799987792969,328.3500061035156,331.3399963378906,31748200,0.0,0.0,-0.005223941108804753,1.199981689453125,0.003634765966588365,0.010351882397811842,327.7199951171875,319.27099761962893,318.70368103027346,1.0378017383609657,1.0396491037278508,0.04781479684656187,0.08426322951857435,14.489990234375,0.017048924619160865,0.015140129526437732,42764250.0,0.7424004863875784,0,68.9065236556929,4.338050999789914,2.7512283568786198,1.5868226429112942,0.010351882397811842,0.003634765966588365,0.01044614774485465,0.0032293334219983816,1
2026-09-16 00:00:00-04:00,332.5299987792969,335.4800109863281,330.70001220703125,332.4100036621094,35920400,0.0,0.0,0.0032293334219983816,-0.1199951171875,-0.00036085501346644463,0.014379828304312057,331.1339965820313,320.3899978637695,319.1440350341797,1.0375167947766297,1.0415673400460357,0.05413207180331181,0.07218657862442623,7.279998779296875,0.016154659456939745,0.014942417979566835,41889045.0,0.8575129846001502,0,67.48431485449555,4.66231447347991,3.133445580198878,1.528868893281032,0.014379828304312057,-0.00036085501346644463,0.014454183861065017,0.0019855108295123713,1
