Date,Open,High,Low,Close,Volume,Dividends,Stock Splits,Daily_Return,Price_Change,Price_Change_Pct,High_Low_Range,MA_5,MA_20,MA_50,Price_to_MA20,Price_to_MA50,Return_5D,Return_20D,Momentum_10D,Volatility_5D,Volatility_20D,Volume_MA_20,Volume_Ratio,High_Volume_Flag,RSI_14,MACD,MACD_Signal,MACD_Histogram,Price_Range,Open_Close_Return,High_Low_Pct,Target_Up
2024-11-25 00:00:00-05:00,229.79241557012372,231.56951255942457,228.08480637706975,231.19224548339844,90152800,0.0,0.0,0.0130508885833007,1.399829913274715,0.0060917150368156,0.0150727641191799,228.0530242919922,225.19489517211915,226.23259704589844,1.0266318217679644,1.0219227843478884,0.0212700919495372,-0.0011730341377721,8.5777587890625,0.0057302937450501,0.010809512953317,46524025.0,1.937768711971933,1,69.70649008315894,0.6588970562738155,0.0338390354585009,0.6250580208153145,0.0150727641191799,0.0060917150368156,0.0152781162310035,1
2024-11-26 00:00:00-05:00,231.64890834638587,233.8727750720934,231.64890834638587,233.3664398193359,45986200,0.0,0.0,0.0094042701622256,1.7175314729500712,0.0074143732651735,0.0095295053026011,229.39925231933591,225.2766410827637,226.6000946044922,1.035910508509403,1.0298602929829033,0.0297003165267948,0.0070552258128577,10.751953125,0.0058071157916516,0.0110115240224332,47052475.0,0.9773385990853828,0,74.2156927692315,1.1325388928324855,0.2535790069332979,0.8789598858991876,0.0095295053026011,0.0074143732651735,0.0096001606119471,0
2024-11-27 00:00:00-05:00,232.78070364946953,233.99191506726265,232.12545514826604,233.2373809814453,33498400,0.0,0.0,-0.0005530308384982,0.4566773319757828,0.001961835000995,0.0080024047223592,230.5767028808594,225.52895278930663,226.8876580810547,1.034179328626334,1.0279861979011755,0.0258950934178312,0.0221140662138112,9.73931884765625,0.0064444911073492,0.0103817130488087,46373850.0,0.7223553791630413,0,68.02438408385913,1.4804240837765406,0.4989480223019464,0.981476061474594,0.0080024047223592,0.001961835000995,0.0080407377889876,1
2024-11-29 00:00:00-05:00,233.11825362062933,236.0966394139658,232.28430923421996,235.62010192871097,28481400,0.0,0.0,0.0102158622140211,2.5018483080816054,0.0107320995641681,0.0161799869728402,232.3260040283203,226.10816345214843,227.06063354492187,1.0420680895874666,1.0376968400473332,0.0385523299499581,0.0517069534060334,9.04437255859375,0.005223663726846,0.0095009058157315,44579415.0,0.6388912909691614,0,72.07327398377069,1.926187382061272,0.7843958942538116,1.1417914878074604,0.0161799869728402,0.0107320995641681,0.0164123448213703,1
2024-12-02 00:00:00-05:00,235.5605381566453,239.0551666028684,235.45133007089743,237.8638153076172,48137100,0.0,0.0,0.0095225889494994,2.303277150971894,0.0097778565501503,0.0151508396824052,234.25599670410156,226.9483154296875,227.29177154541017,1.0480968534939907,1.046513094998227,0.0422847399373491,0.0760109498994265,14.484878540039062,0.0051799567859456,0.0088447384850376,43722435.0,1.1009702455958823,0,83.36235433305336,2.4324669607206317,1.1140101075471758,1.318456853173456,0.0151508396824052,0.0097778565501503,0.0153060784616752,1
2024-12-03 00:00:00-05:00,238.0822290117422,241.01097200063165,237.1787816889052,240.9017639160156,38861000,0.0,0.0,0.0127717980327088,2.8195349042734392,0.0118426936608291,0.0159076888829358,236.197900390625,227.98499145507813,227.6179818725586,1.056656240301163,1.0583599851565968,0.0419975956041069,0.0941712582471374,14.524581909179688,0.0051174690995758,0.0088687234306722,43418260.0,0.8950381705761585,0,85.314471839473,3.043747807796393,1.499957647597019,1.5437901601993738,0.0159076888829358,0.0118426936608291,0.0161573909961006,1
2024-12-04 00:00:00-05:00,241.12017980186528,242.35125137710352,239.51185632927692,241.25917053222656,44383900,0.0,0.0,0.001483619756041,0.1389907303612858,0.0005764375693295,0.01176906577919,237.7764465332031,228.96813583374023,227.9334896850586,1.0536801099145567,1.0584630229878915,0.0338211900520095,0.0887329304927087,14.623870849609377,0.0058525935704574,0.0088816972314376,44231890.0,1.003436660744092,0,85.00984733917316,3.5164960327780364,1.9032653246332227,1.6132307081448136,0.01176906577919,0.0005764375693295,0.0118549248097473,1
2024-12-05 00:00:00-05:00,242.2321233137982,242.77814859306412,240.38552350615552,241.28895568847656,40033900,0.0,0.0,0.0001234570946435,-0.9431676253216494,-0.003893652140017,0.0099160157582913,239.3867614746094,229.98896560668945,228.2694271850586,1.0491327488341833,1.057035796093986,0.0345209445979493,0.0924361719038588,13.938827514648438,0.0056475735493604,0.0087612701974212,43505530.0,0.9202025581575493,0,82.96270011869015,3.8491848137291527,2.292449222452409,1.5567355912767438,0.0099160157582913,-0.003893652140017,0.0099532827601714,0
2024-12-06 00:00:00-05:00,241.1599112680226,242.86752040520184,240.33588934668637,241.0904083251953,36870600,0.0,0.0,-0.0008228613809311,-0.0695029428272846,-0.0002882027218447,0.0105007539540962,240.48082275390624,230.7638427734375,228.57858459472655,1.04474949553469,1.054737515120467,0.0232166370853172,0.0686969569522149,14.216812133789062,0.0061271448723948,0.007867293309665,43242175.0,0.8526536882106416,0,95.837739774227,4.050134526933618,2.643986283348651,1.4061482435849673,0.0105007539540962,-0.0002882027218447,0.0105337203918952,1
2024-12-09 00:00:00-05:00,240.08769312504631,245.4587194212017,240.00826768189097,244.9722442626953,44649200,0.0,0.0,0.0161011628976295,4.88455113764897,0.0203448626377734,0.0222492623836436,241.9025085449219,231.7462142944336,228.96002349853515,1.0570711802500388,1.069934569884697,0.0298844485693847,0.0871960352916629,16.758392333984375,0.0078954119481828,0.0082806162089879,43558195.0,1.025047066344232,0,96.0197757479725,4.471080507769784,3.0094051282328778,1.4616753795369064,0.0222492623836436,0.0203448626377734,0.0227094332705856,1
2024-12-10 00:00:00-05:00,245.11121388943337,246.4217108653419,243.57237825215392,245.98487854003903,36914800,0.0,0.0,0.0041336694301492,0.8736646506057184,0.0035643601805987,0.0115833649210441,242.91913146972655,232.91473388671875,229.25837951660156,1.0561155768689032,1.072959161007357,0.0211003628258843,0.104981451084952,14.792633056640623,0.0069077504594065,0.0073473612819069,43303655.0,0.8524638393687554,0,96.16307024275316,4.830708947839554,3.373665892154213,1.4570430556853409,0.0115833649210441,0.0035643601805987,0.0116980941502252,0
2024-12-11 00:00:00-05:00,246.17352158557495,248.9930565140259,244.48575750906295,244.714111328125,45205800,0.0,0.0,-0.0051660379266249,-1.4594102574499743,-0.0059283803069074,0.0184186313592653,243.61011962890623,234.0197151184082,229.66599334716796,1.0456986976687228,1.0655217507896784,0.0143204537604797,0.09927307500043,11.347671508789062,0.0080996772393238,0.0076192597527498,43544030.0,1.0381629812399082,0,90.35546495991284,4.956046564062433,3.6901420265358578,1.2659045375265756,0.0184186313592653,-0.0059283803069074,0.0184358346714567,1
2024-12-12 00:00:00-05:00,245.11122473397327,246.9479020514793,243.9099357862414,246.17352294921875,32777500,0.0,0.0,0.005963741171987,1.0622982152454767,0.0043339435654096,0.0123407514701107,244.5870330810547,235.1534881591797,230.09149017333985,1.046863156810072,1.0698940789325302,0.0202436420962779,0.1014570802043726,12.936141967773438,0.0080246454890653,0.0076212622962523,42754595.0,0.7666427433121515,0,92.89506776582368,5.114186688266642,3.9749509588820144,1.1392357293846276,0.0123407514701107,0.0043339435654096,0.0124552788530121,1
2024-12-13 00:00:00-05:00,246.03455153835696,247.4939467696469,244.46593306347833,246.34231567382812,33155300,0.0,0.0,0.0006856656336846,0.3077641354711886,0.0012508980285364,0.0122918943011716,245.63741455078124,236.14181747436524,230.54237915039064,1.0431964922967116,1.0685337619125144,0.0217839746720607,0.0872405281830592,10.722213745117188,0.007821811025407,0.0073747201828847,42166165.0,0.786301054411754,0,92.50477078412588,5.193269262888151,4.218614619683242,0.974654643204909,0.0122918943011716,0.0012508980285364,0.0123862399485424,1
2024-12-16 00:00:00-05:00,246.2032795762443,249.5688545954195,245.86571770543415,249.23129272460935,51694800,0.0,0.0,0.0117274900289823,3.0280131483650337,0.0122988335231631,0.0148582340905207,246.48922424316407,237.4344352722168,231.02863464355468,1.0496846948037153,1.0787896189108284,0.0173858408928437,0.1157331856401939,11.367477416992188,0.0062685525974871,0.0061581895296552,42354720.0,1.2205204048096647,0,92.4732109945398,5.426505697051198,4.460192835156834,0.9663128618943642,0.0148582340905207,0.0122988335231631,0.0150616235746294,1
2024-12-17 00:00:00-05:00,248.27824960945253,252.00123197197036,247.98040799068028,251.65374755859375,51356400,0.0,0.0,0.0097197057700979,3.37549794914122,0.0135956248863964,0.0159776042292153,247.622998046875,238.6982635498047,231.66469146728517,1.0542755687289944,1.0862844310227195,0.0230455996002696,0.1116568610302539,10.751983642578123,0.0068841999777134,0.0059602381885431,42690855.0,1.2029836366594204,0,92.56018733233948,5.740644534538944,4.716283175033256,1.0243613595056882,0.0159776042292153,0.0135956248863964,0.0162142808533535,0
2024-12-18 00:00:00-05:00,250.343283238806,252.4480045680384,245.9551295369763,246.2628936767578,56774100,0.0,0.0,-0.0214217111174979,-4.080389562048197,-0.0162991773106844,0.0263656246953086,247.93275451660156,239.6796432495117,232.1120083618164,1.027466873439864,1.0609657613788035,0.0063289458063009,0.0866043110743444,5.00372314453125,0.0133979655236628,0.0084208816116906,43718970.0,1.2986147660843794,0,74.350530803005,5.491304629922325,4.87128746601107,0.620017163911255,0.0263656246953086,-0.0162991773106844,0.0263986160536081,1
2024-12-19 00:00:00-05:00,245.71681628677703,250.18439476471843,245.30976661195103,247.9903106689453,60882300,0.0,0.0,0.0070145240575907,2.2734943821682805,0.0092524981257891,0.019656526658716,248.29611206054688,240.71165237426757,232.51909942626952,1.0302380803874032,1.0665373781373242,0.0073801101676613,0.090785884577712,6.70135498046875,0.0134966003687163,0.0084399816606934,45004605.0,1.3528015633066883,0,73.70630515770205,5.371173528759925,4.971264678560842,0.3999088501990835,0.019656526658716,0.0092524981257891,0.0198713170702185,1
2024-12-20 00:00:00-05:00,246.25292226826556,253.16278373693368,243.9198625662762,252.65646362304688,147495300,0.0,0.0,0.0188158680132088,6.403541354781311,0.0260039202613212,0.0365829594783196,249.55894165039064,242.0007957458496,233.0294302368164,1.0440315406581882,1.0842255562582137,0.0256316010180688,0.1136441959948852,11.566055297851562,0.015495415242555,0.0088783438422613,50273955.0,2.9338312452242916,1,75.94019566237671,5.588072491096511,5.094626241067976,0.4934462500285352,0.0365829594783196,0.0260039202613212,0.0378932698363014,1
2024-12-23 00:00:00-05:00,252.9344647729303,253.80811434244583,251.6239676953758,253.4308624267578,40858800,0.0,0.0,0.0030650266872502,0.4963976538274721,0.0019625544279744,0.0086183135950985,250.39885559082032,243.26164627075195,233.5848016357422,1.0418036147987235,1.084962979834467,0.016850089955553,0.1104972826361307,8.4586181640625,0.0150571786862237,0.008893102377212,50408480.0,0.8105540972471299,0,73.86546283373143,5.756101240903007,5.226921241034983,0.529179999868024,0.0086183135950985,0.0019625544279744,0.008680201123425,1
2024-12-24 00:00:00-05:00,253.64924013847912,256.34962902881983,253.45066898797964,256.3397216796875,23234700,0.0,0.0,0.0114779203490669,2.690481541208385,0.0106070948201521,0.0113090551157835,251.33605041503907,244.5190200805664,234.12397247314453,1.0483426671480456,1.094888827367267,0.0186207205994526,0.1087730089895895,10.354843139648438,0.0152597046784026,0.0088275853472295,47062575.0,0.4936980180111266,0,76.18070511445063,6.054196854336652,5.392376363695317,0.6618204906413352,0.0113090551157835,0.0106070948201521,0.0114379656302176,1
2024-12-26 00:00:00-05:00,256.32980188696064,258.2260444048055,255.77383898408215,257.15380859375,27237100,0.0,0.0,0.0031758125846752,0.8240067067893619,0.0032146348209356,0.0095359482876542,253.5142333984375,245.7083885192871,234.62884765625,1.0465813159389326,1.0960025212692552,0.0442247500400425,0.1019314036449687,12.439697265625,0.0066173549084233,0.0087816926816061,46125120.0,0.5905046967899488,0,76.81215331412996,6.2836952585265635,5.570640142661567,0.7130551158649965,0.0095359482876542,0.0032146348209356,0.0095873973290753,0
2024-12-27 00:00:00-05:00,255.9723714358678,256.8361287043752,251.2367492695516,253.74851989746097,42355300,0.0,0.0,-0.0132422254016416,-2.223851538406876,-0.0086878577009396,0.0220666486531085,254.66587524414064,246.73394546508788,235.1066741943359,1.0284297096581128,1.0792910102063538,0.0232194927817261,0.0879410445688693,7.5749969482421875,0.0119594006124029,0.0096153438306496,46567965.0,0.9095372752491976,0,69.30064977487748,6.12024567625312,5.680561249379878,0.4396844268732423,0.0220666486531085,-0.0086878577009396,0.0222872627157582,0
2024-12-30 00:00:00-05:00,250.4127477342041,251.67360197393796,248.9434149702759,250.38296508789065,35557500,0.0,0.0,-0.0132633475494963,-0.029782646313464,-0.0001189342259247,0.0109040445411439,254.21117553710937,247.4720886230469,235.50985107421872,1.0117624435185402,1.0631528318065335,-0.0089983786781255,0.0626553636058027,4.0406494140625,0.0110346514876197,0.0102623847687336,46921770.0,0.7578038935871345,0,58.38204779935108,5.653963190503333,5.675241637604569,-0.0212784471012357,0.0109040445411439,-0.0001189342259247,0.0109670987038883,0
2024-12-31 00:00:00-05:00,250.6212497119267,251.4551941340452,247.63292614272083,248.6157989501953,39480700,0.0,0.0,-0.0070578529057477,-2.005450761731396,-0.0080019182891974,0.0153741958775921,253.24816284179687,248.0096878051758,235.8211575317383,1.002443901084605,1.054255697632792,-0.01899951501745,0.0452022668041085,-0.6154937744140625,0.0108558665392125,0.0103846512690544,46488950.0,0.8492491226409716,0,53.98260054899925,5.083239007601122,5.55684111160388,-0.473602104002758,0.0153741958775921,-0.0080019182891974,0.0154352171613941,0
2025-01-02 00:00:00-05:00,247.1364952815275,247.30528379202167,240.07773614045144,242.09310913085935,55740700,0.0,0.0,-0.0262360229996591,-5.043386150668113,-0.0204072900885112,0.0298544129468116,250.39884033203128,248.06925506591796,235.97265533447265,0.975909364772065,1.0259371315193766,-0.0555770773857285,0.0049453569599393,-9.560638427734377,0.0107034300685295,0.0118649346409392,47332935.0,1.1776303328749844,0,46.57672660367913,4.057833248997355,5.257039539082576,-1.199206290085221,0.0298544129468116,-0.0204072900885112,0.0301050308444341,0
2025-01-03 00:00:00-05:00,241.6066436767578,242.42072787413275,240.14723350152744,241.6066436767578,40244100,0.0,0.0,-0.0020094147076222,0.0,0.0,0.0094099000673466,247.2894073486328,248.08662872314457,236.12672149658204,0.9738801519463663,1.02320754781773,-0.0604586220286299,0.0014402484422237,-4.65625,0.0090744936047813,0.0118725161409375,47125945.0,0.8539690822115079,0,43.87968065018386,3.169403193935068,4.839512270053074,-1.6701090761180062,0.0094099000673466,0.0,0.0094670854186244,1
2025-01-06 00:00:00-05:00,242.5498168429892,245.54806288478193,241.4478134561986,243.23484802246097,45045600,0.0,0.0,0.0067390710823393,0.6850311794717356,0.0028242906483626,0.0168571627869897,245.1866729736328,248.18392333984377,236.41450561523436,0.9800588400296746,1.02884908601305,-0.0414334313329139,0.0080645727378283,-4.755462646484375,0.0123854988963614,0.0119638611681203,47376530.0,0.9507999002881806,0,45.992284915754766,2.5671064525157306,4.385031106545606,-1.8179246540298752,0.0168571627869897,0.0028242906483626,0.0169819281851859,0
2025-01-07 00:00:00-05:00,241.2293767098772,243.78086767976055,239.6111308132576,240.4649353027344,40856000,0.0,0.0,-0.0113878119942368,-0.76444140714284,-0.0031689399424275,0.0173403114314918,243.20306701660155,248.15264968872071,236.65065948486327,0.9690202204343588,1.016117748525079,-0.039611439946303,-0.0025943505044683,-12.1915283203125,0.0122274722900952,0.0122536804497239,47575800.0,0.8587559221284771,0,38.659159693857,1.8450050683199208,3.877025898900469,-2.032020830580548,0.0173403114314918,-0.0031689399424275,0.0174021000291203,1
2025-01-08 00:00:00-05:00,240.17703689438372,241.9541489627904,238.3205145330558,240.951416015625,37628900,0.0,0.0,0.0020230837908994,0.7743791212412816,0.0032242013277139,0.0150803613849648,241.6701904296875,247.9516082763672,236.87988220214845,0.9717679094344096,1.0171881789860144,-0.0308282215648961,-0.0164134033191065,-12.479446411132812,0.013047528120495,0.011666860499694,47224785.0,0.7968040510930859,0,35.42454088804176,1.297038000040203,3.361028319128416,-2.0639903190882127,0.0150803613849648,0.0032242013277139,0.0152468386401986,0
2025-01-10 00:00:00-05:00,238.28080700459313,238.42973539672147,231.3213170399406,235.14358520507812,61710900,0.0,0.0,-0.0241037421841515,-3.137221799515004,-0.0131660700622628,0.0302301181237044,240.2802856445313,247.4095436096191,236.9534786987305,0.9504224524826936,0.9923618192752786,-0.0287059964272869,-0.0440730072486804,-21.196136474609375,0.0122375902210057,0.0127055536683782,48464590.0,1.273319345113618,0,35.02672203535404,0.3896352693496112,2.766749709172655,-2.377114439823044,0.0302301181237044,-0.0131660700622628,0.0307296294511132,0
2025-01-13 00:00:00-05:00,231.84748509521592,232.9792711307645,228.06493742769467,232.71121215820312,49630700,0.0,0.0,-0.0103442032864882,0.8637270629871807,0.0037254105328443,0.0211177349707109,238.5011993408203,246.80939865112305,236.9730725097656,0.9428782430086936,0.9820154234975924,-0.0368178266258926,-0.0490486596983685,-24.442596435546875,0.0121685325345911,0.0128219587836565,48685835.0,1.019407390260432,0,29.80849617980428,-0.5197685407068207,2.10944605919676,-2.6292145999035808,0.0211177349707109,0.0037254105328443,0.0215479580443085,0
2025-01-14 00:00:00-05:00,233.05869925952223,234.41882398797216,230.79512716232853,231.5992889404297,39435300,0.0,0.0,-0.0047781248159952,-1.4594103190925694,-0.0062619860306842,0.0156464073884773,236.1740875244141,246.0806869506836,237.0412353515625,0.9411518303622256,0.9770421951983936,-0.0478367272478851,-0.0592030931441618,-22.14923095703125,0.0096486449324754,0.0126758713430618,49018725.0,0.8044946089479071,0,19.287607576597196,-1.3150415427021471,1.4245485388169787,-2.739590081519126,0.0156464073884773,-0.0062619860306842,0.0157009243227866,1
2025-01-15 00:00:00-05:00,232.94947976770305,237.2383625727966,232.74098609709984,236.1562042236328,39832000,0.0,0.0,0.0196758604227633,3.206724455929759,0.0137657506645968,0.0190440750455062,235.31234130859377,245.57138137817384,237.2836416625977,0.9616601205657516,0.99524856652121,-0.0179183342206508,-0.0413494182772979,-14.226760864257812,0.0161292880143154,0.0136387930642062,49352560.0,0.8070908581034094,0,27.308255690614644,-1.5596178431243857,0.827715262428706,-2.3873331055530915,0.0190440750455062,0.0137657506645968,0.0193235259122794,0
2025-01-16 00:00:00-05:00,235.63995285298608,236.29518618874627,226.38709407905125,226.6154327392578,71759100,0.0,0.0,-0.0404002575995851,-9.024520113728244,-0.038297920214568,0.0437220536568451,232.4451446533203,244.44058837890623,237.3947348022461,0.9270777584121268,0.9545933397723938,-0.0594974020631509,-0.0907424574904451,-22.0003662109375,0.022423938064828,0.0156985581264223,50355775.0,1.425042112846044,0,16.748128739320805,-2.4945512129423832,0.1632619673544881,-2.657813180296871,0.0437220536568451,-0.038297920214568,0.0437661526157283,1
2025-01-17 00:00:00-05:00,230.44764042021455,230.6164138035219,226.833866130533,228.32305908203125,68488300,0.0,0.0,0.0075353488601026,-2.124581338183333,-0.0092193668562161,0.0165666476622929,231.08103942871097,243.27405395507813,237.55783111572265,0.9385425834363428,0.9611262150764762,-0.0290057928524752,-0.0927094815908923,-13.770050048828123,0.0226143095813901,0.0156007868926658,51212370.0,1.3373390061815142,0,18.379849076256463,-3.0624000284709325,-0.4818704318105961,-2.5805295966603365,0.0165666476622929,-0.0092193668562161,0.0166754097944625,0
2025-01-21 00:00:00-05:00,222.38612124582832,222.803093405302,217.79941234276583,221.03591918945312,98070400,0.0,0.0,-0.0319159173929954,-1.3502020563751955,-0.0060714312962123,0.0226374115161229,228.74598083496093,242.0127052307129,237.546623840332,0.913323616537973,0.9304948881867644,-0.0501707367705722,-0.1024392027181219,-20.570724487304688,0.0255924475951737,0.0163500083857807,53277185.0,1.8407579154191425,1,16.937635231105432,-4.053706983310434,-1.1962377421105637,-2.8574692411998703,0.0226374115161229,-0.0060714312962123,0.0229738042390192,1
2025-01-22 00:00:00-05:00,218.2064601780486,222.5052654056773,218.2064601780486,222.2173614501953,64126500,0.0,0.0,0.0053450238543788,4.010901272146725,0.0183812214765501,0.0193450466677068,226.86959533691407,240.72405776977536,237.5735238647461,0.9231207030529556,0.935362484149146,-0.0405093104264561,-0.103927242758914,-21.017486572265625,0.0264911600713559,0.016288182994265,53439395.0,1.1999855163030944,0,20.218412602529128,-4.68992977917037,-1.894976149522525,-2.7949536296478454,0.0193450466677068,0.0183812214765501,0.0197006322549802,0
2025-01-23 00:00:00-05:00,223.12083531174775,225.3943300272927,220.69841220245485,222.04861450195312,60234800,0.0,0.0,-0.0007593778773221,-1.0722208097946575,-0.0048055611135398,0.0211481518827335,224.04807739257816,239.19366531372071,237.5026388549805,0.9283214679231552,0.9349311467546952,-0.0597383827710925,-0.1211441365171619,-18.41632080078125,0.0224278959755954,0.0153193061291379,49076370.0,1.227368690879134,0,20.92575652677489,-5.148409734428441,-2.5456628665037084,-2.6027468679247323,0.0211481518827335,-0.0048055611135398,0.0212775333450524,0
2025-01-24 00:00:00-05:00,223.1605326731103,224.00441476166836,219.8148172645265,221.17494201660156,54697900,0.0,0.0,-0.0039346000303185,-1.9855906565087764,-0.0088975888017676,0.0189424600225615,222.9599792480469,237.58086929321288,237.41964141845705,0.930945924537536,0.931578115000082,-0.0240075914375877,-0.1272770021033973,-19.77647399902344,0.0158699104377562,0.0151727951319329,49768325.0,1.0990504502612857,0,23.878089761965285,-5.51864101177344,-3.1402584955576547,-2.378382516215785,0.0189424600225615,-0.0088975888017676,0.0190596682665848,1
2025-01-27 00:00:00-05:00,222.4059977899183,230.47741293083345,222.36627749626695,228.20391845703125,94863400,0.0,0.0,0.0317801663079089,5.7979206671129475,0.0260690841287004,0.0355433661674556,222.93615112304687,236.17407913208007,237.53143005371095,0.9662530252924516,0.9607314636443248,-0.0005218072387388,-0.109759825899373,-6.939666748046875,0.0227660858515413,0.0170180138913913,53349760.0,1.7781410825465755,1,35.61384159258438,-5.1851016866758926,-3.5492271337813026,-1.63587455289459,0.0355433661674556,0.0260690841287004,0.0364764636342064,1
2025-01-28 00:00:00-05:00,229.1867797612423,238.4594833656038,229.14705946957608,236.5433807373047,75707600,0.0,0.0,0.0365439048402829,7.356600976062396,0.0320987143487343,0.0393687782215716,226.0376434326172,235.1435577392578,237.8100079345703,1.005953056981468,0.9946737851435836,0.0701581064503813,-0.0801482504542856,3.8321685791015625,0.0189641082577402,0.0193987673085171,55773285.0,1.3574169066785289,0,43.72203395265686,-4.199435974436028,-3.679268901912248,-0.5201670725237801,0.0393687782215716,0.0320987143487343,0.0406395086089426,1
2025-01-29 00:00:00-05:00,232.43322998057815,238.13188043636077,232.32402189200351,237.6354827880859,45486100,0.0,0.0,0.0046169207837361,5.202252807507762,0.022381708536006,0.0244401992337838,229.12126770019532,234.33790588378903,238.09275634765623,1.0140718885912217,0.9980794310310616,0.0693830636691554,-0.0635000240233371,6.03619384765625,0.0190478257064303,0.0193614404776186,55929825.0,0.813270915830686,0,47.259103826532346,-3.292214686158019,-3.6018580587614024,0.3096433726033836,0.0244401992337838,0.022381708536006,0.0249989583386991,0
2025-01-30 00:00:00-05:00,236.95045561956255,239.0551768362328,235.5009829454289,235.87823486328125,55658300,0.0,0.0,-0.0073947202841408,-1.0722207562813253,-0.0045250841720382,0.0150679179571783,231.88719177246097,233.6126693725586,238.27880645751952,1.0096979564370698,0.9899253667167154,0.0622819484478542,-0.0579301799526091,-0.2779693603515625,0.0204799612953541,0.0192433594811099,56934865.0,0.9775785013277892,0,45.20368429799374,-2.6840899820937523,-3.4183044434278727,0.7342144613341204,0.0150679179571783,-0.0045250841720382,0.0150920554400724,0
2025-01-31 00:00:00-05:00,245.4090800423025,245.4090800423025,231.7581442550369,234.29969787597656,100959800,0.0,0.0,-0.0066921688990068,-11.10938216632593,-0.0452688309838044,0.0582627118644067,234.51214294433595,232.8968643188477,238.4972216796875,1.0060234110975763,0.982400114457734,0.0593410616035783,-0.057583231374152,7.68426513671875,0.0210562214062614,0.0192392773567613,60008820.0,1.6824160181786612,1,49.13281909293865,-2.3029742615766224,-3.195238407057623,0.8922641454810005,0.0582627118644067,-0.0452688309838044,0.0589016443462866,0
2025-02-03 00:00:00-05:00,228.33297872450572,230.15971829856625,224.0738787357251,226.3672332763672,73063300,0.0,0.0,-0.0338560598734033,-1.9657454481385344,-0.008609117522661,0.0268848078176184,234.14480590820312,232.11057052612304,238.49702270507817,0.9752560288971868,0.9491407092166912,-0.0080484384014198,-0.0649579655982353,-1.9558258056640625,0.0254620958566509,0.0197955409711304,60874950.0,1.2002194662993564,0,44.142977289472235,-2.6109238017491236,-3.0783754859959234,0.4674516842467997,0.0268848078176184,-0.008609117522661,0.027159968833399,1
2025-02-04 00:00:00-05:00,225.6127398204117,231.4503812363357,225.01705656002383,231.1227569580078,45067300,0.0,0.0,0.0210080037327429,5.510017137596151,0.0244224556733016,0.0278350983736346,233.06068115234376,231.58637619018555,238.58677185058593,0.9979980720809024,0.968715722021452,-0.0229159816791356,-0.0433923776234242,10.086837768554688,0.0200545078304665,0.0205220718564154,61116110.0,0.7374045893954966,0,49.58777958522945,-2.4430826771180705,-2.951316924220353,0.5082342471022825,0.0278350983736346,0.0244224556733016,0.0285903867673946,0
2025-02-05 00:00:00-05:00,226.88350440739825,230.99367626573292,226.625383087866,230.7951202392578,39620300,0.0,0.0,-0.0014175874460061,3.911615831859592,0.0172406356384366,0.0189271470442635,231.69260864257816,230.9643898010254,238.65567169189453,0.9992671183557196,0.967063211207548,-0.0287851059470276,-0.0511428682375907,8.5777587890625,0.0195465620692893,0.0204197403785919,60844845.0,0.6511693800847056,0,44.99631428496559,-2.309878084932876,-2.823029156362858,0.5131510714299816,0.0189271470442635,0.0172406356384366,0.0192753923604985,1
2025-02-06 00:00:00-05:00,229.62361584180033,232.1155417136993,228.7698112868805,231.5397186279297,29925300,0.0,0.0,0.0032262310741231,1.9161027861293576,0.0083445371204739,0.0144499200683367,230.8249053955078,230.51812896728515,238.748994140625,1.0044317107084864,0.9698039544055672,-0.0183930333286843,-0.0371164995992794,9.491104125976562,0.019886493285639,0.0203433839282206,60298310.0,0.4962875410604376,0,55.49890164415997,-2.1197939536693866,-2.6823821158241636,0.562588162154777,0.0144499200683367,0.0083445371204739,0.0146248773297415,0
2025-02-07 00:00:00-05:00,230.9242150800785,232.31412257440024,225.62267615435303,225.99002075195312,39707200,0.0,0.0,-0.0239686646803548,-4.934194328125386,-0.0213671585996918,0.0296094774352525,229.16296997070313,229.77005920410156,238.70451751708984,0.983548603045836,0.9467354162485576,-0.0354660172392627,-0.0620929958041901,4.8150787353515625,0.0219623025028549,0.0209157152649147,60402225.0,0.6573797571198743,0,47.60060636875506,-2.389421385621546,-2.6237899697836404,0.2343685841620946,0.0296094774352525,-0.0213671585996918,0.029657685717146,1
2025-02-10 00:00:00-05:00,228.16659197494192,229.18034555631772,225.81107002878403,226.25831604003903,33115600,0.25,0.0,0.0011871997143644,-1.9082759349028608,-0.0083635203488179,0.0148912781925657,229.1411865234375,229.3257957458496,238.60583892822265,0.9866239221111868,0.948251380001233,-0.0004811528362638,-0.037786568395178,-1.9456024169921875,0.0160441611194427,0.0203284076013807,58972460.0,0.5615434730041785,0,56.27716012769456,-2.552035602652751,-2.6094390963574625,0.0574034937047116,0.0148912781925657,-0.0083635203488179,0.0149207721618971,1
2025-02-11 00:00:00-05:00,226.8049592810601,233.7919821040532,226.7353950927951,231.19793701171875,53718400,0.0,0.0,0.0218317764320563,4.392977730658657,0.0193689668188199,0.0305218424630684,229.15622253417968,229.2501319885254,238.56246887207033,1.0084964183283036,0.9691295454177212,0.0003252819181478,-0.0065028029051544,-5.3454437255859375,0.016315662354317,0.0208763827187798,59176845.0,0.9077604593485848,0,59.89996935228355,-2.2563130387380568,-2.5388138848335817,0.2825008460955249,0.0305218424630684,0.0193689668188199,0.0311225647339714,1
2025-02-12 00:00:00-05:00,229.78663009476247,235.51142789245537,229.26980470124647,235.4219665527344,45243300,0.0,0.0,0.0182701869904726,5.635336457971903,0.0245242138572114,0.0265124927915796,230.081591796875,229.44126586914064,238.6061605834961,1.0260663689286162,0.9866550217187394,0.0200474182845808,0.0165055671362097,-2.2135162353515625,0.0181128923189368,0.0212386284239474,59467245.0,0.7608104259748371,0,63.53253109080937,-1.6619489806755894,-2.3634409040019833,0.7014919233263939,0.0265124927915796,0.0245242138572114,0.0272239216121028,1
2025-02-13 00:00:00-05:00,235.4617298072221,240.85852795215615,234.1299251101732,240.0534820556641,53614100,0.0,0.0,0.0196732512719548,4.5917522484419635,0.0195010554462559,0.0280295990058696,231.7843444824219,229.6361297607422,238.69482818603515,1.0453646048893774,1.0056920121812192,0.0367702071946258,0.0165029660975608,4.1752471923828125,0.0193627337712279,0.0212385078983629,60156350.0,0.8912458950717589,0,67.75309726132363,-0.8078739209265393,-2.0523275073868947,1.2444535864603554,0.0280295990058696,0.0195010554462559,0.0287387562218573,1
2025-02-14 00:00:00-05:00,239.77519417214083,244.04891051069433,239.51678905976664,243.1047210693359,40896200,0.0,0.0,0.01271066342193,3.329526897195109,0.013886035662241,0.0186426714832703,235.20728454589843,230.4605941772461,238.79964630126952,1.05486459382451,1.0180279779922083,0.0757321064905247,0.0727633071179691,8.805023193359375,0.0082898874966882,0.0189860413053455,58613205.0,0.6977301445979622,0,65.1455637600443,0.1138834280692151,-1.6190853202956728,1.732968748364888,0.0186426714832703,0.013886035662241,0.0189219364067075,0
2025-02-18 00:00:00-05:00,242.6574585849239,243.6811607859394,240.36158248040348,242.9755096435547,48822500,0.0,0.0,-0.0005315052098243,0.3180510586308003,0.0013106997018988,0.0136621929938771,238.55072326660155,231.19321670532227,238.84112121582032,1.0509629698748908,1.0173102035641446,0.0738854327924782,0.0641742039565926,16.6082763671875,0.008997501275259,0.0189857256783709,57629915.0,0.8471728615251298,0,57.84755851004812,0.8244527082392494,-1.1303777145886884,1.9548304228279376,0.0136621929938771,0.0013106997018988,0.0138107690558517,1
2025-02-19 00:00:00-05:00,243.16435439309657,244.50609250836237,241.6735241546838,243.37306213378903,32204200,0.0,0.0,0.0016361833783888,0.2087077406925175,0.0008582990760032,0.0116387916100649,240.9857482910156,232.31007385253903,238.88339904785155,1.047621646783481,1.0187943704076237,0.0526610456798894,0.1010566202373219,12.25030517578125,0.0093482999572788,0.017100243759161,54336605.0,0.5926796493818486,0,57.120851734298896,1.4034846482402656,-0.6236052420228976,2.0270898902631633,0.0116387916100649,0.0008582990760032,0.0117206399152998,1
2025-02-20 00:00:00-05:00,243.44265077076676,245.2713989598738,242.7966152101895,244.32720947265625,32316900,0.0,0.0,0.003920513348937,0.8845587018894889,0.0036335403804094,0.010128973170961,242.766796875,233.41556625366212,238.94416412353516,1.0467477100783245,1.022528465463329,0.0378267289595812,0.0994964924350265,13.532089233398438,0.0084711208450105,0.017101538685326,52746125.0,0.6126876618898545,0,60.69921951687028,1.9172623416750412,-0.1154317252833098,2.032694066958351,0.010128973170961,0.0036335403804094,0.0101928264013973,0
2025-02-21 00:00:00-05:00,244.44645306890683,247.1697083342209,243.72091995824803,244.0489044189453,53197400,0.0,0.0,-0.0011390669680696,-0.3975486499615215,-0.0016263220225554,0.0141315462332603,243.56588134765624,234.5155807495117,239.00333404541016,1.0406511313191436,1.0211108786146743,0.0166438842255776,0.0990787083555464,12.509185791015623,0.0056146634526267,0.017108352473979,52394255.0,1.0153288752745888,0,62.76614279959847,2.2757446061307576,0.3628035409995036,1.912941065131254,0.0141315462332603,-0.0016263220225554,0.0141505635895502,1
2025-02-24 00:00:00-05:00,243.43269920852308,247.33868242018207,242.92582237394555,245.5894470214844,51326400,0.0,0.0,0.0063124340025493,2.1567478129612994,0.0088597292803044,0.0179684432688611,244.06282653808591,235.73630599975587,239.01567810058592,1.0417972996562468,1.0275035050969834,0.0102208050144767,0.1103854929599132,19.59942626953125,0.0031093486472905,0.0169836700814621,52225680.0,0.9827808848060954,0,80.23129183135231,2.653564655053543,0.8209557638103117,1.8326088912432317,0.0179684432688611,0.0088597292803044,0.0181654630335824,0
2025-02-25 00:00:00-05:00,246.48393846255715,248.47171215983585,243.41283173998391,245.52980041503903,48013300,0.0,0.0,-0.0002428712111562,-0.9541380475180858,-0.0038709948139806,0.0206039365132072,244.5736846923828,236.60260009765625,239.0065765380859,1.0377307785869565,1.0272930727323046,0.010512544145834,0.075922806563333,19.271484375,0.0030518257841629,0.0158350159648354,49883175.0,0.9625149161014712,0,76.58514691687981,2.914579326999643,1.239680476448178,1.674898850551465,0.0206039365132072,-0.0038709948139806,0.0207831295650668,0
2025-02-26 00:00:00-05:00,242.83637220684057,243.48239258336395,237.66816369812489,238.89064025878903,44433600,0.0,0.0,-0.0270401399138813,-3.9457319480515025,-0.0162485212251921,0.0243384541099665,243.6772003173828,236.71996307373047,238.89010711669923,1.0091698104244065,1.0000022317462045,-0.0184179047413878,0.0099231672184949,7.692703247070312,0.0134310645433805,0.0152851313518474,48319475.0,0.919579527716309,0,62.116298635515335,2.556243808772223,1.502993142912987,1.0532506658592358,0.0243384541099665,-0.0162485212251921,0.0244636420577727,0
2025-02-27 00:00:00-05:00,237.94645181292125,240.9778097055873,235.61081167459415,235.8493499755859,41153600,0.0,0.0,-0.0127308892466799,-2.0971018373352877,-0.0088133351909953,0.0227560433452486,241.98162841796875,236.63065643310543,238.68362365722655,0.9966982027210816,0.9881253952901649,-0.0346987939467262,-0.0075162715245382,0.4273834228515625,0.0131498615767274,0.0155356822386843,48102850.0,0.8555335078898652,0,56.03517907068379,2.00375557322431,1.603145628975252,0.4006099442490587,0.0227560433452486,-0.0088133351909953,0.0227790821348453,1
2025-02-28 00:00:00-05:00,235.5014815283524,240.61005923211764,228.7927454203557,240.3615875244141,56833400,0.0,0.0,0.0191318634089736,4.860105996061662,0.0206372629357601,0.0491647352369131,241.2441650390625,236.8548240661621,238.5640090942383,1.0148055395201594,1.0075349942223082,-0.0151089262347248,0.0190070638087123,0.30810546875,0.0177251519630392,0.0160194732485569,48161605.0,1.1800561879115117,0,70.72814527605028,1.908010172365664,1.6641185376533345,0.2438916347123294,0.0491647352369131,0.0206372629357601,0.0516507365216072,0
2025-03-03 00:00:00-05:00,240.31188380351972,242.5381957053339,234.66661403302143,236.5748748779297,47184000,0.0,0.0,-0.0157542338003561,-3.737008925590033,-0.0155506621913272,0.0332731093121115,239.44125061035157,236.96858291625975,238.3108807373047,0.998338564405944,0.9927153730706544,-0.036705861155207,0.0097105417658602,-6.52984619140625,0.017600316098363,0.0163746341016086,45472815.0,1.0376309449942784,0,63.50857900040999,1.5091783204364615,1.63313049420996,-0.1239521737734983,0.0332731093121115,-0.0155506621913272,0.0335436794226075,0
2025-03-04 00:00:00-05:00,236.2568492158015,238.60242278275777,233.2453581153048,234.4877166748047,53798100,0.0,0.0,-0.008822400114137,-1.76913254099685,-0.0074881746153352,0.0228458221326889,237.2328338623047,237.37460708618164,237.9675601196289,0.987838250911443,0.9853768158858508,-0.0449724787849338,0.0358730514169574,-8.48779296875,0.0171494156139117,0.0144442714323554,44509555.0,1.2086865393284656,0,54.65542564736843,1.0130076587561805,1.5091059271192042,-0.4960982683630239,0.0228458221326889,-0.0074881746153352,0.0229675081671065,0
2025-03-05 00:00:00-05:00,233.98083809185871,235.1039350742086,227.82867612475383,234.29888916015625,47227600,0.0,0.0,-0.0008052767851814,0.3180510682975352,0.0013593039109154,0.0310511884009904,236.31448364257812,237.53341369628907,237.72828002929688,0.9863828651060078,0.9855743251550972,-0.0192211427524268,0.0137421872426239,-9.074172973632812,0.0139886350768633,0.0137283843647354,44617570.0,1.0584978070298314,0,48.20580600999651,0.5976625504733875,1.326817251790041,-0.7291547013166535,0.0310511884009904,0.0013593039109154,0.0319330256103099,0
2025-03-06 00:00:00-05:00,233.00684447444675,236.4059358119138,231.73467047090975,233.8914031982422,45170400,0.0,0.0,-0.0017391715486774,0.8845587237954362,0.0037962778552303,0.0199719411535821,235.9228942871094,237.68822784423827,237.4463018798828,0.9840260298945718,0.985028620561802,-0.0083016840095019,0.0134157210766612,-10.435806274414062,0.0130668137733881,0.0137312723625168,44895075.0,1.0061326325883184,0,38.61972958197363,0.2329327444527109,1.108040350322575,-0.8751076058698641,0.0199719411535821,0.0037962778552303,0.0201578181267029,1
2025-03-07 00:00:00-05:00,233.67273718007357,239.89446338205195,233.3248707174565,237.60853576660156,46273600,0.0,0.0,0.0158925574755255,3.9357985865279943,0.0168432083007397,0.0276488074950669,235.37228393554688,237.99166870117188,237.14534332275392,0.99839014140007,1.001953200671612,-0.0114537925388468,0.0262106958349728,-6.44036865234375,0.0118010724532219,0.014137283307402,45712490.0,1.0122747634180504,0,40.09318290583246,0.2410446654799614,0.9346412133540524,-0.693596547874091,0.0276488074950669,0.0168432083007397,0.0281564183209208,0
2025-03-10 00:00:00-04:00,234.10011191080184,234.71633209649937,222.84932017741133,226.08938598632812,72071200,0.0,0.0,-0.0484795284946685,-8.010725924473718,-0.0342192315035116,0.0524881425429039,233.27518615722656,237.99663696289065,236.5985137939453,0.9499688267510304,0.9555824436971332,-0.0443220730731104,0.0004396885935245,-19.50006103515625,0.0239685124130529,0.0171851267989104,47330690.0,1.5227160220989806,1,28.42268758035564,-0.6742533237709836,0.6128623059290452,-1.2871156297000288,0.0524881425429039,-0.0342192315035116,0.0532512816715825,0
2025-03-11 00:00:00-04:00,222.4418047589131,224.4593937721428,216.1206840338927,219.48995971679688,76137400,0.0,0.0,-0.0291894563769142,-2.9518450421162186,-0.0132701901304724,0.0379913037890632,230.275634765625,237.65821914672853,235.8615185546875,0.9235529934745716,0.9305882581515956,-0.0639596699165576,-0.0299142875351571,-26.039840698242188,0.0256471275545715,0.0183900562051513,49481780.0,1.5386956572702113,1,23.657116351776793,-1.910133293274697,0.1082631860882967,-2.018396479362994,0.0379913037890632,-0.0132701901304724,0.0385835801673771,0
2025-03-12 00:00:00-04:00,218.79423505763873,220.39439337943787,213.59621144659917,215.6535491943359,62547500,0.0,0.0,-0.0174787517725684,-3.1406858633027923,-0.0143545183559128,0.0315236264751317,226.54656677246095,236.88099975585936,235.0315133666992,0.9103877027562304,0.9175516342690202,-0.0795792930673059,-0.0672341112481246,-23.237091064453125,0.0247556909686305,0.0178749917761627,49923235.0,1.2528735367409585,0,20.26385890644073,-3.1626858661217625,-0.5459266243537151,-2.6167592417680474,0.0315236264751317,-0.0143545183559128,0.0318272589518204,0
2025-03-13 00:00:00-04:00,214.62986833256545,215.51442704761877,207.14590135231947,208.398193359375,61368300,0.0,0.0,-0.0336435725823496,-6.231674973190451,-0.029034518921358,0.0401564215140199,221.4479248046875,235.5298110961914,234.1245068359375,0.8848060141069118,0.8901169560408719,-0.1089959249902811,-0.1147886647497954,-27.451156616210938,0.0242024458474926,0.0183380435412029,50729485.0,1.209716597753752,0,17.702152107000146,-4.686763294746726,-1.3740939584323173,-3.3126693363144084,0.0401564215140199,-0.029034518921358,0.0403991855048383,1
2025-03-14 00:00:00-04:00,209.95857893569573,212.64207016591416,208.29878985935505,212.1848907470703,60107600,0.0,0.0,0.0181704904762072,2.226311811374586,0.0106035762990015,0.0204693194282924,216.36319580078128,234.13638153076172,233.36054534912108,0.9062448533620676,0.9092577771860674,-0.1069980290796641,-0.1160932600099986,-28.17669677734375,0.0251120459253369,0.0182304392594704,51054160.0,1.177330113745873,0,20.92054266397568,-5.52535791821515,-2.204346750388884,-3.3210111678262657,0.0204693194282924,0.0106035762990015,0.0208512027817911,1
2025-03-17 00:00:00-04:00,212.00600336087763,213.9043309003415,208.68642489319868,212.69178771972656,48073400,0.0,0.0,0.002388939998845,0.6857843588489345,0.0032347402808286,0.0245327102803738,213.68367614746097,232.6157348632813,232.64206512451173,0.9143482397901204,0.91424475451545,-0.0592579709487632,-0.1251021914170695,-23.883087158203125,0.0218587865024165,0.0178144994895955,51413020.0,0.9350433022607892,0,21.634609047835212,-6.0789732303136645,-2.97927204637384,-3.0997011839398243,0.0245327102803738,0.0032347402808286,0.0250035717934851,0
2025-03-18 00:00:00-04:00,212.85080057479257,213.83473880015984,210.19712464056028,211.38978576660156,42432400,0.0,0.0,-0.0061215431356508,-1.4610148081910097,-0.0068640324783633,0.0172080885857744,212.0636413574219,231.0364486694336,232.02799865722656,0.9149629289405222,0.9110529202938406,-0.0369045306703176,-0.1299955041694919,-23.097930908203125,0.0196315702672217,0.0177595769449687,51093515.0,0.8304850429648459,0,23.832028634267857,-6.547304776163628,-3.692878592331798,-2.85442618383183,0.0172080885857744,-0.0068640324783633,0.0173057274966055,1
2025-03-19 00:00:00-04:00,212.91042558181823,217.42266485537365,212.44329758558237,213.9241943359375,54385400,0.0,0.0,0.0119892669371177,1.0137687541192406,0.0047614800982569,0.0232763165720837,211.7177703857422,229.56400527954105,231.47434967041016,0.9318716759425816,0.9241809930151575,-0.0080191346947878,-0.121002988332631,-20.37469482421875,0.0202395912013187,0.0181642816974636,52202575.0,1.041814508192364,0,28.93428416528197,-6.637442998564438,-4.281791473578327,-2.3556515249861114,0.0232763165720837,0.0047614800982569,0.0234385707922149,0
2025-03-20 00:00:00-04:00,212.6818553101102,216.1604593312179,210.92267131595003,212.7911834716797,48862900,0.0,0.0,-0.0052963194171417,0.1093281615694934,0.0005140455513239,0.0246146852976405,212.59636840820312,227.9872039794922,230.86547637939452,0.9333470464895942,0.9217107157329478,0.0210797898076262,-0.1290729185220195,-21.1002197265625,0.0106751830606394,0.0180084090244149,53029875.0,0.9214221229071348,0,21.67075464420799,-6.7228063699751885,-4.769994452857699,-1.9528119171174891,0.0246146852976405,0.0005140455513239,0.0248327407508601,1
2025-03-21 00:00:00-04:00,210.2666968536003,217.5021918152461,209.9884097524224,216.93568420410156,94127800,0.0,0.0,0.019476844222606,6.668987350501226,0.0317168027571411,0.034635989419585,213.54652709960936,226.63154296875,230.39489135742187,0.9572175230436242,0.9415820069879915,0.02238987630224,-0.1110974879374995,-20.6728515625,0.011108958323162,0.0189125935111237,55076395.0,1.709040687938998,1,29.96755771408577,-6.382457883223736,-5.092487138930907,-1.2899707442928294,0.034635989419585,0.0317168027571411,0.035781889446577,1
2025-03-24 00:00:00-04:00,219.64899945464327,220.1260609084734,217.2437950361324,219.38064575195312,44299500,0.0,0.0,0.0112704443108182,-0.268353702690149,-0.0012217387894159,0.0131381957713803,214.8842987060547,225.32110290527345,229.96347595214843,0.973635593485366,0.953980386857618,0.0314485956601238,-0.1067179456910397,-6.708740234375,0.011395888315958,0.0191097893688163,54725050.0,0.809492179541179,0,34.702092725939394,-5.848028855504708,-5.243595482245667,-0.6044333732590408,0.0131381957713803,-0.0012217387894159,0.0132674255292843,1
2025-03-25 00:00:00-04:00,219.4204082670252,222.73005335992565,218.73462390108503,222.38218688964844,34493600,0.0,0.0,0.0136818866924526,2.9617786226232283,0.0134981911938604,0.0179664995417247,217.0827789306641,224.1637222290039,229.70824798583985,0.9920525260660356,0.9681071047277195,0.0520006256838905,-0.0942761876002926,2.8922271728515625,0.0092555879547098,0.0195579435560092,54049065.0,0.6381905033879864,0,38.583124016704005,-5.123233271743402,-5.219523040145215,0.0962897684018129,0.0179664995417247,0.0134981911938604,0.0182661043212226,0
2025-03-26 00:00:00-04:00,222.1436424317859,223.64442126802376,219.12223310716143,220.17575073242188,34466100,0.0,0.0,-0.0099218205742416,-1.9678916993640312,-0.0088586451442935,0.020538992808332,218.33309020996097,223.22797775268555,229.45753875732424,0.986326861664064,0.9595489950987454,0.0292232321635728,-0.0783408236760278,4.5222015380859375,0.0127416738135311,0.018894673390518,53550690.0,0.6436163567640305,0,37.297482613103504,-4.673001060293274,-5.110218644174827,0.4372175838815533,0.020538992808332,-0.0088586451442935,0.020637742216924,1
2025-03-27 00:00:00-04:00,220.03659916949772,223.61459773398053,219.21167130142223,222.4815673828125,37094800,0.0,0.0,0.0104726185455039,2.4449682133147803,0.0111116433472568,0.0197900728781831,220.2711669921875,222.5595886230469,229.27518432617188,0.9996494366263118,0.97036915720589,0.0455394051249427,-0.0566793276901429,14.0833740234375,0.0111472313181798,0.0190356833021329,53347750.0,0.6953395410303153,0,35.61435672284651,-4.083061662569946,-4.904787247853851,0.8217255852839047,0.0197900728781831,0.0111116433472568,0.0200852737740598,0
2025-03-28 00:00:00-04:00,220.31490521146455,222.44182255065115,216.3492910585304,216.5679473876953,39818600,0.0,0.0,-0.0265802693889778,-3.746957823769265,-0.0170072824631307,0.028132193917016,220.19761962890624,221.36990661621093,228.88341918945312,0.978307985480426,0.9461932548658584,-0.0016951421235994,-0.0989910259030136,4.383056640625,0.0175257943873565,0.0190157718653184,52497010.0,0.758492721775964,0,39.86457447088439,-4.046069579490393,-4.73304371418116,0.6869741346907672,0.028132193917016,-0.0170072824631307,0.0281606260982501,1
2025-03-31 00:00:00-04:00,215.683368745432,224.24073468961828,214.908138255618,220.77207946777344,65299300,0.0,0.0,0.0194125314054529,5.088710722341432,0.0235934312039959,0.0422725394284406,220.4759063720703,220.57976684570312,228.76655212402343,1.000871850690661,0.9650540143127396,0.0063425545633299,-0.0667982828620762,8.080291748046875,0.0191617241409256,0.0195886591554846,53402775.0,1.2227697905211854,0,51.43813462343552,-3.6356057635159686,-4.5135561240481215,0.8779503605321528,0.0422725394284406,0.0235934312039959,0.0434259796290256,1
2025-04-01 00:00:00-04:00,218.4662649116839,222.31260214779184,217.5618242432653,221.8256072998047,36412700,0.0,0.0,0.0047720157121817,3.3593423881207514,0.015376938812401,0.0214167244366232,220.36459045410157,219.94666137695313,228.6366030883789,1.0085427344570206,0.9702103875907332,-0.0025028065315318,-0.0539990305443599,10.435821533203123,0.0181215806697988,0.0196215441872095,52533505.0,0.6931328872878366,0,57.38409749757206,-3.188543792735601,-4.248553657785617,1.0600098650500165,0.0214167244366232,0.015376938812401,0.0218364500346093,1
2025-04-02 00:00:00-04:00,219.96705040499884,223.81338775742097,219.66888130946384,222.52133178710935,35905900,0.0,0.0,0.0031363578613554,2.5542813821105312,0.0116121090745529,0.0186252096132619,220.83370666503907,219.35778350830077,228.66631134033204,1.0144218647189644,0.9731268698165298,0.0106532215599803,-0.0502672352193538,8.597137451171875,0.0173240749860434,0.0196601329277825,51967420.0,0.6909309717511471,0,70.04232913304531,-2.7464454942168572,-3.9481320250718657,1.2016865308550084,0.0186252096132619,0.0116121090745529,0.0188670622040381,0
2025-04-03 00:00:00-04:00,204.2834701562562,206.22156139646,200.01970279192503,201.9478454589844,103419000,0.0,0.0,-0.0924562430167731,-2.335624697271811,-0.0114332534858806,0.030710199410345,216.72696228027343,217.7606056213379,228.26092102050785,0.9273846611638736,0.8847236949545149,-0.0922940366043755,-0.1365743131319068,-10.843338012695312,0.0446703825666257,0.0281387946861033,54879850.0,1.8844621477646168,1,40.16048400982404,-4.009963451817953,-3.9604983104210834,-0.0494651413968694,0.030710199410345,-0.0114332534858806,0.0310062384753494,0
2025-04-04 00:00:00-04:00,192.70471987275084,198.65810753704545,186.19475800144227,187.22840881347656,125910900,0.0,0.0,-0.0728873170795839,-5.4763110592742805,-0.0284181470121254,0.066567619810408,210.8590545654297,215.24159927368163,227.56451690673828,0.8698523400925579,0.8227486928034897,-0.1354749810769353,-0.2120299541873885,-29.707275390625,0.0511373700166189,0.0311872992651233,58861715.0,2.1390966946851617,1,30.77730831079431,-6.128401658676211,-4.394078980072109,-1.7343226786041015,0.066567619810408,-0.0284181470121254,0.0669371665957782,0
2025-04-07 00:00:00-04:00,176.11672557211514,192.96310261722135,173.5524959881376,180.35069274902344,160466300,0.0,0.0,-0.0367343615642482,4.233967176908294,0.0240406875789579,0.1076270145304937,202.7747772216797,212.9546646118164,226.7480319213867,0.8468971228114444,0.795379308128023,-0.1830910268010154,-0.2023035846542152,-39.02995300292969,0.0438815945958379,0.0305558198782937,63281470.0,2.53575493742481,1,28.38753684103162,-8.266957071941164,-5.1686545984459205,-3.0983024734952433,0.1076270145304937,0.0240406875789579,0.1118428549158433,0
2025-04-08 00:00:00-04:00,185.55866963100107,189.17641711488596,168.175598539417,171.365966796875,120859500,0.0,0.0,-0.0498180839518681,-14.192702834126068,-0.0764863364366075,0.1225495293377701,192.68284912109377,210.5484649658203,225.6112728881836,0.8139027127302683,0.7595629624491618,-0.2274743710482974,-0.2192537325261493,-51.01622009277344,0.0364881382876241,0.0315423013417585,65517575.0,1.8446882382322607,1,22.809245435249625,-10.564983388238204,-6.247920356404378,-4.317063031833826,0.1225495293377701,-0.0764863364366075,0.1248743501308056,1
2025-04-09 00:00:00-04:00,170.89883496621582,199.38363475051753,170.83920418374143,197.6343994140625,184395900,0.0,0.0,0.1532885035937399,26.735564447846684,0.1564408818417745,0.1444304769382421,187.70546264648436,209.64750747680665,224.83309326171872,0.9426985409589324,0.8790271776584269,-0.1118406589299794,-0.0835560084570438,-22.541351318359375,0.0990513126050556,0.0484877421289501,71609995.0,2.5750022744729977,1,42.67037955688823,-10.149545183530163,-7.0282453218295355,-3.1212998617006296,0.1444304769382421,0.1564408818417745,0.1670836076716672,0
2025-04-10 00:00:00-04:00,187.9141974958541,193.5892830219747,181.88129692496375,189.2559356689453,121880000,0.0,0.0,-0.0423937521502191,1.3417381730912157,0.0071401639204021,0.0618632438429358,185.16708068847657,208.69039459228512,223.86550231933597,0.9068742049134144,0.8454001787152478,-0.062847463220977,-0.091854240105717,-33.22563171386719,0.0921508108117574,0.0488146050783779,74635580.0,1.633001311170892,1,37.14101206349746,-10.376762556277896,-7.697948768719208,-2.6788137875586884,0.0618632438429358,0.0071401639204021,0.0643715780289446,1
2025-04-11 00:00:00-04:00,184.96233608452025,198.3201616874927,184.92257212057936,196.93865966796875,87435900,0.0,0.0,0.0405943621893181,11.976323583448533,0.0647500666188377,0.0680292512881991,187.109130859375,207.92808303833007,223.08671081542968,0.9471479599591388,0.8827897410299151,0.0518631275885375,-0.0718535190013857,-19.62928771972656,0.0865020208317236,0.0495948396670216,76001995.0,1.150442169314108,0,40.05810913192944,-9.823661289348706,-8.123091272845107,-1.7005700165035993,0.0680292512881991,0.0647500666188377,0.0724497253811581,1
2025-04-14 00:00:00-04:00,210.14743595954587,211.638266220138,199.9302804535287,201.2819671630859,101352900,0.0,0.0,0.0220541132068221,-8.865468796459936,-0.0421868996687,0.0581670873532503,191.2953857421875,207.35759201049805,222.42635620117187,0.9706997714021268,0.9049375739493658,0.1160587414165938,-0.0536448570909369,-19.4901123046875,0.0819285374555067,0.049892713943396,78665970.0,1.288395731979152,0,40.762335888677526,-8.931894612920786,-8.284851940860243,-0.6470426720605431,0.0581670873532503,-0.0421868996687,0.0585603428357649,0
2025-04-15 00:00:00-04:00,200.62597928160577,202.2658863473441,198.5785750100267,200.90426635742188,51343900,0.0,0.0,-0.0018764761244509,0.2782870758161095,0.0013870939188064,0.0183535740886527,197.2030456542969,206.83331604003905,221.91709686279296,0.9713341651329064,0.905312250374459,0.1723696957608826,-0.049602772296467,-20.921340942382812,0.0733800180715109,0.049881508038942,79111545.0,0.6490064124016286,0,41.4256595307065,-8.161559023431437,-8.260193357374481,0.0986343339430444,0.0183535740886527,0.0013870939188064,0.018568525517575,0
2025-04-16 00:00:00-04:00,197.1474065096439,199.47309822086447,191.19401850640656,193.08241271972656,59732400,0.0,0.0,-0.0389332381014733,-4.064993789917338,-0.0206190579013195,0.0428784765936999,196.2926483154297,205.7912269592285,221.15628997802733,0.938244139814474,0.8730586534025778,-0.0230323602967472,-0.0974260142987,-29.438919067382812,0.036627629711548,0.0504588873642832,79378895.0,0.7524972475366406,0,37.5316206589988,-8.088976056628496,-8.225949897225284,0.1369738405967879,0.0428784765936999,-0.0206190579013195,0.0433019807791763,1
2025-04-17 00:00:00-04:00,195.99447418061752,197.6145145196776,193.2314700862815,195.77581787109375,52164700,0.0,0.0,0.0139495105402316,-0.2186563095237659,-0.0011156248687004,0.0223880787783609,197.59662475585935,204.9404586791992,220.45590393066405,0.9552814467813248,0.8880497840178847,0.0344500804114979,-0.0799627377553003,-6.172027587890625,0.0299667862329128,0.0506148734750505,79543985.0,0.6557969153795853,0,40.93429458797281,-7.725068465928786,-8.125773610965984,0.4007051450371985,0.0223880787783609,-0.0011156248687004,0.0226828706081829,0
2025-04-21 00:00:00-04:00,192.08849990403365,192.6152586778503,188.64964501381652,191.9791717529297,46742500,0.0,0.0,-0.0193928247086364,-0.1093281511039379,-0.0005691551090177,0.0206564786576816,196.60472717285157,203.69263305664063,219.66469299316407,0.9424944283554242,0.873964628256868,-0.0251829068167751,-0.1150410664005457,4.750762939453125,0.0247954385739215,0.0504534124167117,77174720.0,0.6056711316866455,0,37.40105643075112,-7.654787069924367,-8.031576302757662,0.3767892328332944,0.0206564786576816,-0.0005691551090177,0.0210210502317316,1
2025-04-22 00:00:00-04:00,194.921085932704,200.3576482646354,194.77200897005903,198.5189666748047,52976400,0.0,0.0,0.0340651272852217,3.5978807421006707,0.018458140251398,0.0281365523311745,196.0521270751953,202.6495491027832,219.1152719116211,0.9796171151316824,0.9060024202917092,-0.0137270145320199,-0.0950935257102675,18.16827392578125,0.0283756612102381,0.0510917816681587,77608565.0,0.6826102247864009,0,40.26890379401031,-6.990796215242284,-7.823420285254587,0.8326240700123027,0.0281365523311745,0.018458140251398,0.0286778337611898,1
2025-04-23 00:00:00-04:00,204.7406939661261,206.72846769395255,201.56025903470575,203.34925842285156,52929200,0.0,0.0,0.0243316385781888,-1.3914355432745251,-0.0067960868761377,0.0254154290963768,196.54112548828124,201.69790267944336,218.65709075927737,1.0081872727552983,0.9299916033673092,0.0121699360086255,-0.0855865693786053,31.98329162597656,0.0308205117518116,0.0513382354899718,78530345.0,0.6739967843003873,0,42.26233547638088,-6.005585848165765,-7.459853397836823,1.4542675496710578,0.0254154290963768,-0.0067960868761377,0.0256410102070612,1
2025-04-24 00:00:00-04:00,203.6374995339798,207.5534166002877,201.6994229864575,207.09622192382812,47311000,0.0,0.0,0.0184262462033915,3.458722389848333,0.0169847027083103,0.0282670227368191,199.34388732910156,201.04392623901367,218.17505645751953,1.0301043448466038,0.9492204346657356,0.0725794183256018,-0.0594049470256569,9.461822509765623,0.0202709541097884,0.0515351726035745,79172590.0,0.5975679209180854,0,52.4044022701165,-4.86635458786364,-6.941153635842187,2.074799047978547,0.0282670227368191,0.0169847027083103,0.0290233533004367,1
2025-04-25 00:00:00-04:00,205.1084114199,208.46775361357265,204.9394524859384,208.00062561035156,38222300,0.0,0.0,0.0043670699451778,2.89221419045154,0.0141009048357874,0.0169629351704153,201.78884887695312,200.31987915039065,217.6266296386719,1.0383424076159442,0.9557682621639526,0.0624428893833408,-0.0650882764932356,18.74468994140625,0.0207566906686061,0.0514765200710504,79228965.0,0.482428364424551,0,61.13834434244619,-3.8461912882704894,-6.322161166327848,2.4759698780573585,0.0169629351704153,0.0141009048357874,0.0172163099141504,1
2025-04-28 00:00:00-04:00,208.71624889674396,210.2070792460064,206.1917828448175,208.8553924560547,38743100,0.0,0.0,0.0041094436288107,0.1391435593107246,0.0006666637602305,0.0192252464921811,205.16409301757812,199.9342514038086,217.00266784667969,1.0446203738959563,0.9624554136985018,0.0879065189678185,-0.0356126334698725,11.916732788085938,0.0129686650618097,0.051165913180836,79175190.0,0.4893338430889777,0,66.34003804573535,-2.934900279094194,-5.644708988881117,2.7098087097869232,0.0192252464921811,0.0006666637602305,0.0194736004790785,1
2025-04-29 00:00:00-04:00,207.41425458581944,210.94255602883885,207.096203506044,209.9188537597656,36827600,0.0,0.0,0.0050918546617593,2.5045991739461613,0.0120753473716044,0.0183230446141664,207.4440704345703,199.3915901184082,216.3389505004883,1.0527969290736177,0.9703238980966205,0.0574246747094708,-0.0491603183435706,8.636886596679688,0.0094724817233145,0.0509709542726559,77751605.0,0.4736571032842344,0,74.30757241949915,-2.1026451647244926,-4.9362962240497925,2.8336510593253,0.0183230446141664,0.0120753473716044,0.0185727814304553,1
2025-04-30 00:00:00-04:00,208.0205233254963,212.2743578831654,205.4065960245207,211.20095825195312,52286500,0.0,0.0,0.0061076195359506,3.180434926456826,0.0152890439636107,0.0325176642922793,209.01441040039063,198.86035766601563,215.70345947265625,1.0620566146555133,0.9791264301847052,0.0386118931044954,-0.0478964046449875,10.29669189453125,0.0060901422295859,0.050980223485983,78545295.0,0.665685958656085,0,62.48857330195194,-1.324355526856067,-4.213908084611048,2.889552557754981,0.0325176642922793,0.0152890439636107,0.033434962613493,1
2025-05-01 00:00:00-04:00,207.80188973514697,213.24838609037135,207.62298219428487,212.01597595214844,57365700,0.0,0.0,0.0038589678140712,4.214086217001494,0.0202793450164122,0.0265329245629872,209.99836120605468,198.33508987426757,215.07631774902345,1.068978646625535,0.9857709029571252,0.0237558849824399,-0.0472105561772011,18.933563232421875,0.0009085197909309,0.0509837506209287,79618285.0,0.7205091142066172,0,74.3410179218582,-0.6344764153839435,-3.498021750765627,2.8635453353816835,0.0265329245629872,0.0202793450164122,0.0270943218165629,0
2025-05-02 00:00:00-04:00,204.8301473855031,205.72465469395448,200.92417915168144,204.0946807861328,101010600,0.0,0.0,-0.0373617843204582,-0.7354665993702838,-0.0035906169514494,0.0235208263330653,209.21717224121093,198.442431640625,214.27166717529295,1.0284830673499503,0.95250428335523,-0.018778524404709,0.0106306423931838,8.318862915039062,0.0188726554675978,0.0471375824834544,79497865.0,1.270607707515164,0,57.61424443345457,-0.7186405274411243,-2.9421455061007267,2.2235049786596024,0.0235208263330653,-0.0035906169514494,0.0238919753836548,0
2025-05-05 00:00:00-04:00,201.85841873478097,202.85230555244996,196.99831280299983,197.6741485595703,69018500,0.0,0.0,-0.0314585965779796,-4.184270175210656,-0.0207287375054112,0.0296143567184051,206.98092346191407,198.9647186279297,213.34417205810547,0.9935135732744016,0.9265504965644558,-0.0535358161692522,0.0557914250956443,5.694976806640625,0.0217117401684919,0.0445329882058653,76653245.0,0.9003989328827501,0,46.3236720924852,-1.288570644391882,-2.611430533758958,1.3228598893670758,0.0296143567184051,-0.0207287375054112,0.0297159537366402,0
2025-05-06 00:00:00-04:00,196.9983091053983,199.42338015596505,195.81558138809015,197.2964630126953,51216500,0.0,0.0,-0.0019106471414049,0.2981539072970065,0.001513484601218,0.0182861806683413,204.4564453125,199.81200714111327,212.3783123779297,0.987410445626316,0.928985925180552,-0.0601298574234574,0.0939601063093982,-1.222503662109375,0.0206332740814447,0.0435421555277739,71190755.0,0.7194262794375478,0,46.3236864977991,-1.7505412851223523,-2.439252684031637,0.6887113989092843,0.0182861806683413,0.001513484601218,0.018424472364763,0
2025-05-07 00:00:00-04:00,197.95242524507103,198.22077891807172,192.0686174137577,195.05027770996097,68536700,0.0,0.0,-0.0113848229635512,-2.902147535110118,-0.014660833437717,0.031541413714172,201.22630920410157,200.99622268676757,211.36872192382813,0.9704176282652196,0.9227963150586304,-0.0764706783324589,0.138208953363299,-8.298980712890625,0.0180891864933407,0.0417919453269797,68574615.0,0.9994470986093033,0,52.26230104044166,-2.271717779529581,-2.4057457031312257,0.1340279236016446,0.031541413714172,-0.014660833437717,0.032031060498868,1
2025-05-08 00:00:00-04:00,196.51128929096475,198.82704723676696,193.4898650803139,196.28269958496097,50478900,0.0,0.0,0.0063184830571356,-0.2285897060038166,-0.0011632395615976,0.0271913019728101,198.07965393066405,200.9286376953125,210.51656311035157,0.976877670780824,0.9323860160213174,-0.0742079755854741,-0.0068393955359442,-10.813522338867188,0.0187728928464826,0.0238263503744762,61878765.0,0.8157709676332422,0,50.60297736751978,-2.5558455639850592,-2.4357656753019925,-0.1200798886830667,0.0271913019728101,-0.0011632395615976,0.0275837814773279,1
2025-05-09 00:00:00-04:00,197.78348851905432,199.3140676367793,196.33240700583875,197.3163604736328,36453900,0.0,0.0,0.0052661843904611,-0.4671280454215036,-0.0023618151794127,0.0151110664304948,196.72398986816407,201.33165893554687,209.7459033203125,0.9800562987304472,0.9407399970635042,-0.0332116461163575,0.0425900766398532,-10.68426513671875,0.0155766025027716,0.0216551751020387,57607460.0,0.6327982521708126,0,56.795748679039406,-2.6668690784765374,-2.4819863559369018,-0.1848827225396356,0.0151110664304948,-0.0023618151794127,0.01518679812677,1
2025-05-12 00:00:00-04:00,209.95528044040137,210.2538405413652,205.7555765269304,209.7761383056641,63775800,0.26,0.0,0.0631461973154337,-0.1791421347373045,-0.0008532394820532,0.0214431634158523,199.1443878173828,201.97353286743163,209.1341943359375,1.038631821345393,1.003069531368435,0.0612219141161332,0.0651851630316711,0.920745849609375,0.0292980433844523,0.0241920568546067,56424455.0,1.13028650431803,0,62.45577377242039,-1.7295192519077889,-2.331492935131079,0.6019736832232905,0.0214431634158523,-0.0008532394820532,0.0218621730227857,1
2025-05-13 00:00:00-04:00,209.4178625594749,212.3735786127325,207.99474788922345,211.9058380126953,51909300,0.0,0.0,0.0101522495562773,2.4879754532204004,0.0118804357126594,0.0206640400499334,202.0662628173828,202.5047264099121,208.6408135986328,1.0464241589292755,1.0156490207153022,0.0740478302394094,0.0527810364701053,1.9869842529296875,0.0283168711199636,0.0238540652851764,53952275.0,0.962133663501678,0,60.06941302040013,-0.805528166121718,-2.026299981329207,1.2207718152074891,0.0206640400499334,0.0118804357126594,0.0210526023755233,0
2025-05-14 00:00:00-04:00,211.40824098508045,212.9109878637111,209.56714827780408,211.30873107910156,49325800,0.0,0.0,-0.0028177936917338,-0.0995099059788628,-0.0004707002220688,0.015824426983357,205.31795349121097,203.0249496459961,208.1772338867187,1.0408017903590148,1.0150424574960335,0.0833551921075288,0.0517881720996877,0.1077728271484375,0.0265478950388638,0.0238647947679405,53851370.0,0.9159618408965268,0,55.3542330036155,-0.1200561800390289,-1.6450512210711716,1.524995041032143,0.015824426983357,-0.0004707002220688,0.0159559339972238,0
2025-05-15 00:00:00-04:00,209.9353578089323,211.93569971673273,208.53213606160296,210.43295288085935,45029500,0.0,0.0,-0.0041445433597079,0.4975950719270372,0.002370229946591,0.0161741001517796,208.14800415039065,203.89247665405273,207.6999151611328,1.0320780655281556,1.013158588522322,0.0720911895231679,0.0898608004568413,-1.5830230712890625,0.0279194493059436,0.021845548089149,53116225.0,0.8477541466849348,0,53.09381655912401,0.3485000346108791,-1.2463409699347616,1.5948410045456407,0.0161741001517796,0.002370229946591,0.0163215306734511,0
2025-05-16 00:00:00-04:00,211.33858120774948,211.54757782116647,208.7610423595207,210.24386596679688,54737900,0.0,0.0,-0.0008985613302188,-1.0947152409526095,-0.0051799119436525,0.013253825260642,210.73350524902344,204.6158790588379,207.2269644165039,1.027505132709376,1.014558441073476,0.0655166427260933,0.0739010989867474,6.1491851806640625,0.0285482944735272,0.0217609353577583,53244885.0,1.0280405338465846,0,51.79650164398804,0.6965471152277871,-0.8577633529022519,1.554310468130039,0.013253825260642,-0.0051799119436525,0.0133479667956768,0
2025-05-19 00:00:00-04:00,206.90999202317107,208.47243269467637,203.2775387890809,207.7758026123047,46140500,0.0,0.0,-0.0117390504742809,0.8658105891336163,0.0041844793509858,0.0250024008584329,210.33343811035155,205.40571060180665,206.630309753418,1.0115385886962638,1.005543682629396,-0.0095355730614351,0.0822830451612985,10.101654052734377,0.0078890158779962,0.0213959565153036,53214785.0,0.8670616634080172,0,47.324424591358806,0.7644131687404752,-0.5333280485737065,1.2977412173141816,0.0250024008584329,0.0041844793509858,0.0255556710128493,0
2025-05-20 00:00:00-04:00,206.67113760639387,207.46729276724128,204.04383620537516,205.8650360107422,42496600,0.0,0.0,-0.0091962903164805,-0.8061015956516826,-0.0039004072120941,0.0166296163166215,209.12527770996093,205.77301406860352,206.22582275390624,1.0004472012161325,0.9982505258636084,-0.028507010748761,0.0370043702069593,8.568572998046875,0.004540291756635,0.0203778203806424,52690795.0,0.8065279713467979,0,43.44111908824812,0.6564474912398452,-0.2953729406109961,0.9518204318508414,0.0166296163166215,-0.0039004072120941,0.0167780444905001,0
2025-05-21 00:00:00-04:00,204.18315305948536,206.04415370597744,199.74461367242375,201.1179656982422,59211800,0.0,0.0,-0.0230591381833886,-3.0651873612431757,-0.0150119503755051,0.03132261213802,207.08712463378907,205.66144943237305,205.85838287353516,0.9779079465467596,0.9769724355689458,-0.0482269015994637,-0.010972711392778,6.06768798828125,0.0085315392102731,0.0204013289286773,53004925.0,1.1170999675973503,0,37.78500046519519,0.1856944427280495,-0.199159463943187,0.3848539066712366,0.03132261213802,-0.0150119503755051,0.0315379720020122,0
2025-05-22 00:00:00-04:00,199.74461200022,201.77479312617928,198.7394602788173,200.3914794921875,46742400,0.0,0.0,-0.0036122392324945,0.6468674919674982,0.0032384727952851,0.0151470155071156,205.07882995605468,205.32621231079105,205.55314147949215,0.975966376805636,0.974888917045232,-0.0477181603508507,-0.0323750108493369,4.1087799072265625,0.0086227050791848,0.0199230104533888,52976495.0,0.8823233775658431,0,45.05109125871488,-0.2431986623465434,-0.2079673036238583,-0.0352313587226851,0.0151470155071156,0.0032384727952851,0.0152729248791541,0
2025-05-23 00:00:00-04:00,192.738469754576,196.74908474491085,192.52948833207407,194.33078002929688,78432900,0.0,0.0,-0.0302442972038984,1.5923102747208588,0.0082615072992352,0.0217134743770422,201.89621276855468,204.6427200317383,205.27179321289063,0.9496100325443184,0.9466998703896612,-0.0756887049442531,-0.0657202137779261,-2.9855804443359375,0.0108364037037582,0.0208710376168913,54987025.0,1.4263892254581876,0,45.48857829610653,-1.059929130172918,-0.3783596689336703,-0.6815694612392478,0.0217134743770422,0.0082615072992352,0.0219166240423328,1
2025-05-27 00:00:00-04:00,197.34620772495165,199.77447409530296,196.48038197740732,199.2470245361328,56288500,0.0,0.0,0.0252983315669024,1.9008168111811583,0.0096318892219626,0.0165327041925199,200.19045715332032,204.16230163574215,205.01303588867188,0.9759246586650508,0.97187490381992,-0.0410479852270669,-0.0460048831247849,-10.52911376953125,0.0215111392148541,0.0217790453245797,55864295.0,1.00759349061865,0,52.344816757537664,-1.295559659916961,-0.5617996671303285,-0.7337599927866325,0.0165327041925199,0.0096318892219626,0.0167655013937952,1
2025-05-28 00:00:00-04:00,199.6251894151235,201.7548957380012,198.9385057789635,199.4560089111328,45339700,0.0,0.0,0.0010488707446776,-0.1691805039906739,-0.0008474907624952,0.0141203565358239,198.90865173339844,203.63915939331056,204.7483203125,0.9794580251920096,0.9741521132222736,-0.0311321787507177,-0.0498423303159165,-12.4498291015625,0.021872980189309,0.0217271926876156,56289900.0,0.805467765975779,0,55.56900119274846,-1.448735142936755,-0.7391867622916138,-0.7095483806451411,0.0141203565358239,-0.0008474907624952,0.0141570881313792,0
2025-05-29 00:00:00-04:00,202.60081106845576,202.8297005493605,197.5551897560925,198.98826599121097,51396800,0.0,0.0,-0.002345093148486,-3.6125450772448175,-0.0178308520000158,0.0265066423238293,198.4827117919922,203.02852478027344,204.5002899169922,0.9801000436099556,0.9730463759830432,-0.0105893061300483,-0.0578249850844568,-12.320465087890623,0.0197164208848652,0.0216364159896107,56245415.0,0.9137953733651,0,53.48734844926753,-1.5895474478271012,-0.9092588993987114,-0.6802885484283898,0.0265066423238293,-0.0178308520000158,0.02669892296821,1
2025-05-30 00:00:00-04:00,198.4110493394953,200.9886032908641,195.83351057352263,199.88394165039065,70819900,0.0,0.0,0.0045011481190515,1.4728923108953325,0.0074234389455554,0.0257904295601595,198.3812042236328,202.42192306518555,204.21948486328125,0.98746192420088,0.978770178488144,-0.0025327316464902,-0.0572222647245035,-10.54901123046875,0.0198807493289903,0.0216472204138369,56918125.0,1.2442416189921928,0,53.321306265852144,-1.610306067760149,-1.049468333070999,-0.56083773468915,0.0257904295601595,0.0074234389455554,0.0263238538810038,1
2025-06-02 00:00:00-04:00,199.31667499872813,201.15778278546435,199.15744093584797,200.72984313964844,35423300,0.0,0.0,0.0042319632196234,1.4131681409203054,0.0070900647972846,0.0099653435599246,199.66101684570313,202.25368118286133,203.9782580566406,0.9924657092306016,0.984074700176672,0.0329287162300633,-0.0164866503797339,-9.514022827148438,0.010844999845609,0.0200858520920974,53638760.0,0.6604049012318703,0,33.27195425857539,-1.540739556396403,-1.14772257773608,-0.393016978660323,0.0099653435599246,0.0070900647972846,0.0100440226597444,1
2025-06-03 00:00:00-04:00,200.3815341795081,202.78989241693247,199.99341064507593,202.29229736328125,46381600,0.0,0.0,0.0077838661117559,1.9107631837731844,0.0095356250844025,0.0138239656591301,200.2700714111328,202.48458862304688,203.68539031982425,0.9990503412577064,0.9931605651521912,0.0152839061674228,0.0233624317461988,-5.4835052490234375,0.003841345259277,0.0187921479762463,52506915.0,0.8833426987664387,0,31.842100257482823,-1.3440373708911864,-1.1869855363671014,-0.157051834524085,0.0138239656591301,0.0095356250844025,0.0139828695497343,0
2025-06-04 00:00:00-04:00,201.93404589483336,205.24803106286797,201.1279442674136,201.844482421875,43604000,0.0,0.0,-0.002213702386315,-0.0895634729583605,-0.0004435283439277,0.0204121844006761,200.74776611328124,202.71198959350585,203.33466705322263,0.9957204940202578,0.9926712711956904,0.0119749388538419,0.0230517027002508,-4.0205535888671875,0.0044877259250208,0.0187950118075429,52126290.0,0.8365068758969803,0,32.022695640630715,-1.2103324360247427,-1.1916549162986296,-0.018677519726113,0.0204121844006761,-0.0004435283439277,0.0204849048224566,0
2025-06-05 00:00:00-04:00,202.5212149488215,203.76520275563243,199.18732155240895,199.66502380371097,55126100,0.0,0.0,-0.0107977121396302,-2.8561911451105573,-0.0141031701090294,0.0229278073646186,200.88311767578125,202.94272689819337,202.8803237915039,0.9838491226338616,0.9841517406532864,0.0034009935667758,0.0236592644108515,-1.45294189453125,0.0073788835562978,0.0187745967663959,51455760.0,1.0713300124223215,0,30.511558236911146,-1.2656448419398885,-1.2064529014268814,-0.059191940513007,0.0229278073646186,-0.0141031701090294,0.0229827941233648,1
2025-06-06 00:00:00-04:00,202.0236053289331,204.7106157617459,201.07817770068,202.93917846679688,46607700,0.0,0.0,0.0163982384130769,0.915573137863788,0.0045320106844596,0.0178991463772984,201.4941650390625,203.27555084228516,202.5355923461914,0.9983452393851868,1.001992667638958,0.0152850538726621,0.0339127131219971,2.547698974609375,0.0102645388091921,0.0190487345368727,51262200.0,0.909202102133736,0,38.10757635228126,-1.0333713424883229,-1.1718365896391698,0.1384652471508469,0.0178991463772984,0.0045320106844596,0.0180648049559761,0
2025-06-09 00:00:00-04:00,203.40692547634256,205.0091823144686,199.05794913802785,200.48106384277344,72862600,0.0,0.0,-0.0121125681230921,-2.925861633569099,-0.0143842773628147,0.0296847645476782,201.4444091796875,203.43378601074215,202.09558227539063,0.985485586116886,0.9920111146694086,-0.0012393737422587,0.0160387276632518,6.1502838134765625,0.0122220982247292,0.0192791050349834,53082635.0,1.3726259067583966,0,38.11992497234175,-1.0357032848060612,-1.1446099286725482,0.1089066438664869,0.0296847645476782,-0.0143842773628147,0.0298969883001967,1
2025-06-10 00:00:00-04:00,199.63515466910712,203.36711781582227,199.60530017876516,201.6951904296875,54672600,0.0,0.0,0.0060560661622697,2.0600357605803765,0.0103190030032278,0.0186510031748551,201.32498779296876,203.02973861694335,201.79812713623048,0.993426833938974,0.999489902567463,-0.0029517037543028,-0.0385217686875417,2.4481658935546875,0.0119620033486505,0.0126883772746515,52627475.0,1.0388604051400907,0,43.05139892483891,-0.92887401575922,-1.1014627460898827,0.1725887303306625,0.0186510031748551,0.0103190030032278,0.0188462813045948,0
2025-06-11 00:00:00-04:00,202.5211970741936,203.51638723180633,197.45568281643992,197.8238983154297,60989900,0.0,0.0,-0.019193775052397,-4.697298758763907,-0.0231941091926444,0.0306368667637043,200.5208709716797,202.32564163208008,201.3391635131836,0.9777500109213216,0.9825405791083276,-0.019919217301377,-0.0664537599781558,-1.632110595703125,0.0146634026945976,0.012917780895341,53081505.0,1.148985885008347,0,44.345754444193005,-1.143411434985154,-1.109852483868937,-0.033558951116217,0.0306368667637043,-0.0231941091926444,0.0306939984148271,1
2025-06-12 00:00:00-04:00,198.12244911144165,198.71955406677787,196.410720905765,198.2418670654297,43904600,0.0,0.0,0.0021128324411723,0.1194179539880622,0.0006027482222415,0.0116465466916271,200.23623962402343,201.67229843139648,200.8674887084961,0.9829900715534624,0.9869285882949592,-0.0071277217770516,-0.0618377856274211,-0.74639892578125,0.0142835057733239,0.0129754498810101,52810445.0,0.8313620534725659,0,46.27070572732052,-1.2651237413873844,-1.1409067353726263,-0.1242170060147578,0.0116465466916271,0.0006027482222415,0.0117551279806188,0
2025-06-13 00:00:00-04:00,198.7693188209708,199.4062398916536,194.758703844025,195.50509643554688,51447300,0.0,0.0,-0.0138052101223378,-3.2642223854239205,-0.0164221641689277,0.0237719431992442,198.74942321777343,200.9259056091309,200.32716400146484,0.9730208548412403,0.975929037931757,-0.0366320692111518,-0.0709387776056357,-4.37884521484375,0.0108844750095377,0.013194110191548,53131335.0,0.9683042972663872,0,52.30287883793191,-1.5643829064352133,-1.225601969585144,-0.3387809368500694,0.0237719431992442,-0.0164221641689277,0.0238630467131811,1
2025-06-16 00:00:00-04:00,196.3510290449251,197.73434281232372,195.61458283187793,197.46563720703125,43020700,0.0,0.0,0.0100280801228662,1.1146081621061512,0.0056766097306835,0.0107348296667097,198.146337890625,200.28699417114257,200.23751983642575,0.9859134289982878,0.9861570267567292,-0.0150409548809409,-0.0607781287744377,-3.2642059326171875,0.0128147116387859,0.0135332535357802,52545475.0,0.8187327262718627,0,46.048561953417405,-1.6246210749846457,-1.3054057906650445,-0.3192152843196012,0.0107348296667097,0.0056766097306835,0.0108364108123147,0
2025-06-17 00:00:00-04:00,196.2514839890114,197.43576263348737,194.27106541566712,194.6989898681641,38856200,0.0,0.0,-0.0140107786752108,-1.5524941208473422,-0.0079107382491653,0.0162543073282666,196.74709777832032,199.6331535339355,200.38693145751952,0.9752838465033178,0.9716152069000504,-0.0346869974768305,-0.0629371302130934,-7.5933074951171875,0.0124212100884435,0.0136193418663732,52181260.0,0.7446389757548975,0,40.523361781446035,-1.874003233216655,-1.4191252791753666,-0.4548779540412884,0.0162543073282666,-0.0079107382491653,0.0162901109902751,1
2025-06-18 00:00:00-04:00,194.9975546383106,196.6197193940347,194.13174409281177,195.6344757080078,45394700,0.0,0.0,0.0048047801402419,0.6369210696972232,0.0032663028563543,0.0127174685965694,196.30921325683593,199.1216255187988,200.6926071166992,0.9824873375671505,0.9747966231474078,-0.0110675334277906,-0.049695472825218,-6.2100067138671875,0.0110833821806311,0.0136523496554977,52326165.0,0.867533479665479,0,43.441021294881594,-1.9734063017787944,-1.5299814836960524,-0.4434248180827422,0.0127174685965694,0.0032663028563543,0.0128159117554388,1
2025-06-20 00:00:00-04:00,197.28649906078425,200.7298484455588,195.9131318065836,200.03321838378903,96813500,0.0,0.0,0.0224844964562715,2.746719323004811,0.0139224900643532,0.0240795837706001,196.6674835205078,199.06738815307617,201.2659521484375,1.0048517752690371,0.9938751003262624,0.0090361907142861,-0.0053935873440599,0.368194580078125,0.015795817731042,0.0138321162866067,54206250.0,1.7860209846650523,1,50.256758579746865,-1.677900386467087,-1.559565264250259,-0.1183351222168276,0.0240795837706001,0.0139224900643532,0.024585981524355,1
2025-06-23 00:00:00-04:00,200.6602176062245,201.3269932602472,198.0030614260212,200.5308380126953,55814300,0.0,0.0,0.0024876849601624,-0.1293795935291939,-0.0006447695266786,0.0165756642078938,197.6726318359375,199.07435607910156,201.32388092041015,1.0073162709767352,0.9960608602214044,0.0257064479073838,0.0006954313669471,-2.4083404541015625,0.0132157347393004,0.0138196829314226,54659845.0,1.0211207148501793,0,49.65355697795006,-1.387561133287733,-1.525164438057754,0.1376033047700213,0.0165756642078938,-0.0006447695266786,0.0167872749556849,0
2025-06-24 00:00:00-04:00,201.61557243039425,202.46149014710028,199.23706853700068,199.3365936279297,54064000,0.0,0.0,-0.0059554151201922,-2.2789788024645645,-0.01130358520918,0.0161757635736372,198.0468231201172,199.3246467590332,201.52549407958983,1.0000599367368297,0.9891383446960031,0.0094748455850921,0.0257592420401859,-1.14447021484375,0.0136688123576592,0.0119512974897966,53441400.0,1.0116501438959309,0,44.78766681322892,-1.2395420552705332,-1.46803996150031,0.2284979062297767,0.0161757635736372,-0.01130358520918,0.0161838438688972,1
2025-06-25 00:00:00-04:00,200.48105886821313,202.690382284235,199.65504919597095,200.5905303955078,39525700,0.0,0.0,0.0062905497919696,0.1094715272946871,0.0005460442393545,0.0151319859530716,199.22513122558593,199.3918220520019,201.59853149414064,1.0060118230084345,0.9949999581288512,0.0302597385396456,0.0067429155466829,-1.1046600341796875,0.0103503307632401,0.0106283687517109,52603260.0,0.7513925942992887,0,47.84981038435434,-1.0094177129115565,-1.3763155117825594,0.3668977988710029,0.0151319859530716,0.0005460442393545,0.0152028866812414,0
2025-06-26 00:00:00-04:00,200.4611428555203,201.66532960796235,198.50063224789568,200.03321838378903,50799100,0.0,0.0,-0.0027783565386655,-0.4279244717312451,-0.0021347003495817,0.0158208590834888,200.1048797607422,199.42068252563476,201.57355651855468,1.003071576380126,0.9923584315255964,0.0224844964562715,0.0028939186931862,2.209320068359375,0.0111016620903256,0.0106503077298178,52876230.0,0.9607171313083402,0,50.668546243008386,-0.8620754659820875,-1.273467502622465,0.4113920366403776,0.0158208590834888,-0.0021347003495817,0.0159430089679234,1
2025-06-27 00:00:00-04:00,200.91892502298623,202.2425296541318,199.03801637565215,200.11282348632812,73188600,0.0,0.0,0.0003979594148524,-0.8061015366581046,-0.0040120737086657,0.0160135328793588,200.12080078125,199.47691040039064,201.5577276611328,1.0031879032247948,0.9928313134327752,0.0003979594148524,0.0056513759216678,1.8709564208984375,0.004718714115539,0.0106334787546818,53965820.0,1.3562028706318183,0,44.19458611023354,-0.7304618972053731,-1.1648663815390468,0.4344044843336736,0.0160135328793588,-0.0040120737086657,0.0161000061035156,1
2025-06-30 00:00:00-04:00,201.03834688076608,206.39247448465787,198.3015741024103,204.1831512451172,91912800,0.0,0.0,0.0203401645525587,3.1448043643511028,0.0156428085146176,0.0396257004209646,200.8512634277344,199.69187088012697,201.7797424316406,1.0224910525661124,1.0119110510525644,0.0182132248018165,0.0215085291956376,8.678054809570312,0.0103645697950095,0.0115134625147341,55020465.0,1.6705202327897446,1,57.131846566825125,-0.2943229905144733,-0.9907577033341322,0.6964347128196589,0.0396257004209646,0.0156428085146176,0.0408009891947155,1
2025-07-01 00:00:00-04:00,205.67592638082797,209.1789996184396,205.1484768676989,206.8204040527344,78788900,0.0,0.0,0.0129161137514781,1.1444776719064294,0.0055644707285155,0.0194880324753306,202.3480255126953,199.99639892578125,202.00063415527345,1.0341206399895506,1.0238601721109255,0.0375435853929235,0.0303420797716098,9.354766845703123,0.0093772093884745,0.0117969672453721,57188745.0,1.3776994057134844,0,59.36018164915496,0.2611145306118487,-0.740383256544936,1.0014977871567847,0.0194880324753306,0.0055644707285155,0.0196468568145401,1
2025-07-02 00:00:00-04:00,207.90519262679368,212.31387801499196,207.13889190503232,211.418212890625,67941800,0.0,0.0,0.0222309247433745,3.513020263831322,0.016897222332188,0.024477484882709,204.51356201171876,200.45269470214845,202.38941497802733,1.0547037704071285,1.0446110183854125,0.0539790311824195,0.0451125210712062,16.719223022460938,0.0113861030765834,0.0126121639355983,58266755.0,1.166047431335416,0,74.1855024402215,1.0600874868746075,-0.3802891078610273,1.4403765947356348,0.024477484882709,0.016897222332188,0.0249831698063356,1
2025-07-03 00:00:00-04:00,211.1295823572572,213.6175577099725,210.7912213537831,212.5228576660156,34955800,0.0,0.0,0.0052249272202584,1.3932753087584049,0.0065991477518333,0.0132989758712496,207.0114898681641,200.98661346435543,202.6694927978516,1.0573980724527512,1.0486178986888377,0.0624378259927989,0.0529039739705232,16.888381958007812,0.0094251250305174,0.0125821922865131,57834345.0,0.6044124818911669,0,74.80118907614465,1.7621024918196326,0.0481892120751046,1.713913279744528,0.0132989758712496,0.0065991477518333,0.0134082261018154,0
2025-07-07 00:00:00-04:00,211.65701970580335,215.18994753990864,207.79569250723537,208.94015502929688,50229000,0.0,0.0,-0.0168579637788846,-2.716864676506503,-0.0128361661724371,0.0353893440523026,208.7769561767578,201.45037002563475,202.78131072998048,1.0371793062614332,1.0303718536838802,0.0441117734944749,0.0464534601448485,8.906936645507812,0.0158241550086712,0.0129896217013121,57589490.0,0.8721903944626007,0,72.66612160335112,2.006233667216975,0.4397981031034787,1.5664355641134962,0.0353893440523026,-0.0128361661724371,0.0355842555899746,1
2025-07-08 00:00:00-04:00,209.08948711474488,210.41307684433065,207.44741401627587,208.9999084472656,42848900,0.0,0.0,0.0002859834097488,-0.0895786674792589,-0.0004284226276288,0.0141897805127653,209.7403076171875,201.7534065246582,202.8193844604492,1.0359176186783332,1.0304730438032743,0.0235903754681796,0.029864760596044,8.469070434570312,0.0146571206468972,0.0125654010168118,57401550.0,0.7464763582168077,0,70.79289788481344,2.179408123822469,0.7877201072472769,1.391688016575192,0.0141897805127653,-0.0004284226276288,0.0142959739561856,1
2025-07-09 00:00:00-04:00,208.5222090540861,210.3135545169951,206.22332203726856,210.1244659423828,48749400,0.0,0.0,0.0053806602283796,1.6022568882967505,0.0076838668435608,0.0194657602644336,210.4011199951172,202.23557662963867,202.86186126708984,1.0390084150584016,1.035800739626119,0.0159755122072287,0.0481013114893094,10.787872314453123,0.0139806215356578,0.0121670345950527,56195890.0,0.8674904872936438,0,79.55752191689822,2.379957847282583,1.1061676552543382,1.2737901920282446,0.0194657602644336,0.0076838668435608,0.0198339956864209,1
2025-07-10 00:00:00-04:00,209.49745072772552,212.453166373689,209.01976375844308,211.38832092285156,44443600,0.0,0.0,0.0060147921128579,1.8908701951260412,0.0090257432181526,0.0162421585083641,210.3951416015625,202.7202331542969,202.9125198364258,1.042758868385659,1.0417707152484157,-0.0001413878556854,0.0480583125086622,10.79779052734375,0.0097043978934247,0.0121663892448468,55684440.0,0.79813319483863,0,79.81157485262321,2.61078201256899,1.4070905267172686,1.2036914858517211,0.0162421585083641,0.0090257432181526,0.0164262103903905,0
2025-07-11 00:00:00-04:00,209.55720483784353,211.10969909895368,208.8506131239295,210.1443634033203,39765800,0.0,0.0,-0.0058847031572063,0.5871585654767841,0.0028019011130212,0.0107501621192113,209.91944274902343,203.3362564086914,202.91703002929688,1.033482012086153,1.035617184880835,-0.0111917103356156,0.0622799631025654,10.11114501953125,0.0094810537668204,0.0112515679222983,54623235.0,0.728001554649775,0,71.72797049441786,2.6626415762630415,1.6582007366264233,1.0044408396366182,0.0107501621192113,0.0028019011130212,0.0108167552933332,0
2025-07-14 00:00:00-04:00,208.92027389637033,209.89557123752417,206.54176989733165,207.6165771484375,38840100,0.0,0.0,-0.0120288082627815,-1.3036967479328323,-0.0062401638846189,0.0161538225235004,209.65472717285155,203.8049919128418,202.84534240722655,1.0187021191179937,1.0235215395364234,-0.0063347224025644,0.0472892543930374,7.503753662109375,0.0076935885841259,0.0117492469212647,54370010.0,0.7143662471277824,0,64.0046854087036,2.471282028041088,1.8208169949093564,0.6504650331317317,0.0161538225235004,-0.0062401638846189,0.0162378841909779,1
2025-07-15 00:00:00-04:00,208.2137043224775,210.8708604550018,207.915144211828,208.1042327880859,42296300,0.0,0.0,0.0023488280480599,-0.1094715343915595,-0.0005257652696193,0.0142030568219322,209.47559204101563,204.43494873046876,202.76710754394531,1.017948418704352,1.0263214547407986,-0.0042855313470421,0.0644440302695263,3.92108154296875,0.0078500268128085,0.0111163669619107,53912460.0,0.7845366358723012,0,67.82681374976266,2.332095002505355,1.923072596428556,0.4090224060767986,0.0142030568219322,-0.0005257652696193,0.0142159738020933,1
2025-07-16 00:00:00-04:00,209.28851120731295,211.37840160704656,207.63649175890595,209.1491851806641,47490500,0.0,0.0,0.0050212933133475,-0.1393260266489164,-0.0006657127323673,0.017891104117419,209.28053588867184,205.0191261291504,202.86819763183593,1.0201447500508416,1.0309609274501803,-0.004641443143447,0.0591674994134969,2.3287811279296875,0.0077802381631173,0.0110100420174427,54135950.0,0.8772451577925574,0,67.55105106044772,2.279826783017711,1.9944234337463873,0.2854033492713237,0.017891104117419,-0.0006657127323673,0.0180214461169256,0
2025-07-17 00:00:00-04:00,209.5571995447156,210.78127919114968,208.5819022531988,209.0098419189453,48068100,0.0,0.0,-0.0006662386066595,-0.5473576257702746,-0.0026119724207016,0.0105228391053651,208.80484008789065,205.73466873168945,203.09491149902345,1.015919403411426,1.0291239715277176,-0.0112517048885321,0.073502446317115,-2.4083709716796875,0.0068074418493237,0.0103111784551299,54596545.0,0.8804238436699612,0,68.7292345582795,2.201779265014011,2.0358945999999123,0.1658846650140986,0.0105228391053651,-0.0026119724207016,0.0105444284196862,1
2025-07-18 00:00:00-04:00,209.85573909301036,210.77131219576944,208.69136845628208,210.16424560546875,48974600,0.0,0.0,0.0055232025244587,0.3085065124583934,0.0014700885179111,0.0098967535295796,208.8088165283203,206.4611572265625,203.3522671508789,1.0179360051481383,1.0334984141068644,9.461211248518175e-05,0.0742699866415528,-2.358612060546875,0.007182694223147,0.0103168357154968,54775540.0,0.8940961604394955,0,70.07153147311689,2.20762860607266,2.070241401214462,0.1373872048581983,0.0098967535295796,0.0014700885179111,0.0099666016609742,1
2025-07-21 00:00:00-04:00,211.07983063398711,214.74212298846783,210.61209006251647,211.45799255371097,51377400,0.0,0.0,0.0061558851007934,0.3781619197238228,0.0017915587604367,0.0195312216675958,209.577099609375,207.0323959350586,203.6804214477539,1.021376348366468,1.0381851679738008,0.0185024503247011,0.0571143846118697,2.5178375244140625,0.0028279065190076,0.0093475279723926,52503735.0,0.9785475261902796,0,66.33883714076177,2.290258147148478,2.114244750401266,0.1760133967472126,0.0195312216675958,0.0017915587604367,0.0196096668748951,1
2025-07-22 00:00:00-04:00,212.11484021935428,213.91613206526756,211.20921348603295,213.3687744140625,46404100,0.0,0.0,0.0090362243454393,1.253934194708222,0.0059115816385665,0.0126865732189171,210.6300079345703,207.67429275512697,204.0221429443359,1.027420253048123,1.0458118483358771,0.0252976191567304,0.0640197613922823,4.368865966796875,0.003535768702612,0.0094493248247484,52033225.0,0.8918167190290435,0,65.20334707874562,2.4813236266274146,2.1876605256464954,0.2936631009809192,0.0126865732189171,0.0059115816385665,0.0128162902297518,0
2025-07-23 00:00:00-04:00,213.96588230147148,214.11515474984876,211.38834345684663,213.11996459960935,46989300,0.0,0.0,-0.0011661022806003,-0.8459177018621062,-0.0039535167605377,0.0127947247838794,211.42416381835935,208.36346130371095,204.3382150268555,1.0228279145783885,1.0429765404948836,0.0189853927258445,0.0691462150567645,2.9954986572265625,0.004487326234623,0.0092653293644567,51679490.0,0.9092446539236358,0,54.95070865191005,2.582893534164498,2.266707127350096,0.3161864068144018,0.0127947247838794,-0.0039535167605377,0.0128995348012592,0
2025-07-24 00:00:00-04:00,212.87116805528336,214.65256693634575,212.50295255730364,212.7318420410156,46022600,0.0,0.0,-0.0018211459415494,-0.1393260142677377,-0.000654508619183,0.0101048078107069,212.16856384277344,208.97052688598632,204.3973291015625,1.0179992614799764,1.0407760364388705,0.0178077744468785,0.0605278405793563,1.3435211181640625,0.0047925347191291,0.0093090821920402,52004335.0,0.8849762236167428,0,50.63442300672777,2.602075069194143,2.3337807157189054,0.2682943534752375,0.0101048078107069,-0.000654508619183,0.0101156918206229,1
2025-07-25 00:00:00-04:00,213.6673052863376,214.20471642869953,212.37355515647585,212.85125732421875,40268800,0.0,0.0,0.0005613418379561,-0.8160479621188585,-0.0038192458178159,0.0086030089520891,212.70596618652343,209.6114288330078,204.41623748779296,1.0154563542133574,1.0412639423369168,0.0127852942397928,0.0640795516064569,2.7068939208984375,0.0047943861807147,0.0092299004337326,51477820.0,0.7822553480314435,0,65.03444246840819,2.596976065735646,2.3864197857222536,0.2105562800133924,0.0086030089520891,-0.0038192458178159,0.0086223601185867,1
2025-07-28 00:00:00-04:00,213.000569237894,213.8166325366559,212.03523347491873,213.02047729492188,37858000,0.0,0.0,0.0007950151332456,0.0199080570278624,9.346480668616312e-05,0.008362571919651,213.0184631347656,210.2568115234375,204.45047241210935,1.013144238949787,1.041917266229339,0.0073891023098313,0.0645018824067293,5.403900146484375,0.0043677534146115,0.0092240931443525,49711290.0,0.7615573846504486,0,65.32625260292458,2.576884980167734,2.4245128246113494,0.1523721555563839,0.008362571919651,9.346480668616312e-05,0.0084014294819917,0
2025-07-29 00:00:00-04:00,213.14983725799084,213.77681196541135,209.80601264614248,210.25384521484375,51411700,0.0,0.0,-0.0129876344059063,-2.895992043147089,-0.0135866490934349,0.0188857393557363,212.39547729492188,210.56034622192385,204.44689025878907,0.9985443555133736,1.0284032442298547,-0.0145988053208475,0.0297316107264835,2.1496124267578125,0.0057350220090211,0.0089658595852187,47686235.0,1.0781245363572949,0,50.43831580035669,2.3110778955693263,2.401825838802945,-0.0907479432336186,0.0188857393557363,-0.0135866490934349,0.0189260511135398,0
2025-07-30 00:00:00-04:00,210.88077731884883,211.3684259373732,206.720889966108,208.04449462890625,45512500,0.0,0.0,-0.0105080151265719,-2.8362826899425784,-0.0134496976253751,0.0223391442275611,211.3803833007813,210.6215507507324,204.4029028320313,0.9877645183380304,1.0178157538196386,-0.0238150845240541,0.0059186161141999,-1.1046905517578125,0.0064911523047482,0.0089265124908093,46022415.0,0.9889202902542163,0,39.3537047131285,1.9002429204892903,2.301509255140214,-0.4012663346509235,0.0223391442275611,-0.0134496976253751,0.0224821786130427,0
2025-07-31 00:00:00-04:00,207.48719786288635,208.8306954413449,206.16359315375271,206.57162475585935,80698400,0.0,0.0,-0.0070795907177166,-0.9155731070269724,-0.0044126727646686,0.0129112712878367,210.14833984375,210.37922134399415,204.37881927490236,0.9819012706492106,1.0107291229528417,-0.0289576643818489,-0.0229241751148135,-2.4382171630859375,0.0063130056193338,0.0074212974538919,46660245.0,1.7294894186689334,1,38.7883059708425,1.4392145835255403,2.1290503208172797,-0.6898357372917392,0.0129112712878367,-0.0044126727646686,0.0129368248136956,0
2025-08-01 00:00:00-04:00,209.8557561748323,212.5527283441607,200.530828701964,201.40660095214844,104434500,0.0,0.0,-0.0250035493007102,-8.449155222683856,-0.0402617272773056,0.0596897002648535,207.85940856933593,209.8234085083008,204.28965057373048,0.9598862318747464,0.985887441612998,-0.0537683287190434,-0.0523061699618995,-8.757644653320312,0.0094177329132102,0.0089740952995887,50134180.0,2.083099793394447,1,33.27984223824491,0.6495840493288654,1.8331570665195969,-1.1835730171907315,0.0596897002648535,-0.0402617272773056,0.0599503812955566,1
2025-08-04 00:00:00-04:00,203.52634207300895,206.88014336875773,200.70995198839023,202.37193298339844,75109300,0.0,0.0,0.0047929513068907,-1.1544090896105388,-0.0056720377217629,0.0304893632699236,205.72969970703124,209.4949974060059,204.3147299194336,0.965998880589961,0.990491155792824,-0.0499883600240965,-0.0314359010836259,-9.0860595703125,0.0107415923019582,0.0084603964462142,51378195.0,1.461890593859905,0,34.95301723102065,0.1005315244673283,1.4866319581091432,-1.3861004336418148,0.0304893632699236,-0.0056720377217629,0.0307418307823837,0
2025-08-05 00:00:00-04:00,202.42168730403617,204.35235878558623,201.18766113385615,201.94400024414065,44155100,0.0,0.0,-0.0021145854217488,-0.477687059895544,-0.002359861071497,0.0156711645203824,204.06773071289064,209.1422019958496,204.34578033447264,0.9655822608588016,0.9882464904026852,-0.0395229155605305,-0.0337603411195049,-11.424774169921877,0.0111192869454321,0.0084498287682146,51443505.0,0.8583221535935391,0,30.45360805965429,-0.3649205756295828,1.1163214513613982,-1.481242026990981,0.0156711645203824,-0.002359861071497,0.0157300782458249,1
2025-08-06 00:00:00-04:00,204.6409599471833,214.3440641251077,204.60114383647723,212.22430419921875,108483100,0.0,0.0,0.0509067065258177,7.5833442520354595,0.0370568250559061,0.0459085981004542,204.90369262695313,209.2471939086914,204.7036508178711,1.014227719067174,1.0367392244901334,0.0200909405354279,0.0099933068118385,-0.895660400390625,0.0282920840787783,0.0144524768376497,54430190.0,1.993068552580838,1,55.62520727736476,0.0946488418007618,0.911986929449271,-0.8173380876485091,0.0459085981004542,0.0370568250559061,0.0476190900301968,1
2025-08-07 00:00:00-04:00,217.82723230897545,219.78775818606871,215.53829184895108,218.97169494628903,90224800,0.0,0.0,0.0317936759059245,1.1444626373136373,0.0052539924654153,0.0194064641010337,207.38370666503903,209.6263626098633,205.09814422607425,1.0445809020395895,1.0676434727021342,0.0600279452954148,0.0358741390741503,6.2398529052734375,0.0296897246410156,0.0160252662211415,56719250.0,1.5907262525509418,1,62.88960457483208,0.9918851248324358,0.927966568525904,0.0639185563065318,0.0194064641010337,0.0052539924654153,0.0197155980993655,1
2025-08-08 00:00:00-04:00,219.76784743364436,229.88892965735025,218.19544514014737,228.2468719482422,113854000,0.0,0.0,0.042357881023062,8.479024514597825,0.0385817334683497,0.0512317405158328,212.75176086425785,210.53148803710937,205.6739614868164,1.0841460062639665,1.1097509392936582,0.1332641078753453,0.0861432029474831,15.395614624023438,0.0232413168752897,0.0182681982302491,60423660.0,1.8842618934371071,1,69.91735285854551,2.4234446501573927,1.227062184852202,1.1963824653051909,0.0512317405158328,0.0385817334683497,0.0535917901938426,0
2025-08-11 00:00:00-04:00,227.08116933177635,228.71513292468896,223.9327956372812,226.34388732910156,61806100,0.26,0.0,-0.0083373962714028,-0.7372820026747888,-0.0032467773741185,0.0211286345915509,217.54615173339843,211.46785354614255,206.22107391357423,1.0703465492910629,1.0975788411613094,0.1184549358812008,0.0902014205121721,13.323410034179688,0.0266626347438066,0.0181125679820512,61571960.0,1.0038027049975349,0,65.39576976042451,3.3656142271596536,1.6547725933136923,1.710841633845961,0.0211286345915509,-0.0032467773741185,0.0213561272871974,1
2025-08-12 00:00:00-04:00,227.17083074525976,229.95057099439725,226.23430307406312,228.80479431152344,55626200,0.0,0.0,0.0108724251909826,1.6339635662637022,0.0071926644847109,0.0162420893824206,222.918310546875,212.50288162231445,206.79949096679687,1.0767138429594696,1.1064088854467231,0.1330111022605742,0.0994720830331068,18.550949096679688,0.0241258825538749,0.0181599884420918,62238455.0,0.8937593325541259,0,67.68274578411285,4.261738364694679,2.1761657475898897,2.0855726171047895,0.0162420893824206,0.0071926644847109,0.0164266332286378,1
2025-08-13 00:00:00-04:00,230.2195756343437,234.1351043372746,229.5819165003467,232.47125244140625,69878500,0.0,0.0,0.0160243938109567,2.2516768070625517,0.0097805618868782,0.019586025321886,226.9677001953125,213.66898498535156,207.434319152832,1.0879971768356729,1.120698124547692,0.0954035322136399,0.1115092427474506,24.4267578125,0.0195605838717667,0.0183295229488339,63357855.0,1.1029177045214047,0,70.72205096792672,5.207744096888632,2.782481417449638,2.425262679438994,0.019586025321886,0.0097805618868782,0.0198325195047366,0
2025-08-14 00:00:00-04:00,233.1985666998313,234.25466305951576,230.0003892485326,231.92327880859375,51916300,0.0,0.0,-0.0023571672929779,-1.2752878912375536,-0.005468678085312,0.0183434532007208,229.55801696777343,214.814656829834,208.0269387817383,1.0796436436472414,1.1148713727500816,0.0591472969393671,0.1096285068649272,25.351654052734375,0.0197382332611242,0.0183631212893813,63550265.0,0.8169328640879783,0,69.8428956977298,5.845856171666497,3.3951563682930104,2.450699803373487,0.0183434532007208,-0.005468678085312,0.0184968113527238,0
2025-08-15 00:00:00-04:00,233.13877413921497,233.41774239633352,228.49592139875156,230.73764038085935,56038700,0.0,0.0,-0.0051122010426253,-2.40113375835557,-0.0102991609491854,0.0213308110001381,230.0561706542969,215.84332656860352,208.604801940918,1.0690052087736048,1.1060993717978265,0.0109126070879166,0.0978919830826603,29.331039428710938,0.0106253938630448,0.0185119094923701,63903470.0,0.8769273405653871,0,68.05148576915232,6.184601242608608,3.95304534315613,2.2315558994524776,0.0213308110001381,-0.0102991609491854,0.0215400824988592,0
2025-08-18 00:00:00-04:00,230.8472385776313,232.2620105258568,229.26309412883964,230.04022216796875,37476200,0.0,0.0,-0.0030225593524292,-0.8070164096625376,-0.003495889379639,0.0130364871358342,230.79543762207032,216.7724380493164,209.21230590820312,1.06120604740181,1.0995539730292174,0.0163306148113147,0.0878766954601533,27.668289184570312,0.0095130625579276,0.0185911828643381,63208410.0,0.5928989512629728,0,71.04720526251549,6.32388551490979,4.427213377506862,1.896672137402928,0.0130364871358342,-0.003495889379639,0.0130806766279263,0
2025-08-19 00:00:00-04:00,230.4287923573085,232.01293684851592,228.50590285589897,229.71144104003903,39402600,0.0,0.0,-0.0014292332220476,-0.717351317269447,-0.0031131149451024,0.0152671280835579,230.97676696777344,217.58957138061524,209.74775115966796,1.0557097915240607,1.0951795181116102,0.0039625337888733,0.0765935253218546,27.76744079589844,0.0086064409419649,0.0186005547404061,62858335.0,0.6268476567188743,0,74.00812712041792,6.3347167435170775,4.808714050708906,1.5260026928081718,0.0152671280835579,-0.0031131149451024,0.0153476735120867,0
2025-08-20 00:00:00-04:00,229.13359777829044,229.62179989876017,224.9391004018284,225.17820739746097,42263900,0.0,0.0,-0.0197344704384487,-3.955390380829499,-0.0172623762694842,0.0207955270230318,229.5181579589844,218.1924835205078,210.24169403076172,1.0320163360544752,1.071044487324735,-0.031371814653872,0.0565796021058162,12.953903198242188,0.0076141797664041,0.0193142510979417,62622065.0,0.6749042849353498,0,69.30762110479276,5.909386768875322,5.028848594342189,0.8805381745331333,0.0207955270230318,-0.0172623762694842,0.0208176323661233,0
2025-08-21 00:00:00-04:00,225.4372491279448,225.68632903786573,222.9564077521854,224.07228088378903,30621200,0.0,0.0,-0.0049113390076855,-1.3649682441557616,-0.0060547591377904,0.0121832172855693,227.94795837402344,218.75950546264647,210.68923583984375,1.0242859180445978,1.0635203074831905,-0.0338517028783648,0.0533086101919191,5.1005859375,0.0073624320260276,0.0193665479129237,61851995.0,0.4950721476324248,0,75.6832235634064,5.4205855367249,5.107195982818731,0.3133895539061688,0.0121832172855693,-0.0060547591377904,0.0122441929936124,1
2025-08-22 00:00:00-04:00,225.3376235225593,228.24687520672327,224.58042602754637,226.92176818847656,42477800,0.0,0.0,0.0127168219712341,1.5841446659172504,0.007030093959248,0.0161573268551813,227.18478393554688,219.46303100585936,211.2711932373047,1.033986303517416,1.0740781301575402,-0.0165377100419518,0.0661048989850474,-1.325103759765625,0.0115412382028449,0.0194837909118692,61962445.0,0.6855410563608327,0,76.6790281253586,5.203158082431429,5.126388402741271,0.076769679690158,0.0161573268551813,0.007030093959248,0.0163257735503947,0
2025-08-25 00:00:00-04:00,225.6464693442017,228.456098045362,225.3973894325087,226.323974609375,30983100,0.0,0.0,-0.0026343597790277,0.6775052651732949,0.0030025077154645,0.0135147353175131,226.44153442382813,220.12820587158205,211.8328353881836,1.0281461828722096,1.06840837113206,-0.0161547729504463,0.0624517299153111,-0.0199127197265625,0.0115446759198204,0.0195228175682797,61618700.0,0.502819760884277,0,76.39698151411999,4.925826451447733,5.086276012482564,-0.1604495610348308,0.0135147353175131,0.0030025077154645,0.0135702929858872,1
2025-08-26 00:00:00-04:00,226.0350268937484,228.6453946309622,223.86305742355088,228.4660491943359,54575100,0.0,0.0,0.0094646384178169,2.431022300587557,0.0107550689554424,0.0209323758356034,226.1924560546875,221.03881607055663,212.49205444335936,1.0336014879911792,1.0751745508453094,-0.0054215490533013,0.0866200756560833,-0.3387451171875,0.0129093764455217,0.0191848982315618,61776870.0,0.8834228733181205,0,71.34754686087962,4.823286804873931,5.033678170960838,-0.210391366086907,0.0209323758356034,0.0107550689554424,0.0213627798282191,1
2025-08-27 00:00:00-04:00,227.7686378094015,230.050203138926,227.41991984776428,229.6417236328125,31259500,0.0,0.0,0.0051459481293718,1.873085823411003,0.0082236336021749,0.0114538562485596,227.0851593017578,222.11867752075196,213.135576171875,1.033869489031861,1.077444356110811,0.0198221501402799,0.1038106249455421,-2.82952880859375,0.0075923582945305,0.0188641399316977,61064220.0,0.5119118855526198,0,66.4308341984179,4.78176923863478,4.983296384495627,-0.2015271458608465,0.0114538562485596,0.0082236336021749,0.011565755950149,1
2025-08-28 00:00:00-04:00,229.9704999102399,232.55096405412047,228.4959359400532,231.70408630371097,38074700,0.0,0.0,0.0089807837977913,1.733586393471029,0.0075382990172551,0.0175008916707324,228.61152038574215,223.37530059814452,213.87567810058593,1.037286063782629,1.08335874542378,0.0340595694827596,0.1216646360677795,-0.2191925048828125,0.0058861416288132,0.0186583360400868,58933035.0,0.6460671845595598,0,56.84414919068355,4.859267093662822,4.958490526329066,-0.0992234326662435,0.0175008916707324,0.0075382990172551,0.0177466093538361,0
2025-08-29 00:00:00-04:00,231.65426265633033,232.52107103838583,230.51845893056873,231.28562927246097,39418400,0.0,0.0,-0.0018059976322623,-0.368633383869394,-0.0015913084423414,0.0086586101960446,229.48429260253903,224.86925201416017,214.588701171875,1.028533813319647,1.0778089806658204,0.0192306851776329,0.1483517828068175,0.5479888916015625,0.0057784915801766,0.0173069150508353,55682230.0,0.7079170500175729,0,60.39395763877032,4.831227335494901,4.933037888162233,-0.1018105526673318,0.0086586101960446,-0.0015913084423414,0.0086874262352253,0
2025-09-02 00:00:00-04:00,228.4062860305561,230.00040359535532,226.13467838242784,228.8745574951172,44075600,0.0,0.0,-0.0104246501822361,0.4682714645610986,0.0020501689016494,0.0168901482770095,229.9944091796875,226.1943832397461,215.16552795410155,1.0118489867740454,1.0637138749471988,0.0112696098155062,0.1309599810656199,-1.1656646728515625,0.0084088702531862,0.0177417966029632,54130545.0,0.8142463742051738,0,50.14704104027356,4.561865932065331,4.858803496942853,-0.2969375648775223,0.0168901482770095,0.0020501689016494,0.0170947916550417,1
2025-09-03 00:00:00-04:00,236.33698891571112,237.9709525201245,233.49747185558655,237.59234619140625,66427800,0.0,0.0,0.0380898112559979,1.2553572756951326,0.0053117257753624,0.0188283870934716,231.81966857910157,227.97680053710937,215.9067581176758,1.0421777375226025,1.1004395983839983,0.0399459658415477,0.176525897794282,7.8809051513671875,0.0183720546923405,0.018971027425473,55244180.0,1.2024397864173204,0,58.89891987747864,4.994276854642806,4.885898168482844,0.1083786861599618,0.0188283870934716,0.0053117257753624,0.0191585828702448,1
2025-09-04 00:00:00-04:00,237.5724150276415,239.01707546456905,235.86871695735925,238.89752197265625,47549400,0.0,0.0,0.0054933410194895,1.32510694501471,0.005577696993401,0.0131786988881791,233.67082824707032,229.31046142578128,216.6979766845703,1.0418082127054549,1.1024446357448,0.0403053861180879,0.1256840863447896,13.719314575195312,0.0183592287774648,0.0161084740482111,52197495.0,0.9109517611908388,0,61.8083888275731,5.380262091580818,4.984770953102439,0.3954911384783788,0.0131786988881791,0.005577696993401,0.0133479273886878,0
2025-09-05 00:00:00-04:00,239.1167027112504,240.43185187342493,237.61226559630575,238.8078460693359,54870400,0.0,0.0,-0.0003753739368237,-0.308856641914474,-0.0012916564941406,0.0118069247871383,235.09158020019532,230.3022689819336,217.4623229980469,1.03693223312563,1.0981573395198243,0.03065875910498,0.090587740702799,14.735565185546877,0.018716101747118,0.0149693194438557,50429775.0,1.0880556179360308,0,64.19065945948267,5.614205016078444,5.11065776569764,0.5035472503808034,0.0118069247871383,-0.0012916564941406,0.0118663330364835,0
2025-09-08 00:00:00-04:00,238.41928864081729,239.2661511981365,235.4701758698508,237.0045166015625,48999500,0.0,0.0,-0.0075513828270526,-1.414772039254757,-0.005933966363712,0.0160164683049786,236.23535766601563,230.7401512145996,218.20174896240235,1.0271490044276548,1.0861714799655433,0.0247265139087589,0.0383691771044565,10.082748413085938,0.0194905101409366,0.0122259763432354,47187050.0,1.038409902716953,0,61.7875730634694,5.589658745636484,5.206457961685409,0.3832007839510751,0.0160164683049786,-0.005933966363712,0.0161208327732503,0
2025-09-09 00:00:00-04:00,236.12775932745953,237.90120710535396,232.5011563745861,233.48751831054688,66313900,0.0,0.0,-0.0148393724366366,-2.640241016912654,-0.0111814088459256,0.0231277918830145,237.15794982910157,231.0973327636719,218.8692428588867,1.010342765614345,1.0667899941568544,0.0201549742615148,0.0315609626826747,7.163543701171875,0.0204432879549713,0.0125949321738484,47412440.0,1.398660351587052,0,55.76869372487973,5.2261692541763125,5.21040022018359,0.0157690339927221,0.0231277918830145,-0.0111814088459256,0.023225909130825,0
2025-09-10 00:00:00-04:00,231.33545739080097,231.56460664903227,225.118417424808,225.955322265625,83440800,0.0,0.0,-0.0322595233330793,-5.38013512517594,-0.0232568547245532,0.0285286009623015,234.8305450439453,230.95485916137696,219.30468627929687,0.9783527529409608,1.0303260094399358,-0.0489789511839172,-0.0124537252572549,-2.5107269287109375,0.0146418486448452,0.0144805318371982,48803170.0,1.709741395897029,1,51.08754283098104,4.280967611936802,5.024513698534233,-0.7435460865974308,0.0285286009623015,-0.0232568547245532,0.0286346594737294,1
2025-09-11 00:00:00-04:00,226.04500979013488,229.60186307827533,225.81584532196928,229.18341064453125,50208600,0.0,0.0,0.0142864011634629,3.1384008543963944,0.0138839643366166,0.0165195977564809,232.88772277832032,230.7904670715332,219.7519464111328,0.9930367296041572,1.042918683485757,-0.0406622523662546,-0.0141430037578675,-0.45831298828125,0.0172497249684417,0.0143808481937355,47819675.0,1.0499569476371389,0,56.75179163967331,3.7491503827224335,4.769441035371873,-1.0202906526494395,0.0165195977564809,0.0138839643366166,0.0167659525880831,1
2025-09-12 00:00:00-04:00,228.37638560886936,233.6469097348115,228.17712472443904,233.2085418701172,55824200,0.0,0.0,0.017562925755691,4.832156261247832,0.021158738668908,0.0234544796966261,231.76786193847656,230.85473022460937,220.18775299072263,1.010196072842942,1.0591349369006149,-0.0234469021490736,0.0055417596203619,1.50445556640625,0.0207755152909243,0.0149329877917714,48015070.0,1.1626391464179893,0,58.05463411735082,3.610852191131471,4.537723266523793,-0.926871075392322,0.0234544796966261,0.021158738668908,0.0239716624397739,1
2025-09-15 00:00:00-04:00,236.12775635652343,237.31337916896248,234.16500543557729,235.828857421875,42699500,0.0,0.0,0.0112359330011897,-0.2988989346484629,-0.0012658356614254,0.0133502480052856,231.53273010253903,231.10929107666016,220.65387298583985,1.0204213613534443,1.0687727989121178,-0.0049604927220182,0.0220649610207159,4.5432281494140625,0.0217742151130354,0.0150632815411854,47348110.0,0.901820579533164,0,61.57767019163286,3.670377615624858,4.364254136344006,-0.6938765207191482,0.0133502480052856,-0.0012658356614254,0.0134451077671865,1
2025-09-16 00:00:00-04:00,236.30706734003456,240.33220689969465,235.45024710789585,237.27349853515625,63421100,0.0,0.0,0.0061258029618356,0.966431195121686,0.0040897261601196,0.0205752425868809,232.28992614746093,231.47095489501953,221.22053985595704,1.0250681284948615,1.0725654077584827,0.0162149148357211,0.0314435288708161,8.398941040039062,0.0203686964402383,0.0150672285205189,48645355.0,1.303744211549078,0,60.91357063904339,3.7904287052118946,4.249489050117584,-0.4590603449056898,0.0205752425868809,0.0040897261601196,0.0207345706864414,1
2025-09-17 00:00:00-04:00,238.09051246512183,239.21635855568803,236.8550706028844,238.1104431152344,46508000,0.0,0.0,0.0035273411706115,0.0199306501125136,8.371039192682348e-05,0.0099167761057035,234.7209503173828,231.8909049987793,221.8027505493164,1.0268209661628938,1.0735234009746513,0.0537943551306141,0.0365632727615485,0.518096923828125,0.0057555094249893,0.0150545546927795,49000625.0,0.9491307508832796,0,60.58267784998921,3.908054867769693,4.181202213648006,-0.2731473458783133,0.0099167761057035,8.371039192682348e-05,0.009969336720524,0
2025-09-18 00:00:00-04:00,239.08682096339743,240.31228984200703,235.77903252032195,237.0045166015625,44249600,0.0,0.0,-0.0046445947485665,-2.0823043618349573,-0.0087094067060841,0.0191273035074944,236.28517150878903,232.4822204589844,222.3403515625,1.0194522236309076,1.0659536828830658,0.034125968956636,0.0525197768504615,-1.89300537109375,0.0083314800682031,0.0142707063924579,49099910.0,0.9012155012096764,0,56.78572502976101,3.867453821756868,4.118452535269778,-0.2509987135129101,0.0191273035074944,-0.0087094067060841,0.0192267194976057,1
2025-09-19 00:00:00-04:00,240.34217704154452,245.3935247988757,239.32594197772087,244.59646606445312,163741300,0.0,0.0,0.0320329315734253,4.254289022908608,0.0177009673261519,0.0248065023946664,238.56275634765623,233.50842971801757,223.004514465332,1.047484522763591,1.0968229349566725,0.0488315054972485,0.0915962701843899,5.7886199951171875,0.0137636569807093,0.0155710094486866,55755915.0,2.9367520916839047,1,64.39655818322667,4.397195935775045,4.174201215370831,0.2229947204042135,0.0248065023946664,0.0177009673261519,0.0253528003316901,1
2025-09-22 00:00:00-04:00,247.38616206443075,255.69547916115815,247.2068166293636,255.13751220703125,105517400,0.0,0.0,0.043095660015793,7.751350142600501,0.0313329980865368,0.0332709308731772,242.4244873046875,234.91921691894532,223.90437744140624,1.0860648845729035,1.139493185093259,0.0818757084957373,0.1243412839755384,18.13299560546875,0.0204358276242707,0.0177441589871858,58907895.0,1.7912267956612606,1,74.15685960782993,5.603006732367902,4.459962318770246,1.1430444135976563,0.0332709308731772,0.0313329980865368,0.0343383028329739,0
2025-09-23 00:00:00-04:00,254.93828225227924,256.3929004583055,252.64674396870495,253.4936065673828,60275200,0.0,0.0,-0.0064432141923312,-1.4446756848964242,-0.0056667663723677,0.0147781103449831,245.6685089111328,236.2776985168457,224.82191802978517,1.0728630258319098,1.127530664220199,0.0683603863573634,0.1200475203959341,20.006088256835938,0.0226151705241361,0.0178620403966315,60372500.0,0.9983883390616588,0,66.81416029153655,6.352740590554248,4.838517973127047,1.514222617427201,0.0147781103449831,-0.0056667663723677,0.0148276460276272,0
2025-09-24 00:00:00-04:00,254.28068708944184,254.7987775332095,250.11606329601625,251.3813934326172,42303700,0.0,0.0,-0.0083324118638241,-2.8992936568246535,-0.011401942042908,0.0186279269648828,248.32269897460935,237.42346572875977,225.6874612426758,1.058789166694262,1.1138474067122115,0.0557344320717605,0.1003008732329817,25.426071166992188,0.0244702700192858,0.0181132361870116,59758930.0,0.7079059146474008,0,62.97905850692037,6.699247373647097,5.210663853231057,1.4885835204160405,0.0186279269648828,-0.011401942042908,0.0187221651240016,1
2025-09-25 00:00:00-04:00,252.27808820484515,256.22352044118514,250.7836088309123,255.9246063232422,55202100,0.0,0.0,0.0180729879351344,3.64651811839704,0.014454359252303,0.0212559147337401,252.10671691894532,238.73760986328125,226.62296966552736,1.0719911557705697,1.129296852393035,0.0798300808481511,0.1144516870656089,26.741195678710938,0.0228626090560852,0.0183498816626728,60956060.0,0.905604791385795,0,66.28743704350735,7.256803888728143,5.619891860330474,1.6369120283976688,0.0212559147337401,0.014454359252303,0.0216916553503328,0
2025-09-26 00:00:00-04:00,253.16481067495937,256.6519291955366,252.84598111295833,254.51980590820312,46076300,0.0,0.0,-0.0054891182025097,1.354995233243784,0.0053522258074937,0.0149534456424618,254.0913848876953,239.87839584350587,227.5331689453125,1.0610368016394822,1.118605287694898,0.0405702502714619,0.098469215491461,21.311264038085938,0.0223064870210715,0.0184939039333054,61356140.0,0.7509647771192908,0,66.79402960617756,7.498873445626373,5.995688177389654,1.5031852682367184,0.0149534456424618,0.0053522258074937,0.015052436530039,0
2025-09-29 00:00:00-04:00,253.6231329894407,254.0615160770535,252.07883445903423,253.4936065673828,40127700,0.0,0.0,-0.0040319036750736,-0.1295264220578929,-0.0005107042899879,0.0078214265237978,253.7626037597656,240.98879470825196,228.3997561645508,1.0518895987436658,1.1098681138028583,-0.0064432141923312,0.0960197024120346,17.664749145507812,0.0109111968480858,0.0185428137904527,61391605.0,0.6536349717522453,0,70.14445226659062,7.521209778451265,6.300792497601977,1.220417280849288,0.0078214265237978,-0.0005107042899879,0.0078653236487473,1
2025-09-30 00:00:00-04:00,253.9220050782957,254.97810138533345,252.1784458386236,253.69285583496097,37704300,0.0,0.0,0.0007860129897405,-0.2291492433347741,-0.0009024394843767,0.0110356105121507,253.80245361328124,242.22970962524417,229.24445343017575,1.047323452715406,1.1066477379887043,0.0007860129897405,0.108436248272695,16.419357299804688,0.0105221698048222,0.0182264911842206,61073040.0,0.6173640611307378,0,82.76838225618222,7.468892490431983,6.534412496167978,0.934479994264005,0.0110356105121507,-0.0009024394843767,0.0111018827854201,1
2025-10-01 00:00:00-04:00,254.10134722927504,257.83756097799323,253.9917514638179,254.5098419189453,48713900,0.0,0.0,0.0032203748162142,0.4084946896702774,0.0016076053674036,0.015110651459208,254.4281433105469,243.0755844116211,230.06727478027344,1.0470399260172571,1.1062409556596688,0.0124450280253805,0.0712038750352261,16.399398803710938,0.0093870354587383,0.0165138654578,60187345.0,0.8093711393981575,0,81.7274258928848,7.407960257339482,6.709122048402279,0.6988382089372029,0.015110651459208,0.0016076053674036,0.0151414740518578,1
2025-10-02 00:00:00-04:00,255.63569123318152,257.22980880920034,253.21464169746508,256.1836853027344,42630200,0.0,0.0,0.0065767334228361,0.5479940695528569,0.0021436524254862,0.0156730008274746,254.4799591064453,243.939892578125,230.92854919433591,1.0501918427330952,1.109363420835183,0.0010123254001022,0.0723580687959444,19.179168701171875,0.0050100675587216,0.0165222687433039,59941385.0,0.7111981146248122,0,80.58358482832192,7.409326096702131,6.84916285806225,0.5601632386398805,0.0156730008274746,0.0021436524254862,0.0158567730713316,1
2025-10-03 00:00:00-04:00,253.73271197999827,258.2858846694617,253.01536064819075,257.07037353515625,49155600,0.0,0.0,0.0034611424664847,3.337661555157979,0.0131542422303872,0.0205022614966955,254.99007263183591,244.853018951416,231.81531982421876,1.0498966875559106,1.1089447139649269,0.0100210968566942,0.0764737330301867,12.473907470703123,0.003950580231926,0.0164955947451736,59655645.0,0.8239890793235074,0,79.64406272918461,7.3966923985418305,6.9586687661581665,0.4380236323836639,0.0205022614966955,0.0131542422303872,0.020830846031516,0
2025-10-06 00:00:00-04:00,257.0404730386864,258.11651518827176,254.11130630837613,255.74526977539065,44664100,0.0,0.0,-0.005154634279879,-1.2952032632957753,-0.0050389078730836,0.0156609304383741,255.4404052734375,245.79005661010743,232.6732000732422,1.0405029125367549,1.0991608388713685,0.0088825246462744,0.0790734009737625,0.607757568359375,0.0043871036116093,0.016417158081871,59438875.0,0.7514290941744776,0,75.86498211236477,7.196795128280598,7.006294038582653,0.1905010896979453,0.0156609304383741,-0.0050389078730836,0.0157616319324065,0
2025-10-07 00:00:00-04:00,255.86484387966763,256.45266881763376,254.48991791397023,255.53607177734375,31955800,0.0,0.0,-0.0008179936161892,-0.3287721023238816,-0.0012849444157263,0.0076809152226998,255.80904846191407,246.8924842834473,233.52351196289064,1.0350095205165222,1.0942627131179457,0.0072655413819848,0.0944314009859468,2.0424652099609375,0.004533956655514,0.0158630603493572,57720970.0,0.5536254848108062,0,74.83675681506587,6.9414775391630315,6.993330738698729,-0.0518531995356976,0.0076809152226998,-0.0012849444157263,0.007712489829664,1
2025-10-08 00:00:00-04:00,255.5758888188916,257.56852798749276,255.16739414069707,257.1102294921875,36496900,0.0,0.0,0.0061602172401529,1.534340673295901,0.006003464099789,0.0093389277102591,256.3291259765625,248.4502296447754,234.4606396484375,1.0348560750368143,1.096602951683967,0.0102172377839531,0.13788082933465,5.7288360595703125,0.0049876985274206,0.013274406926848,55373775.0,0.6591008108080043,0,78.27922788673268,6.787911068654864,6.952246804689956,-0.1643357360350918,0.0093389277102591,0.006003464099789,0.0094100339695898,0
2025-10-09 00:00:00-04:00,256.8611709050607,257.05047407420307,252.2083598847001,253.10504150390625,38322000,0.0,0.0,-0.0155777076477735,-3.7561294011544537,-0.0146231888140958,0.0191308484443138,255.7133972167969,249.64631118774415,235.3618505859375,1.0138545220224022,1.0753868601636023,-0.0120173296562193,0.1043776719793998,-2.8195648193359375,0.0085348115736258,0.014018534061048,54779445.0,0.6995689715366776,0,63.31054191444099,6.2707381702610405,6.815945077804173,-0.5452069075431325,0.0191308484443138,-0.0146231888140958,0.0191988647470553,0
2025-10-10 00:00:00-04:00,254.00171816056968,255.436420799504,243.10197943699816,244.3673095703125,61999100,0.0,0.0,-0.0345221568155089,-9.63440859025718,-0.0379304859039051,0.050475005777959,253.17278442382812,250.2042495727539,236.11776428222657,0.9766712994986756,1.0349382661366615,-0.0494147333671902,0.0478488807087094,-10.152496337890623,0.0158223330280374,0.0162375701136607,55088190.0,1.1254517529074743,0,32.14398831044906,5.097057276016102,6.472167517446559,-1.3751102414304572,0.050475005777959,-0.0379304859039051,0.0507377249295594,1
2025-10-13 00:00:00-04:00,248.46219085423505,248.7710475029622,244.6562426215344,246.74851989746097,38142900,0.0,0.0,0.009744389834039,-1.7136709567741093,-0.0068971095798614,0.0166761076546183,251.3734344482422,250.7502326965332,237.0246026611328,0.9840410405364796,1.0410249279068728,-0.0351785582811799,0.046303334523865,-6.745086669921875,0.0181853599139669,0.0161985399316514,54860360.0,0.6952725064144676,0,39.08413037229614,4.309374695214785,6.039608953000204,-1.730234257785419,0.0166761076546183,-0.0068971095798614,0.016818720165637,1
2025-10-14 00:00:00-04:00,245.69243161385845,247.9341508249242,243.79941515849077,246.85812377929688,35478000,0.0,0.0,0.0004441926617493,1.1656921654384291,0.0047445180048137,0.0167494413517056,249.6378448486328,251.22946395874024,237.9143264770508,0.9826002089461876,1.0375925125429923,-0.0339597769414262,0.0403948409886176,-6.8347320556640625,0.0183010664273465,0.0161793750588018,53463205.0,0.66359658011524,0,42.17242491984602,3.65187811456002,5.562062785312168,-1.910184670752148,0.0167494413517056,0.0047445180048137,0.0169595799224763,1
2025-10-15 00:00:00-04:00,248.57177456170203,250.89320098009676,246.55920477705152,248.4223175048828,33893600,0.0,0.0,0.0063364077375245,-0.1494570568192159,-0.0006012631847793,0.0174460823269634,247.90026245117187,251.74505767822265,238.8438928222656,0.9868011701838972,1.0401032849089633,-0.033790611927281,0.043307106797739,-6.0875244140625,0.0183322826880415,0.0162045417052038,52832485.0,0.6415295438024541,0,35.5247275232437,3.219907607944947,5.093631749838725,-1.8737241418937776,0.0174460823269634,-0.0006012631847793,0.0175779128058277,0
2025-10-16 00:00:00-04:00,247.33635013275975,248.1234359576197,244.22783772705108,246.5392913818359,39777000,0.0,0.0,-0.0075799394432823,-0.7970587509238385,-0.0032225701984201,0.0158011252840634,246.5871124267578,252.22179641723633,239.53019256591796,0.977470206317934,1.0292618593958216,-0.0259408113052895,0.0402303505308412,-9.644393920898438,0.0177037963866887,0.0162833357749241,52608855.0,0.756089445398498,0,34.8810251316595,2.6945621629414234,4.613817832459264,-1.9192556695178409,0.0158011252840634,-0.0032225701984201,0.0159506724000985,1
2025-10-17 00:00:00-04:00,247.1072067041429,252.4474806979352,246.3599669580113,251.36148071289065,49147000,0.0,0.0,0.0195595164731212,4.254274008747728,0.0172163089271665,0.0242181647031159,247.98594665527344,252.5600471496582,240.17798828125,0.9952543308005588,1.046563352918689,0.0286215498909263,0.0276578593194183,-5.708892822265625,0.0101590919750346,0.0152847464134191,46879140.0,1.0483767406995947,0,46.46863034989954,2.636935539698669,4.218441373907146,-1.5815058342084765,0.0242181647031159,0.0172163089271665,0.0247098333998454,1
2025-10-20 00:00:00-04:00,254.94822099113512,263.4069798400544,254.68918336894043,261.27484130859375,90483000,0.0,0.0,0.0394386624696341,6.326620317458634,0.0248153146268811,0.0333663831827471,250.8912109375,252.8669136047363,240.83854766845704,1.033250406642761,1.0848547453801691,0.0588709566208112,0.0240549852841018,5.529571533203125,0.0184279993559038,0.0147739827520652,46127420.0,1.9615881399826829,1,59.50064415618981,3.3525453206933378,4.045262163264384,-0.6927168425710466,0.0333663831827471,0.0248153146268811,0.0342291586780325,1
2025-10-21 00:00:00-04:00,260.916147926868,264.313600971564,260.8663137101643,261.8028564453125,46695900,0.0,0.0,0.0020209184094197,0.8867085184444932,0.0033984424708471,0.0131674929303903,253.88015747070312,253.2823760986328,241.54772705078125,1.0336402416856736,1.0838555992301802,0.0605397644493843,0.0327789327330467,6.26678466796875,0.0182006098014854,0.0146615262437233,45448455.0,1.027447467686195,0,59.2052111793371,3.9171234754480224,4.0196344257011125,-0.1025109502530901,0.0131674929303903,0.0033984424708471,0.0132147658790079,0
2025-10-22 00:00:00-04:00,261.6833028295614,261.88257888575197,254.4898750367867,257.498779296875,45015300,0.0,0.0,-0.0164401458673029,-4.1845235326863985,-0.0159907930213333,0.028709665611432,255.69544982910156,253.5882453918457,242.12160675048827,1.0154208011455212,1.0635101210204394,0.0365364186404619,0.0243350781882651,0.3885498046875,0.0223383940389905,0.015060634421974,45584035.0,0.9875233730405832,0,51.55655473786033,3.971472018181629,4.010001944197216,-0.0385299260155873,0.028709665611432,-0.0159907930213333,0.0290491079375814,1
2025-10-23 00:00:00-04:00,258.98329410338334,259.66078406832133,257.06040475940137,258.6246032714844,32754900,0.0,0.0,0.0043721526668341,-0.3586908318989685,-0.0013849960212328,0.0100546478410265,258.1125122070313,253.7232452392578,242.64467376708984,1.0193177334918788,1.0658573265025937,0.0490198208241416,0.0105499701143703,5.519561767578125,0.02092975685967,0.014561368765862,44461675.0,0.7366996407580236,0,51.829242449602354,4.058603164814315,4.019722188320636,0.0388809764936786,0.0100546478410265,-0.0013849960212328,0.0101158298235538,1
2025-10-24 00:00:00-04:00,260.2287466983284,263.1579290692685,258.2261343576155,261.8527526855469,38253700,0.0,0.0,0.0124819888488096,1.6240059872184816,0.0062406863493106,0.018834229012576,260.2107666015625,254.089892578125,243.2432632446289,1.0305516289083991,1.0765056725217603,0.0417377871219637,0.0288109082559511,17.485443115234375,0.0203347429727685,0.0147178385439881,44070545.0,0.8680105952853544,0,56.879977008301495,4.338132612844191,4.083404273225347,0.2547283396188442,0.018834229012576,0.0062406863493106,0.0190987435254056,1
2025-10-27 00:00:00-04:00,263.90517991319996,268.12956591820625,263.67601542509226,267.8207092285156,44888200,0.0,0.0,0.0227912690692067,3.9155293153156663,0.0148368793541813,0.0166288503452286,261.5199401855469,254.80624771118164,243.984924621582,1.0510759121263211,1.0976936777708812,0.0250535715078303,0.0565185956961185,21.072189331054688,0.0145038628878098,0.0153916244246399,44308570.0,1.0130816679482095,0,62.2491922482611,4.983776062872579,4.263478631154793,0.7202974317177855,0.0166288503452286,0.0148368793541813,0.0168902373844435,1
2025-10-28 00:00:00-04:00,268.00000632210845,268.89671830922975,267.1631014853557,268.0099792480469,41534800,0.0,0.0,0.0007067041980304,0.0099729259384275,3.7212409340174226e-05,0.0064684786317959,262.76136474609376,255.52210388183593,244.7443197631836,1.0488719964985334,1.0950610805079166,0.0237091485059139,0.0564348702921295,21.15185546875,0.01458405881285,0.0153921984623015,44500095.0,0.9333642995593604,0,61.176984542744506,5.4479253650184205,4.500367977927519,0.9475573870909012,0.0064684786317959,3.7212409340174226e-05,0.0064889830004054,1
2025-10-29 00:00:00-04:00,268.28896033752676,270.41112610592455,266.126933268734,268.7074279785156,51086700,0.0,0.0,0.0026023237359502,0.4184676409888652,0.0015597646674033,0.0159437082533241,265.0030944824219,256.23198318481445,245.52423950195313,1.048688085845641,1.0944232167202297,0.0435289390972917,0.0557840355112548,20.285110473632812,0.0091188331532257,0.0153920596236209,44618735.0,1.1449607435083042,0,67.16356480210129,5.805127419386366,4.761319866219289,1.0438075531670776,0.0159437082533241,0.0015597646674033,0.016098306114941,1
2025-10-30 00:00:00-04:00,270.98897852374654,273.131090148023,267.49191714200913,270.4011535644531,69886500,0.0,0.0,0.0063032332179255,-0.5878249592934139,-0.0021691840107139,0.0208548407862828,267.3584045410156,256.9428565979004,246.42869842529296,1.0523785605280092,1.0972794779680566,0.0455353053963185,0.0554971650318709,23.861862182617188,0.0089345158741431,0.01538867696811,45981550.0,1.5198813437128589,1,83.89112911235505,6.153943293118289,5.039844551599089,1.1140987415192,0.0208548407862828,-0.0021691840107139,0.0210816575927417,0
2025-10-31 00:00:00-04:00,275.9705701844509,276.29937269597025,268.16940070155243,269.37493896484375,86167100,0.0,0.0,-0.0037951561451632,-6.595631219607128,-0.0238997629899405,0.030180877351322,268.862841796875,257.55808486938474,247.33475158691405,1.0458803461807524,1.0891107587450557,0.028726779467276,0.0478645798832386,18.013458251953125,0.010212242789258,0.0154580626725299,47832125.0,1.801448294425556,1,80.53246106652819,6.275238402277068,5.286923321734685,0.9883150805423836,0.030180877351322,-0.0238997629899405,0.0303165535409676,0
2025-11-03 00:00:00-05:00,269.424736694289,269.8531467885877,265.2700709373508,268.05975341796875,50194600,0.0,0.0,-0.0048823604449953,-1.3649832763202312,-0.0050662878734444,0.017097217291291,268.9106506347656,258.1738090515137,248.1575112915039,1.038291817449548,1.0802000391722426,0.0008925530446906,0.0481513642594186,6.784912109375,0.0046116204541256,0.0154511277892691,48108650.0,1.0433591464320866,0,77.70829228681802,6.193842408251612,5.468307139038071,0.7255352692135411,0.017097217291291,-0.0050662878734444,0.0172770182291665,1
2025-11-04 00:00:00-05:00,267.3424445625432,270.49081837885313,266.6350661079627,269.0461730957031,49274800,0.0,0.0,0.0036798499780619,1.7037285331599037,0.0063728321776504,0.0143311916557865,269.1178894042969,258.8493141174316,249.01195526123047,1.0393930307022003,1.0804548432763217,0.0038662509902187,0.0528696446822236,7.243316650390625,0.0048793049193414,0.015433516177378,48974600.0,1.0061297080527458,0,77.36648561442554,6.138174268612204,5.602280564952898,0.5358937036593057,0.0143311916557865,0.0063728321776504,0.0144607846491174,1
2025-11-05 00:00:00-05:00,267.6214146886098,270.7000692568828,265.94760492323326,269.14581298828125,43683100,0.0,0.0,0.0003703449539222,1.5243982996714749,0.0056960998485311,0.0176575822632487,269.20556640625,259.45109329223635,249.82555053710936,1.0373662703557205,1.0773350140113152,0.0016314584716305,0.0468109865557078,11.64703369140625,0.0047720047677913,0.0154193367239259,49333910.0,0.8854578929584134,0,81.48761974634624,6.032557406836929,5.6883359333297046,0.3442214735072246,0.0176575822632487,0.0056960998485311,0.0178699271799095,0
2025-11-06 00:00:00-05:00,266.90407480138714,272.3937751745226,266.90407480138714,268.7771301269531,51204000,0.0,0.0,-0.0013698257358518,1.8730553255659856,0.0070177097406991,0.0204247302236707,268.88076171875,260.23469772338865,250.6082586669922,1.0328258778644672,1.072499093033098,-0.00600597821456,0.0619193064267944,10.15252685546875,0.0034132965041299,0.0148646630739662,49978010.0,1.0245305885528455,0,77.69314683468626,5.851651461729432,5.720999039009651,0.1306524227197814,0.0204247302236707,0.0070177097406991,0.0205680650519125,0
2025-11-07 00:00:00-05:00,268.80702532983145,271.2878818962731,265.7881780523408,267.48193359375,48227400,0.0,0.0,-0.0048188494779721,-1.325091736081447,-0.0049295279186082,0.0205610291881814,268.5021606445313,261.3904289245605,251.32381561279297,1.0233042376274135,1.064292028758036,-0.007027399721623,0.0945896734881661,5.629180908203125,0.0036316382906487,0.0121408267361909,49289425.0,0.9784532889154216,0,63.596655418233155,5.539910026740358,5.684781236555793,-0.1448712098154345,0.0205610291881814,-0.0049295279186082,0.0206920559230037,1
2025-11-10 00:00:00-05:00,268.22988302493957,272.9869540449525,266.7339548671466,268.6986083984375,41312400,0.26,0.0,0.0045486242317036,0.4687253734979322,0.0017474763371326,0.0232714237527187,268.629931640625,262.48793334960936,252.0720751953125,1.0236608021160198,1.065959441125092,0.0023832558685996,0.0889573259045208,0.877899169921875,0.003817866148561,0.0120803539144468,49447900.0,0.835473296135933,0,64.66278704566514,5.32959196349907,5.613743381944448,-0.2841514184453784,0.0232714237527187,0.0017474763371326,0.0234428315694577,1
2025-11-11 00:00:00-05:00,269.0776024957972,275.1610502271484,269.06761990152603,274.5028381347656,46208300,0.0,0.0,0.0216012645950192,5.425235638968445,0.0201623456900437,0.0221980594700839,269.7212646484375,263.8701690673828,252.98464080810547,1.0402950780869349,1.0850573270295178,0.020281518879369,0.1119862451040276,6.49285888671875,0.0103665935578773,0.0126349985474921,49984415.0,0.9244541523592904,0,83.98824417851378,5.567092240911677,5.6044131537378945,-0.0373209128262175,0.0221980594700839,0.0201623456900437,0.0226464645870523,0
2025-11-12 00:00:00-05:00,274.25347600982695,274.9815052844664,270.9624464716027,272.7276306152344,48398000,0.0,0.0,-0.0064669914948556,-1.5258453945925794,-0.0055636319247159,0.0147365296424028,270.4376281738281,265.0854347229004,253.687346496582,1.028829180676496,1.0750541340811766,0.0133080934352454,0.097838685970208,4.02020263671875,0.0113776702384927,0.012906300721012,50709635.0,0.9544142843859948,0,77.47628300105356,5.548113314353145,5.593153185860945,-0.0450398715078002,0.0147365296424028,-0.0055636319247159,0.0148325307259318,0
2025-11-13 00:00:00-05:00,273.36590026791555,275.9488963676571,271.3513946141157,272.2090759277344,49602800,0.0,0.0,-0.001901364692423,-1.1568243401811742,-0.0042317799661457,0.0168895975928515,271.1240173339844,266.3689239501953,254.3535775756836,1.0219250500055743,1.0701995172320224,0.0127687418909496,0.1041204604832806,1.80792236328125,0.0114275638319788,0.0126811300437132,51200925.0,0.968787184997146,0,72.55846417698126,5.428651236543999,5.560252795997556,-0.1316015594535571,0.0168895975928515,-0.0042317799661457,0.0169429818486078,0
2025-11-14 00:00:00-05:00,270.31420819279356,275.21088338895913,268.8681625557137,271.6705322265625,47431300,0.0,0.0,-0.0019784193430598,1.3563240337689422,0.0050175832148696,0.0233471064427254,271.96173706054685,267.3843765258789,255.01083129882812,1.0160299407032436,1.0653293855907324,0.0156593702480636,0.0807961962034637,2.29559326171875,0.0110307325948768,0.0122917655192907,51115140.0,0.9279305505179092,0,60.983806958184374,5.2302298690895555,5.4942482106159565,-0.264018341526401,0.0233471064427254,0.0050175832148696,0.0235904495830038,0
2025-11-17 00:00:00-05:00,268.09027174019775,269.7557213346742,265.00866346949266,266.73394775390625,45018300,0.0,0.0,-0.0181712180272071,-1.3563239862914998,-0.0050592062796142,0.0177969767446372,271.5688049316406,267.6573318481445,255.605419921875,0.9965501259096384,1.0435379180747917,-0.0073117633777171,0.0208941144810215,-1.3258056640625,0.0144619403830643,0.0100946647846259,48841905.0,0.9217146628494528,0,47.13538562301064,4.621366163218568,5.3196718011364785,-0.6983056379179109,0.0177969767446372,-0.0050592062796142,0.0179128402937212,0
2025-11-18 00:00:00-05:00,269.2570854665072,269.9751321987233,264.59977951795884,266.7140197753906,45677300,0.0,0.0,-7.471106952616768e-05,-2.543065691116567,-0.0094447493803571,0.0201539937244065,270.01104125976565,267.90289001464845,256.2699499511719,0.995562309017298,1.0407541728018002,-0.0283742726024243,0.0187590135446211,-2.3321533203125,0.0073491752010536,0.010095289992008,48790975.0,0.9361833822751032,0,45.38451537411428,4.090081356478322,5.073753712204848,-0.983672355726526,0.0201539937244065,-0.0094447493803571,0.020315030838488,1
2025-11-19 00:00:00-05:00,264.80918960656476,271.47104873805114,264.77927226211665,267.8309631347656,40424500,0.0,0.0,0.0041877939536723,3.0217735282008675,0.0114111354394098,0.0249850741587609,269.0317077636719,268.419499206543,257.1074627685547,0.9978074019453984,1.041708242346369,-0.0179544238675875,0.0401251759954111,-1.314849853515625,0.0085280699228196,0.0092395623943674,48561435.0,0.8324403922577659,0,43.88574133389864,3.716322857284638,4.8022675412208065,-1.0859446839361686,0.0249850741587609,0.0114111354394098,0.0252730374955861,0
2025-11-20 00:00:00-05:00,270.09480618650156,274.68232536305425,265.1981613886433,265.5272521972656,45823600,0.0,0.0,-0.0086013615100238,-4.5675539892359325,-0.0169109286243809,0.035718231917547,267.6953430175781,268.764631652832,257.8343395996094,0.9879545927019588,1.029836648638822,-0.0245466603481018,0.0266898386250413,-3.2498779296875,0.0087210742820353,0.0095162162432925,49214870.0,0.9310925742565204,0,41.37115903961105,3.197369053987245,4.481287843774094,-1.2839187897868491,0.035718231917547,-0.0169109286243809,0.0357625555348856,1
2025-11-21 00:00:00-05:00,265.22808167538,272.5880228442522,264.9488429624803,270.7530212402344,59030800,0.0,0.0,0.0196807258001767,5.524939564854378,0.020830899691898,0.0282145693029729,267.5118408203125,269.2096450805664,258.5852291870117,1.005732989838481,1.0470552478634532,-0.0033772929982812,0.0339895932481397,3.271087646484375,0.0142063026261555,0.0100785307750638,50253725.0,1.1746552121260665,0,55.13863059130963,3.1712145271507097,4.2192731804494175,-1.0480586532987075,0.0282145693029729,0.020830899691898,0.0288326599065529,1
2025-11-24 00:00:00-05:00,270.164627965921,276.24807542504453,270.164627965921,275.1710205078125,65585800,0.0,0.0,0.0163174514077097,5.0063925418915005,0.018530895697134,0.0221078783946684,269.1992553710937,269.57716064453126,259.3720724487305,1.0207504962583138,1.0609122944884706,0.0316310421862404,0.0274448951332784,6.472412109375,0.0116891195830081,0.0094505868626564,51288605.0,1.2787596777100878,0,60.33287786755522,3.467016881861639,4.068821920731862,-0.6018050388702232,0.0221078783946684,0.018530895697134,0.0225175571832849,1
2025-11-25 00:00:00-05:00,274.52274228722064,279.6188865292943,274.5028075356392,276.2181396484375,46914200,0.0,0.0,0.0038053394528705,1.6953973612168625,0.0061757993057021,0.0185218791212144,271.10007934570314,269.9875686645508,260.1509652709961,1.0230772513516275,1.0617609639107215,0.0356341218247568,0.0306263237787645,1.715301513671875,0.0112816458830076,0.0094640660123658,51557575.0,0.9099380643872408,0,61.56170239090653,3.74279157119372,4.003615850824234,-0.2608242796305138,0.0185218791212144,0.0061757993057021,0.0186376199193914,1
2025-11-26 00:00:00-05:00,276.2081750495132,278.7712060098946,275.8790842359358,276.79656982421875,33431400,0.0,0.0,0.002094106406326,0.5883947747055345,0.0021302583625559,0.0104485462944699,272.89320068359376,270.39202575683595,260.9246878051758,1.023686142553414,1.060829360964471,0.033474870061763,0.0301039011335031,4.068939208984375,0.0114532887367362,0.0094617790175356,50674810.0,0.6597242298491104,0,63.020730620848354,3.962344044707777,3.995361489600943,-0.0330174448931659,0.0104485462944699,0.0021302583625559,0.010483294817252,1
2025-11-28 00:00:00-05:00,276.5073375714406,278.2426042891834,275.2407657367699,278.093017578125,20135600,0.0,0.0,0.0046837565751973,1.585680006684413,0.0057346760509555,0.0107943686560566,275.40635375976564,270.77661895751953,261.746457824707,1.0270200530931115,1.062451885268168,0.0473238256219517,0.0284461212989552,5.883941650390625,0.0080689012299901,0.0094256081422516,48187265.0,0.417861441191983,0,67.22794333325406,4.192623506664745,4.034813893013704,0.1578096136510414,0.0107943686560566,0.0057346760509555,0.0109062280232295,1
2025-12-01 00:00:00-05:00,277.255303275414,282.650620542313,275.390384584981,282.33148193359375,46587700,0.0,0.0,0.0152411750297831,5.076178658179742,0.0183086801161645,0.0257152900824557,277.7220458984375,271.42444610595703,262.5011581420898,1.040184426952386,1.0755437573375195,0.0427639205661385,0.0480985462810292,10.66094970703125,0.0067854505054244,0.0098214016321747,46208295.0,1.008210755233449,0,70.15627904626285,4.663373819954359,4.160525878401835,0.502847941552524,0.0257152900824557,0.0183086801161645,0.0263634330162736,1
2025-12-02 00:00:00-05:00,282.231773534172,286.619823290159,281.86278279875575,285.4131164550781,53669500,0.0,0.0,0.0109149518161393,3.181342920906104,0.0112720934325309,0.016667210499949,279.7704650878906,272.2921142578125,263.10667022705076,1.0481872280180775,1.084780998553848,0.0372208378933378,0.0647369208388823,18.679168701171875,0.0055289554142693,0.0098403543753372,46382040.0,1.1571181431433373,0,67.54327079726616,5.224879824160553,4.373396667553578,0.8514831566069745,0.016667210499949,0.0112720934325309,0.0168771500946958,0
2025-12-03 00:00:00-05:00,285.4231155973949,287.8365294074879,282.5309633672564,283.378662109375,43538700,0.0,0.0,-0.0071281038901495,-2.044453488019883,-0.007162886873198,0.0187225318968572,281.20256958007815,273.0087387084961,263.7043713378906,1.037983851542391,1.0746073744309503,0.0259234330882511,0.0532714844026924,16.664642333984375,0.0085932177035272,0.0101050785580287,46095235.0,0.9445379766476948,0,66.98480767976703,5.442970736355392,4.587311481313941,0.8556592550414504,0.0187225318968572,-0.007162886873198,0.018778706507063,0
2025-12-04 00:00:00-05:00,283.32881389666403,283.9571086251454,277.8337611056945,279.93804931640625,43989100,0.0,0.0,-0.0121413968410959,-3.3907645802577804,-0.0119675952954593,0.0218739379459268,281.83086547851565,273.54835052490233,264.2755044555664,1.0233585718182652,1.0592659728078326,0.0113494162669085,0.0400981022453985,12.107086181640623,0.0116706447582871,0.0106272225771936,46110535.0,0.9539924010857822,0,61.27440287683954,5.277346689930994,4.725318523037352,0.552028166893642,0.0218739379459268,-0.0119675952954593,0.0220396092076132,0
2025-12-05 00:00:00-05:00,279.77848663840757,280.37686403379615,277.29522501275557,278.02325439453125,47265800,0.0,0.0,-0.0068400666738617,-1.7552322438763213,-0.0062736497897525,0.0110841052765592,281.81691284179686,274.0106567382812,264.7174774169922,1.0146439474435571,1.0502640668359775,-0.0002508627659957,0.0344007105932371,12.496002197265623,0.0122110508383331,0.0107882625624547,45913625.0,1.0294504082393845,0,58.90912577015323,4.934696384122049,4.7671940952542915,0.1675022888677571,0.0110841052765592,-0.0062736497897525,0.0111132062259594,0
2025-12-08 00:00:00-05:00,277.374989388386,278.9108174051644,275.4003533668138,277.1356506347656,38211800,0.0,0.0,-0.0031925522262467,-0.239338753620359,-0.0008628707085238,0.012666952195829,280.7777465820312,274.493342590332,265.16979431152345,1.009626127976361,1.0451252615491513,-0.0184033011949061,0.03609109935506,6.38262939453125,0.0087567241197492,0.0107421943791024,45412845.0,0.8414315377070077,0,66.45635319530666,4.539196313160801,4.7215945388355935,-0.1823982256747927,0.012666952195829,-0.0008628707085238,0.0127467666451207,0
2025-12-09 00:00:00-05:00,277.40493251311347,279.2698514894354,276.16830825817004,276.4275817871094,32193300,0.0,0.0,-0.0025549540307587,-0.97735072600409,-0.0035231915927013,0.0112200932020379,278.9806396484375,274.8797912597656,265.62847381591797,1.005630790536657,1.0406549336223467,-0.0314825568620389,0.0287644712220132,1.256561279296875,0.0038326050467846,0.0107649504592061,44956890.0,0.7160926834574188,0,65.04017404025532,4.121118727686849,4.601499376605845,-0.4803806489189961,0.0112200932020379,-0.0035231915927013,0.011230626898601,1
2025-12-10 00:00:00-05:00,276.99605153243056,278.9906225605669,275.6896099437804,278.02325439453125,33038300,0.0,0.0,0.0057724797109819,1.027202862100694,0.003708366442113,0.0118731529273525,277.90955810546876,275.0558120727539,266.1150817871094,1.010788509791578,1.0447482064054845,-0.0188984155510506,0.01282469894915,1.80511474609375,0.0065645264128444,0.0097404052501444,44298390.0,0.7458126582027022,0,65.5508817479068,3.873890870398327,4.455977675364341,-0.5820868049660142,0.0118731529273525,0.003708366442113,0.0119736562341238,0
2025-12-11 00:00:00-05:00,278.342340640522,278.83100071126506,273.06669274298736,277.2752380371094,33248000,0.0,0.0,-0.0026904812658598,-1.0671026034126498,-0.0038337775020395,0.0207891191766148,277.3769958496094,275.28319244384767,266.57038970947264,1.00723635023111,1.0401576797006735,-0.0095121448684782,0.0166745386656139,0.478668212890625,0.0046366937065731,0.0096305007127492,43540890.0,0.7636040512722638,0,68.81780035508419,3.5763761061710966,4.280057361525692,-0.7036812553545957,0.0207891191766148,-0.0038337775020395,0.0211095242351769,1
2025-12-12 00:00:00-05:00,277.14562382282355,278.4620479370953,276.0685689150702,277.52459716796875,39532900,0.0,0.0,0.0008993198694,0.378973345145198,0.0013674159451547,0.0086243851768441,277.2772644042969,275.54896850585936,266.99720794677734,1.0071697915358642,1.0394288363618016,-0.0017935809997204,0.0195273475805983,-0.56842041015625,0.0037902929810932,0.0096084010870276,43037395.0,0.9185709311634684,0,62.903805468551006,3.3224159667890376,4.088529082578361,-0.7661131157893237,0.0086243851768441,0.0013674159451547,0.0086698715157298,0
2025-12-15 00:00:00-05:00,279.3894873363706,279.3894873363706,272.0993337942639,273.3658752441406,50409100,0.0,0.0,-0.0149850570589643,-6.023612092229996,-0.0215599096074,0.0266681184533218,276.5233093261719,275.6337356567383,267.323117980957,0.9917721957829504,1.022604693933033,-0.0136026360448051,0.0062404376495432,-8.965606689453125,0.0076759540594049,0.0102407586786164,43186285.0,1.1672478889999451,0,46.52581426136477,2.7538321603377653,3.8215896981302424,-1.067757537792477,0.0266681184533218,-0.0215599096074,0.0267922506110171,1
2025-12-16 00:00:00-05:00,272.07941349564567,274.752131096348,271.0522107383373,273.8645324707031,37648600,0.0,0.0,0.001824138532716,1.7851189750574576,0.006561021843301,0.0135100384289686,276.0106994628906,275.9902648925781,267.6855032348633,0.9922977992622226,1.0230831672285907,-0.009272046225764,0.0267329478562499,-11.548583984375,0.0079434783332093,0.0092659597365872,42817800.0,0.8792745073310633,0,45.3725515137624,2.316756738481047,3.5206231062004036,-1.2038663677193568,0.0135100384289686,0.006561021843301,0.013650212805615,0
2025-12-17 00:00:00-05:00,274.2634587890498,275.41033087528734,270.9026119684932,271.10205078125,50138700,0.0,0.0,-0.0100870370636572,-3.161408007799821,-0.0115269019859894,0.0166273877080752,274.6264587402344,276.2096664428711,267.9968228149414,0.9815081936581046,1.011586808879644,-0.0248943334914699,0.0164521947873408,-12.276611328125,0.0072849798034827,0.0096116121779216,43040870.0,1.1649090736316436,0,39.68944222931457,1.72754803401034,3.162008091762391,-1.4344600577520512,0.0166273877080752,-0.0115269019859894,0.0166396288099222,1
2025-12-18 00:00:00-05:00,272.86723904028526,272.8872042261758,266.22534517191764,271.45111083984375,51630700,0.0,0.0,0.0012875596388439,-1.4161282004415057,-0.0051898066085992,0.0245416533152029,273.4616333007813,276.390673828125,268.28364044189453,0.9821283297302826,1.0118064239501596,-0.0210048587046426,0.0135165391734657,-8.4869384765625,0.0078003290648234,0.0095805910633316,43601180.0,1.184158318651009,0,37.54686191127936,1.2740753724011142,2.784421547890136,-1.5103461754890215,0.0245416533152029,-0.0051898066085992,0.0250233840431541,1
2025-12-19 00:00:00-05:00,271.4112306527045,273.8545921928022,269.1673383776201,272.9271240234375,144632000,0.0,0.0,0.005437491779006,1.515893370733011,0.0055852271370182,0.017174012410652,272.542138671875,276.7606674194336,268.68008209228515,0.9861485252520136,1.015807059079629,-0.0165660024064413,0.0278685964055935,-5.09613037109375,0.0087500083912116,0.0093741516189887,48541600.0,2.979547439721806,1,30.329850738647096,1.0220157875249356,2.431940395817096,-1.4099246082921604,0.017174012410652,0.0055852271370182,0.0174139026058438,0
2025-12-22 00:00:00-05:00,272.1193204151364,273.1365711538121,269.775723721713,270.2344665527344,36571800,0.0,0.0,-0.0098658478168403,-1.8848538624019968,-0.0069265712538401,0.0124367830461154,271.9158569335938,276.73473968505857,269.1974252319336,0.9765108163155738,1.003852344872568,-0.0114550094762545,-0.0019152313984334,-6.90118408203125,0.0072046170320588,0.008644149893534,47418650.0,0.7712535046864472,0,17.72721255992255,0.598087416668136,2.065169799987304,-1.467082383319168,0.0124367830461154,-0.0069265712538401,0.012457931298392,1
2025-12-23 00:00:00-05:00,270.1048034873943,271.7603010837797,268.8282792538215,271.62066650390625,29642000,0.0,0.0,0.0051296193592735,1.5158630165119575,0.0056121290585737,0.0107945461871401,271.4670837402344,276.5572219848633,269.6948681640625,0.9821499672092192,1.0071406562273637,-0.0081933426959437,-0.0129023543153428,-4.806915283203125,0.0078023101863678,0.0078544302986019,45621460.0,0.6497380837877613,0,24.29150608004953,0.3697140462422794,1.7260786492382991,-1.3563646029960197,0.0107945461871401,0.0056121290585737,0.0109066718653876,1
2025-12-24 00:00:00-05:00,271.60073103225574,274.68233959340455,271.46112688748974,273.0667419433594,17910600,0.0,0.0,0.0053238785474827,1.4660109111036377,0.0053976692387088,0.0117964299972603,271.8600219726562,276.3996520996094,270.21904052734374,0.9879416991630332,1.0105384928110848,0.0072470538546189,-0.0114090903265409,-4.956512451171875,0.0065673555695277,0.0079066245423897,44171280.0,0.4054806652648508,0,33.54050343650901,0.3019322207510981,1.441249363540859,-1.1393171427897608,0.0117964299972603,0.0053976692387088,0.0118662025124867,0
2025-12-26 00:00:00-05:00,273.4157529954652,274.6224597374741,272.11926379011726,272.6578063964844,21521800,0.0,0.0,-0.0014975662871453,-0.7579465989808227,-0.0027721394640834,0.009180723561301,272.1013610839844,276.19271392822264,270.7037503051758,0.9872013005648768,1.0072184300701623,0.0044453513301427,-0.0149523653069931,-4.617431640625,0.0067026275483171,0.0078843124370968,43575800.0,0.4938933995474552,0,36.1483372332128,0.2127643398235932,1.195552358797406,-0.9827880189738128,0.009180723561301,-0.0027721394640834,0.0091988928401906,1
2025-12-29 00:00:00-05:00,271.9497734782625,273.61522314661676,271.6107000753325,273.0168762207031,23715200,0.0,0.0,0.0013169247892232,1.0671027424406248,0.0039238964195199,0.0073421214799331,272.1193115234375,275.93890686035155,271.2333020019531,0.9894105884780966,1.0065757936270567,0.0003288504123097,-0.0182533937803591,-4.507720947265625,0.0062437067353956,0.0077982583805554,43754780.0,0.5420024966415098,0,39.068483564333334,0.1691225462730017,0.9902663962925252,-0.8211438500195234,0.0073421214799331,0.0039238964195199,0.0073801329282252,0
2025-12-30 00:00:00-05:00,272.06942798009953,273.3359694836473,271.54086793463244,272.33868408203125,22139600,0.0,0.0,-0.0024840667289872,0.2692561019317168,0.0009896595289324,0.0065914306484427,272.5401550292969,275.43926696777345,271.65284606933596,0.9887431341221766,1.0025246855411931,0.007786636383358,-0.035393849042711,-1.027191162109375,0.0036287467472573,0.0068132915975014,42532375.0,0.5205352393323909,0,39.1305405971084,0.0789021380271606,0.8079935446394523,-0.7290914066122917,0.0065914306484427,0.0009896595289324,0.0066107969775179,0
2025-12-31 00:00:00-05:00,272.3187639976345,272.9370761103812,271.0123224859311,271.12200927734375,27293600,0.0,0.0,-0.0044675063654233,-1.1967547202907554,-0.0043946832848475,0.0070992156984244,272.4404235839844,274.7247116088867,271.84978942871095,0.9868861366331254,0.9973228592418754,-0.0018358589314312,-0.0500716552737116,-2.742523193359375,0.003801179529506,0.006139981763669,41213580.0,0.662247734848562,0,31.27725949549443,-0.0897392162491428,0.6284469924617333,-0.7181862087108761,0.0070992156984244,-0.0043946832848475,0.0071020889633164,0
2026-01-02 00:00:00-05:00,271.52092924369913,277.0857683126949,268.2697691424855,270.2743225097656,37838100,0.0,0.0,-0.00312658780391,-1.246606733933504,-0.004591199423948,0.0326187078681544,271.88193969726564,274.0694946289062,272.01921875,0.986152519001506,0.99358539353119,-0.0102261425676399,-0.0462432121814151,-0.827728271484375,0.0021698584227171,0.0060473493011134,40928550.0,0.9244915835034468,0,31.1090213180848,-0.2884647007310832,0.44506465382317,-0.7335293545542532,0.0326187078681544,-0.004591199423948,0.0328624399178089,0
2026-01-05 00:00:00-05:00,269.9053450243044,270.7729784841199,265.41756056202854,266.5345153808594,45647200,0.0,0.0,-0.0138370789136696,-3.3708296434450062,-0.0124889325298151,0.0200927745303036,270.65728149414065,273.3993179321289,272.1999334716797,0.9748909302218022,0.9791865559312866,-0.0224577872775842,-0.0478803577015614,-4.916595458984375,0.0056339823243568,0.0062018073990749,41011455.0,1.1130353702398512,0,25.04549177544733,-0.7392061509846712,0.2082104928616017,-0.947416643846273,0.0200927745303036,-0.0124889325298151,0.0201773308094277,0
2026-01-06 00:00:00-05:00,266.27521573774703,266.82371056256306,261.40845786144683,261.6477966308594,52352100,0.0,0.0,-0.0183342811831226,-4.627419106887658,-0.0173783320166198,0.0206967257926357,268.3834655761719,272.58054504394534,272.26039733886716,0.9598916774807852,0.9610204024832928,-0.0416424059465582,-0.0588995974431482,-11.279327392578123,0.0071852447146276,0.0070994237421303,41265770.0,1.2686568068401487,0,24.243977172416947,-1.4737508780951316,-0.1281817813297449,-1.3455690967653866,0.0206967257926357,-0.0173783320166198,0.0207156751752326,0
2026-01-07 00:00:00-05:00,262.48552563718374,262.964203143993,259.1047135716701,259.623291015625,48309800,0.0,0.0,-0.0077375221244099,-2.8622346215587413,-0.0109043522099386,0.0148657293312356,265.84038696289065,271.7049270629883,272.21580810546874,0.9555339824788586,0.9537406839908252,-0.0466896324672562,-0.0631905695966196,-10.611175537109377,0.0064402538618317,0.0071779960553057,41770670.0,1.1565483627626754,0,20.66574219933544,-2.1939530253018233,-0.5413360301241606,-1.6526169951776626,0.0148657293312356,-0.0109043522099386,0.0148954819042893,0
2026-01-08 00:00:00-05:00,256.32231677215987,258.5861744106298,255.005907781442,258.33685302734375,50419300,0.0,0.0,-0.0049550176459469,2.0145362551838844,0.0078593868866071,0.0138589078067342,263.2833557128906,270.800390625,272.0261309814453,0.953975186044264,0.9496766067851208,-0.0471564676142594,-0.065444731103925,-13.2838134765625,0.0063480358729421,0.0071861069367919,42681970.0,1.1812786523208747,0,22.00373203256561,-2.835833486989941,-1.0002355214973166,-1.835597965492624,0.0138589078067342,0.0078593868866071,0.014039936016919,1
2026-01-09 00:00:00-05:00,258.3767027680543,259.5036402038468,255.52448097015204,258.6659240722656,39997000,0.0,0.0,0.0012738060445718,0.2892213042113098,0.0011193784157503,0.0153833917164253,260.9616760253906,269.83252410888673,271.83924987792966,0.9586165527172884,0.951540015610036,-0.0429504302506597,-0.069624860569384,-14.40081787109375,0.007642568184342,0.0069520011935477,43029905.0,0.92951634450506,0,21.93528592922476,-3.2801634122276937,-1.4562210996433922,-1.8239423125843015,0.0153833917164253,0.0011193784157503,0.015572516647278,1
2026-01-12 00:00:00-05:00,258.45648066308013,260.5906555331263,256.1028713590674,259.54351806640625,45263800,0.0,0.0,0.0033927700267757,1.0870374033261214,0.0042058817814793,0.0172910662824207,259.5634765625,268.94593811035156,271.6559716796875,0.9650397395476285,0.955412525856184,-0.0262292382825671,-0.0639498863880877,-13.114288330078123,0.0085838261172358,0.0071238629886691,43630695.0,1.03743018533168,0,19.82905465462821,-3.520896870790466,-1.869156253872807,-1.651740616917659,0.0172910662824207,0.0042058817814793,0.0175233653189574,1
2026-01-13 00:00:00-05:00,258.0176775418968,261.0992857475004,257.6885867541948,260.3413391113281,45730800,0.0,0.0,0.0030739393950796,2.3236615694313514,0.0090058231341689,0.0131008736643516,259.30218505859375,268.0867752075195,271.454775390625,0.9711084737760904,0.959059713488906,-0.0049931913677623,-0.061916162502312,-12.675537109375,0.0050522151887669,0.0072070322520206,43940590.0,1.0407416013303417,0,25.614419911778697,-3.6057376809437183,-2.2164725392869897,-1.389265141656729,0.0131008736643516,0.0090058231341689,0.0132357394491788,0
2026-01-14 00:00:00-05:00,258.78560808748875,261.10930037675524,256.0131555781144,259.25433349609375,40019400,0.0,0.0,-0.0041753093033355,0.4687254086049961,0.0018112499070911,0.0196569319784104,259.2283935546875,267.3811981201172,271.25236328125,0.9696056989752416,0.9557680175021516,-0.0014211264254756,-0.0516214459300891,-13.0843505859375,0.0040056730444764,0.0066584661604458,43421105.0,0.9216577975157472,0,19.061885391089778,-3.7178300720973994,-2.5167440458490717,-1.2010860262483276,0.0196569319784104,0.0018112499070911,0.0199057926813684,0
2026-01-15 00:00:00-05:00,259.9424426175537,260.3313985459844,256.35220896361545,257.5090637207031,39388600,0.0,0.0,-0.0067318827494813,-2.43337889685057,-0.0093612219395458,0.0154526195112294,259.0628356933594,266.5634246826172,271.0413494873047,0.9660329958144308,0.9500729840956044,-0.0032043020457209,-0.0597210182802683,-13.612945556640623,0.0045642211468419,0.0066323491732371,43508105.0,0.9053163772589038,0,11.65186281766593,-3.902507111954378,-2.7938966590701333,-1.1086104528842449,0.0154526195112294,-0.0093612219395458,0.0155223533998638,0
2026-01-16 00:00:00-05:00,257.1999111311508,258.1971965798445,254.23797213114116,254.8363494873047,72142800,0.0,0.0,-0.0103791074177385,-2.36356164384614,-0.0091895896598538,0.0155363410936812,258.2969207763672,265.7501396179199,270.75715301513674,0.9589321377354442,0.9411989550394556,-0.0148050988884451,-0.0599984443019576,-15.437973022460938,0.0060727519696002,0.0066489526452668,44608310.0,1.6172502388007974,1,10.482066232085003,-4.215932057960117,-3.0783037388481302,-1.137628319111987,0.0155363410936812,-0.0091895896598538,0.0155729076011552,0
2026-01-20 00:00:00-05:00,252.04394930256512,254.09835490933511,242.75922413209136,246.0303192138672,80267500,0.0,0.0,-0.0345556287050651,-6.013630088697937,-0.0238594503273669,0.0460883472145844,255.5942810058594,264.4791000366211,270.29484313964844,0.930244844223232,0.9102294233810264,-0.0520652526913871,-0.0936477715907186,-20.504196166992188,0.0142927059591467,0.0095923245556393,46040150.0,1.7434239462729813,1,6.4670168161341195,-5.115923452763468,-3.4858276816311977,-1.6300957711322703,0.0460883472145844,-0.0238594503273669,0.0467093714678946,1
2026-01-21 00:00:00-05:00,248.02490552393743,250.8771427168815,244.51445623630568,246.97775268554688,54641700,0.0,0.0,0.0038508809593345,-1.0471528383905593,-0.0042219664842871,0.0257621846963553,252.92156372070312,263.18163146972654,269.8588555908203,0.9384308141351286,0.9152108502973588,-0.051331019773493,-0.0950780228632103,-14.6700439453125,0.0144808864124084,0.0095088781883495,41540635.0,1.3153795073185568,0,9.441679909105474,-5.687165055478147,-3.926095156400588,-1.761069899077559,0.0257621846963553,-0.0042219664842871,0.0260217190366313,1
2026-01-22 00:00:00-05:00,248.52352576906395,250.31864258405668,247.47637302553753,247.67584228515625,39708300,0.0,0.0,0.0028265282683099,-0.8476834839077014,-0.0034108782308818,0.0114757641774637,250.6058654785156,262.05370025634767,269.4627337646484,0.9451339250042008,0.9191469218206586,-0.0446607431968421,-0.083477968429967,-11.94744873046875,0.0155334183349051,0.0095860051233783,41697460.0,0.952295415596058,0,11.871421183911323,-6.014219960707663,-4.343720117262003,-1.6704998434456604,0.0114757641774637,-0.0034108782308818,0.0114850137965528,0
2026-01-23 00:00:00-05:00,246.6486524137701,248.7329754164565,244.01580413580567,247.36668395996097,41689000,0.0,0.0,-0.0012482377059582,0.7180315461908435,0.0029111513043513,0.0190695497272961,248.5773895263672,260.8410011291504,269.0360952758789,0.9483427946110438,0.9194553753328252,-0.0393864962040432,-0.0892935830550895,-10.970169067382812,0.0159221234661535,0.0093590390376522,42299810.0,0.9855599824207248,0,12.083059510862569,-6.226583642191287,-4.72029282224786,-1.5062908199434268,0.0190695497272961,0.0029111513043513,0.019331417066845,1
2026-01-26 00:00:00-05:00,250.7973351598156,255.86354695988197,249.12190294519743,254.7166748046875,55969200,0.0,0.0,0.0297129375996172,3.9193396448719113,0.0156275171040967,0.0264672268505934,248.55345458984377,259.9234977722168,268.64037200927737,0.9799678635746418,0.948169751625757,-0.0004696138633988,-0.0671999343753041,-3.949249267578125,0.02291974033301,0.0119528514912154,44202740.0,1.266193000705386,0,32.527209935901766,-5.73568316978924,-4.923370891756136,-0.8123122780331045,0.0264672268505934,0.0156275171040967,0.0270616269986005,1
2026-01-27 00:00:00-05:00,258.4664593428383,261.23891141767155,257.50904348719195,257.5688781738281,49648300,0.0,0.0,0.0111975526193079,-0.8975811690101523,-0.0034727181673486,0.0144810504938503,250.86116638183591,259.169051361084,268.3371969604492,0.9938257551244944,0.9598701972421354,0.0468989309806602,-0.0553401658367145,-1.974639892578125,0.0122795321470236,0.0123885720053274,45609065.0,1.0885621093087523,0,43.58324147651986,-5.0581844321093286,-4.950333599826775,-0.1078508322825539,0.0144810504938503,-0.0034727181673486,0.0144844153042924,0
2026-01-28 00:00:00-05:00,256.9505880888889,258.1572949521919,253.81911240916085,255.7438812255859,41288000,0.0,0.0,-0.0070854715103062,-1.2067068633029407,-0.0046962603677151,0.0169629964253354,252.61439208984376,258.30540161132814,268.00789306640627,0.9900833650021904,0.954240109496396,0.0354935958592195,-0.0632671329121571,-4.5974578857421875,0.0142943717065424,0.0123851756788974,46487705.0,0.8881488126806862,0,43.85854811662722,-4.615321252509204,-4.883331130363261,0.2680098778540563,0.0169629964253354,-0.0046962603677151,0.0170916307359778,1
2026-01-29 00:00:00-05:00,257.29964922744847,258.94516415300217,253.7193980705993,257.5788879394531,67253000,0.0,0.0,0.0071751734785341,0.2792387120046555,0.001085266586422,0.0202880217560036,254.59500122070312,257.5674118041992,267.72606018066404,1.0000445558511208,0.962098675659876,0.0399838981586877,-0.0541964730142131,-1.675445556640625,0.0141018206872987,0.0126005890362772,48743375.0,1.3797362205633072,0,48.82055894403532,-4.069370120348708,-4.720538928360351,0.6511688080116427,0.0202880217560036,0.001085266586422,0.0205966359771543,1
2026-01-30 00:00:00-05:00,254.47732177254832,261.1890484668085,251.49543285360957,258.775634765625,92443400,0.0,0.0,0.0046461370951069,4.298312993076678,0.0168907506693995,0.0374595375719144,256.8767913818359,256.9500930786133,267.56689392089845,1.0071046547021612,0.9671436961933249,0.0461216143703115,-0.0455380754392722,1.266571044921875,0.0133678717542187,0.0126979676789988,52000865.0,1.7777281204841495,1,50.16622801582472,-3.4997890577892576,-4.476388954246132,0.9765998964568744,0.0374595375719144,0.0168907506693995,0.0385439031763308,1
2026-02-02 00:00:00-05:00,259.3241487899344,269.7557466562268,258.50636737104884,269.2770690917969,73913400,0.0,0.0,0.040581232988504,9.952920301862491,0.0383802293319194,0.0417762244780784,259.7888702392578,256.90023040771484,267.61815490722654,1.0481776083440617,1.0061988103353654,0.0571630981688735,-0.0036897823245222,14.440719604492188,0.0177250860792143,0.0158974152029285,53804630.0,1.3737367955136943,0,61.41794945228037,-2.175931195772705,-4.016297402551447,1.840366206778742,0.0417762244780784,0.0383802293319194,0.043516836353323,0
2026-02-03 00:00:00-05:00,268.4692659190308,271.1419837262723,266.88355520832346,268.7485046386719,64394700,0.0,0.0,-0.0019629018353019,0.2792387196410573,0.0010401142890049,0.015845403581591,262.02479553222656,257.0109298706055,267.6365057373047,1.0456695548861512,1.0041548849933748,0.043404414943714,0.0083065761845098,22.718185424804688,0.018695228337241,0.0155744741380506,54742005.0,1.176330680617197,0,59.92472675892749,-1.1560883691341246,-3.4442555958679826,2.288167226733858,0.015845403581591,0.0010401142890049,0.0159561293112452,1
2026-02-04 00:00:00-05:00,271.5508603406617,278.19278500760885,271.5508603406617,275.73944091796875,90545700,0.0,0.0,0.026012930894987,4.18858057730705,0.0154246632548041,0.0240876845359351,266.02390747070314,257.71551208496095,267.84074951171874,1.069937306789146,1.0294902527738947,0.0781858772008905,0.0538573015655481,28.761688232421875,0.017545886700905,0.0159011057416245,56651685.0,1.598287853220959,1,67.07997725974919,0.2137901112717486,-2.7126464544400366,2.9264365657117852,0.0240876845359351,0.0154246632548041,0.0244592289584898,0
2026-02-05 00:00:00-05:00,277.3749854862336,278.7412615768201,272.48829324857786,275.1610107421875,52977400,0.0,0.0,-0.0020977418894285,-2.2139747440460837,-0.0079818832262939,0.0227247614455848,269.54033203125,258.4923980712891,267.9289093017578,1.0644839569568365,1.0269926132990914,0.0682591766094868,0.0598471718996405,27.48516845703125,0.0190442108619746,0.0157547476727618,56885065.0,0.9313059587784596,0,68.74208574676204,1.238477794304913,-1.9224216046910467,3.1608993989959595,0.0227247614455848,-0.0079818832262939,0.0229476586083569,1
2026-02-06 00:00:00-05:00,276.3677353153735,280.14745564173626,276.1782486476445,277.3650207519531,50453400,0.0,0.0,0.0080098921130604,0.9972854365796024,0.0036085450982241,0.0143104093779777,273.2582092285156,259.44380645751954,267.9727893066406,1.0690755140357069,1.0350491983518708,0.071835920731736,0.0736564199092235,29.998336791992188,0.0187126048289431,0.0156755344921273,56886770.0,0.8869092057784261,0,74.16045298179964,2.203000534847206,-1.0973371767833964,3.3003377116306023,0.0143104093779777,0.0036085450982241,0.0143719029776155,0
2026-02-09 00:00:00-05:00,277.41494619870406,277.70443813431814,271.2160169672847,274.13079833984375,44623400,0.26,0.0,-0.0116605273561215,-3.284147858860308,-0.0118383955293741,0.0236690704084611,274.228955078125,260.21705017089846,267.93104248046876,1.0534697790164302,1.0231393712426096,0.0180250374248993,0.0597870566950193,19.41412353515625,0.0143008938149853,0.0160423710415721,57118090.0,0.7812481124631443,0,84.22611624657617,2.675574677213774,-0.3427548059839623,3.0183294831977365,0.0236690704084611,-0.0118383955293741,0.0239234439012357,0
2026-02-10 00:00:00-05:00,274.40031021957236,274.87943562430115,272.4537718732244,273.19244384765625,34376900,0.0,0.0,-0.0034230173985201,-1.2078663719161111,-0.004401840402256,0.0088789562292191,275.11774291992185,260.8994964599609,267.8589599609375,1.0471175588856756,1.0199115381001125,0.0165356797611178,0.0525881974742972,15.623565673828123,0.0144584658881785,0.0161065062279971,56573745.0,0.6076475934198805,0,81.93630755114438,2.940479704737186,0.3138920961602673,2.6265876085769184,0.0088789562292191,-0.004401840402256,0.008903028702445,1
2026-02-11 00:00:00-05:00,274.2106536370846,279.6808719096702,273.9610989943363,275.00921630859375,51931300,0.0,0.0,0.0066501563343039,0.7985626715091598,0.0029122233615549,0.0207984772005445,274.97169799804686,261.63289031982424,267.7972839355469,1.051126316620277,1.0269305657886456,-0.0026482414229317,0.0563409454961483,19.265335083007812,0.0080497995299996,0.0161308448284561,56883770.0,0.912937029314337,0,82.41560419420264,3.259444356179472,0.9030025481641084,2.3564418080153637,0.0207984772005445,0.0029122233615549,0.0208780477824414,0
2026-02-12 00:00:00-05:00,275.0990585104662,275.22883180172755,259.71650632997444,261.2637634277344,81077200,0.0,0.0,-0.0499817899391245,-13.835295082731818,-0.0502920480994865,0.0593741943706013,272.19224853515624,261.7333618164063,267.3759295654297,0.9982058137892208,0.9771401780720144,-0.050505873913489,0.0077508055681965,3.68487548828125,0.0236965643420591,0.0199768078836923,58936660.0,1.375666690307866,0,62.49802050876424,2.375697407626319,1.1975415200565505,1.1781558875697686,0.0593741943706013,-0.0502920480994865,0.0597279152217011,0
2026-02-13 00:00:00-05:00,261.5432690161623,261.7628783299504,254.9949421084194,255.32435607910156,56290700,0.0,0.0,-0.0227333759213632,-6.218912937060736,-0.0237777594524003,0.0265072095959159,267.78411560058595,261.6241264343262,266.77415435791016,0.9759205298032556,0.9570805563741108,-0.0794644710897503,-0.008484002893083,-3.4512786865234375,0.0217363615833657,0.0205957725165295,59781765.0,0.9416031794979624,0,50.56073084665922,1.1824307231694888,1.1945193606791382,-0.0120886375096493,0.0265072095959159,-0.0237777594524003,0.0265414528051831,1
2026-02-17 00:00:00-05:00,257.5903108294174,265.8156532326085,255.08478749757865,263.4099426269531,58469100,0.0,0.0,0.0316679014568692,5.819631797535749,0.0225925881249068,0.0407382714107613,265.6399444580078,262.0528060913086,266.3747799682617,1.0051788666409918,0.9888696769954656,-0.0391085415349785,0.0336435251756561,-5.86712646484375,0.0307721909290005,0.0216248334352458,59098080.0,0.9893570146441306,0,54.91507247805936,0.8790642337721692,1.1314283352977446,-0.2523641015255753,0.0407382714107613,0.0225925881249068,0.0420678388558617,1
2026-02-18 00:00:00-05:00,263.13045584681157,266.3447212846438,261.9825104325609,263.8791198730469,34203300,0.0,0.0,0.0017811675649548,0.7486640262353035,0.0028452199644694,0.0165310952006418,263.77727966308595,262.94524612426756,266.05360137939454,1.003551590160097,0.9918269044467968,-0.0340907085256094,0.0725471588876176,-4.869384765625,0.0310341703254296,0.0198567696303374,56794870.0,0.6022251657588088,0,57.00539433404401,0.6687933544880593,1.0389013391358075,-0.3701079846477482,0.0165310952006418,0.0028452199644694,0.0166507712475937,0
2026-02-19 00:00:00-05:00,262.13220471573277,264.00886051677537,259.5867290635135,260.11578369140625,30845300,0.0,0.0,-0.0142615913811262,-2.016421024326519,-0.0076923818899444,0.017000627145749,260.79859313964846,263.60214767456057,265.69545196533204,0.9867741442400592,0.9789997599407392,-0.0541561218096605,0.0531952002275555,-15.6236572265625,0.0302132609724952,0.0202583078265553,55605050.0,0.5547211988839144,0,52.11434649552963,0.1962204818185,0.8703651676723461,-0.674144685853846,0.017000627145749,-0.0076923818899444,0.0170352755289733,1
2026-02-20 00:00:00-05:00,258.50868117461044,264.2783836675007,257.7001265171608,264.1086730957031,42070500,0.0,0.0,0.0153504310566325,5.5999919210926805,0.0216626841916776,0.0249073878310545,261.36757507324216,264.4237892150879,265.4349124145508,0.9988082913405024,0.9950035234371264,0.0108890327179094,0.0663481373836503,-11.052337646484377,0.0219886007108985,0.0204521182275816,55723160.0,0.7549912819014571,0,54.246822289273744,0.142256041388066,0.7247433424154901,-0.5824873010274241,0.0249073878310545,0.0216626841916776,0.025526790534586,1
2026-02-23 00:00:00-05:00,263.0206001676805,268.95002088588865,262.91081074777924,265.705810546875,37308200,0.0,0.0,0.0060472737697376,2.685210379194473,0.0102091257395147,0.0227289351545588,263.44386596679686,265.3407455444336,265.2204769897461,1.0013758346901918,1.001829924908655,0.0406598674219593,0.0741374153274514,-11.659210205078123,0.0169720017660865,0.0204295876792436,55504120.0,0.6721699218003997,0,46.68617756331838,0.2257620338349966,0.6249470806993914,-0.3991850468643948,0.0227289351545588,0.0102091257395147,0.0229705660293408,1
2026-02-24 00:00:00-05:00,267.38283777638213,274.4003442568012,267.233111068832,271.6552429199219,47014600,0.0,0.0,0.0223910510681033,4.272405143539743,0.0159786064770276,0.0263835628973373,265.0929260253906,266.1876739501953,265.0931167602539,1.0205402785508002,1.0247540420508263,0.0313021604679741,0.0664996436853715,-2.475555419921875,0.0140007824488187,0.020001560173296,55056390.0,0.8539353924222056,0,52.450662812076914,0.763212763843228,0.6526002173281588,0.1106125465150692,0.0263835628973373,0.0159786064770276,0.0268201539820532,1
2026-02-25 00:00:00-05:00,271.29586819299504,274.45024283739696,270.567157599074,273.74151611328125,33714300,0.0,0.0,0.0076798561696611,2.4456479202862056,0.0090146891531219,0.0141852258782553,267.0654052734375,266.99630584716795,265.02244232177736,1.0252633093357266,1.032899379068123,0.0373746746047174,0.0627895654712544,0.549072265625,0.0137755682595376,0.0199449103367388,54259690.0,0.6213507670242864,0,48.16368833077619,1.3420211658687435,0.7904844070362758,0.5515367588324678,0.0141852258782553,0.0090146891531219,0.0143516503362056,0
2026-02-26 00:00:00-05:00,274.4602128097023,275.61811956353745,270.31758130113775,272.4637756347656,32345100,0.0,0.0,-0.0046676897850849,-1.9964371749366592,-0.0072740495042933,0.019454102660256,269.5350036621094,267.83230056762693,264.9212258911133,1.0172924440305484,1.0284709151495186,0.0474711367688809,0.0653774953639318,-2.545440673828125,0.0102013072089748,0.0198862775029298,53812545.0,0.6010698806384274,0,47.55240901462745,1.6782818282479184,0.9680438912786044,0.710237936969314,0.019454102660256,-0.0072740495042933,0.019608559076647,0
2026-02-27 00:00:00-05:00,272.3240439665745,272.3240439665745,262.4217314181026,263.70941162109375,72366500,0.0,0.0,-0.0321303776741572,-8.614632345480743,-0.0316337559475215,0.0375500915481161,269.4551513671875,268.13882675170896,264.72809661865233,0.9834808886714612,0.9961519573835564,-0.0015117317804428,0.0238005673938683,2.445648193359375,0.0203160338591441,0.0213758343923804,54068220.0,1.3384294877841365,0,38.92491753095806,1.224254370864685,1.0192859871958204,0.2049683836688645,0.0375500915481161,-0.0316337559475215,0.0377343465229069,1
2026-03-02 00:00:00-05:00,261.94253069595567,266.05518620599753,259.73647625260065,264.2484130859375,41827900,0.0,0.0,0.0020439219879577,2.305882389981832,0.0088030087510238,0.0239120071890155,269.163671875,268.41246566772463,264.53577423095703,0.9844863666393872,0.9989137153723162,-0.0054850041026122,0.0211487388496574,8.924057006835938,0.0200890450815695,0.021362919176251,51537445.0,0.8116021273464371,0,41.61869414313334,0.8975805040606133,0.994944890568779,-0.0973643865081657,0.0239120071890155,0.0088030087510238,0.0243273876837066,0
2026-03-03 00:00:00-05:00,263.0106738027697,265.08695529305965,259.6666350681776,263.2801818847656,38568900,0.0,0.0,-0.0036640946670775,0.269508081995923,0.0010247039715126,0.0205876499555688,267.48865966796876,268.11262130737305,264.3793368530273,0.9819760837850772,0.9958425080365764,-0.0308297419373755,-0.022270322635556,-0.1297607421875,0.0153440725136871,0.0192651105384162,49770220.0,0.7749393110980823,0,41.597613634835014,0.5541727860543801,0.9067904696658992,-0.3526176836115191,0.0205876499555688,0.0010247039715126,0.020874149747652,0
2026-03-04 00:00:00-05:00,264.17854815272653,265.67587606267574,260.95432154975975,262.0523376464844,39803100,0.0,0.0,-0.0046636409527347,-2.1262105062421597,-0.0080483844017984,0.0180176011987555,265.15082397460935,267.7778129577637,264.19136138916014,0.9786185597378736,0.99190350611228,-0.0427015186909376,-0.0249161088400859,-1.8267822265625,0.0134377412118115,0.0192820608726535,48540640.0,0.8199953688290884,0,38.905998172996725,0.1808581072287438,0.7616039971784683,-0.5807458899497244,0.0180176011987555,-0.0080483844017984,0.0180934137625142,0
2026-03-05 00:00:00-05:00,260.3254337562426,261.09405110124777,256.79173142961054,259.8263244628906,49658600,0.0,0.0,-0.0084945366394583,-0.499109293351978,-0.0019172513655324,0.0165584441088905,262.6233337402344,266.98215713500974,263.9293453979492,0.9731973374216896,0.9844540934662946,-0.0463821333402328,-0.0577107010955759,-0.289459228515625,0.0132644762850709,0.0182459797190795,46496285.0,1.0680122078570362,0,48.46677868580844,-0.2912596655535822,0.5510312646320582,-0.8422909301856404,0.0165584441088905,-0.0019172513655324,0.0167541207331146,0
2026-03-06 00:00:00-05:00,258.16927189629365,258.3090066542827,253.916851068475,257.0013427734375,41120000,0.0,0.0,-0.010872576884936,-1.167929122856151,-0.0045238889751577,0.0170900102637971,261.28171997070314,266.0741737365723,263.6646829223633,0.9659011213462704,0.9747279761738592,-0.0254373509326797,-0.0659965157119034,-7.107330322265625,0.0049529996416588,0.018333296796446,45903415.0,0.8957939186006095,0,51.91603030278728,-0.8831879736948736,0.2641874169666718,-1.1473753906615454,0.0170900102637971,-0.0045238889751577,0.0172976136373999,1
2026-03-09 00:00:00-04:00,255.2345148744848,260.68477987096253,253.22808575123491,259.41705322265625,38218500,0.0,0.0,0.0093996024423435,4.182538348171448,0.0163870405623952,0.0287440398659049,260.31544799804686,265.1767753601074,263.4206106567383,0.978279688597806,0.98480165457023,-0.0182834016176665,-0.0647088356009667,-6.28875732421875,0.0078573935436786,0.0183807777936952,45291670.0,0.8438306646674764,0,44.7589054024065,-1.1441784018030037,-0.0174857467872632,-1.1266926550157403,0.0287440398659049,0.0163870405623952,0.0294465524928103,1
2026-03-10 00:00:00-04:00,257.19102845716964,262.01244158439727,256.4922936817907,260.3653564453125,30590800,0.0,0.0,0.0036555161307854,3.174327988142863,0.0123422967246755,0.021201545312984,259.73248291015625,264.48850326538087,263.16658294677734,0.984410865617356,0.9893556907184096,-0.0110711919848525,-0.0502148681501523,-11.289886474609377,0.0085109052886733,0.0183277093615659,44590040.0,0.6860455832737535,0,45.44510140414256,-1.2599708915128645,-0.2659827757323835,-0.993988115780481,0.021201545312984,0.0123422967246755,0.0215216910549949,0
2026-03-11 00:00:00-04:00,260.624897946549,261.6630538494394,259.08763272962494,260.34539794921875,26218900,0.0,0.0,-7.665572857407099e-05,-0.2794999973302765,-0.0010724224720371,0.0098923243510407,259.39109497070314,263.846150970459,262.920334777832,0.9867318397165772,0.9902063990950374,-0.0065137358155085,-0.0470256267614838,-13.3961181640625,0.0084250861967905,0.0183332609739895,44182140.0,0.5934275705069967,0,50.32964144264134,-1.3379249912130715,-0.4803712188285211,-0.8575537723845506,0.0098923243510407,-0.0010724224720371,0.0099403475676589,0
2026-03-12 00:00:00-04:00,258.1992408199258,258.48873275942157,253.7272102811576,255.3043975830078,40794000,0.0,0.0,-0.0193627404437324,-2.894843236918007,-0.011211664401976,0.0186503739196887,258.48670959472656,262.8609100341797,262.56608520507814,0.9712528102782976,0.9723433907452343,-0.0174036518017582,-0.0716514849577795,-17.159378051757812,0.0115681679689383,0.0185899999221095,43625275.0,0.935100122578024,0,37.72957197036878,-1.7858842154484478,-0.7414738181525065,-1.044410397295941,0.0186503739196887,-0.011211664401976,0.0187663060378415,0
2026-03-13 00:00:00-04:00,255.024890934378,255.87336762960535,249.07551643845036,249.6744384765625,36930000,0.0,0.0,-0.0220519472431525,-5.350452457815493,-0.0209801186002359,0.0272268608377911,257.0213287353516,262.2814437866211,262.11280029296876,0.9519332929998852,0.952545767308946,-0.0285092062858758,-0.0443587154954899,-14.03497314453125,0.0141527516618384,0.0157501550616505,41417915.0,0.8916431452428255,0,29.914997874182177,-2.5656110097031615,-1.1063012564626376,-1.459309753240524,0.0272268608377911,-0.0209801186002359,0.0272923300064093,1
2026-03-16 00:00:00-04:00,251.66090222791988,253.43773019062647,249.4348789230203,252.36964416503903,32074200,0.0,0.0,0.0107948803446675,0.7087419371191856,0.0028162576341608,0.0158610647522586,255.61184692382812,262.13370819091796,261.73775299072264,0.9627515892814232,0.9642080337336142,-0.0271663291602053,-0.0115723856487357,-11.878768920898438,0.0145332347428448,0.0152191741205562,40207090.0,0.7977249783558074,0,23.692789303116527,-2.9322681752412905,-1.4714946402183682,-1.4607735350229225,0.0158610647522586,0.0028162576341608,0.0160476806006007,1
2026-03-17 00:00:00-04:00,252.5093881906664,254.67552076289968,251.7307636559193,253.7771148681641,32361600,0.0,0.0,0.0055770205952525,1.2677266774976488,0.0050205130454017,0.0116037141824634,254.29419860839843,261.65206680297854,261.4078088378906,0.969902963003368,0.9708092347981132,-0.0253038333021553,-0.0365697196648012,-9.503067016601562,0.014854673449171,0.0133188383451537,38901715.0,0.8318810623130626,0,22.253000688380112,-3.0738421585305673,-1.791964143880808,-1.2818780146497593,0.0116037141824634,0.0050205130454017,0.0116980422424866,0
2026-03-18 00:00:00-04:00,252.1799767808244,254.48585937367065,248.55643828829037,249.49476623535156,35757900,0.0,0.0,-0.0168744476232112,-2.6852105454728417,-0.0106479926747182,0.0237657133047311,252.124072265625,260.93284912109374,261.0670138549805,0.9561646495476926,0.9556732677608318,-0.0416778318316333,-0.0545111475459508,-12.557571411132812,0.0153474164782002,0.0137042754608523,38979445.0,0.917352722697822,0,20.53773967859786,-3.491344262488326,-2.1318401676023115,-1.3595040948860144,0.0237657133047311,-0.0106479926747182,0.0238554314915914,0
2026-03-19 00:00:00-04:00,248.95572868612365,251.38140795985737,246.85947863088072,248.5165252685547,34864100,0.0,0.0,-0.0039208877266551,-0.4392034175689616,-0.001764182812289,0.0181956886934987,250.76649780273436,260.3528861999512,260.80438842773435,0.95453723942086,0.952884753077748,-0.0265873693470014,-0.0445926743015817,-11.309799194335938,0.0140876910280608,0.0134379602143504,39180385.0,0.8898355644029532,0,25.65575698421958,-3.856695967926356,-2.4768113276671206,-1.3798846402592355,0.0181956886934987,-0.001764182812289,0.0183178274298233,0
2026-03-20 00:00:00-04:00,247.53824109812177,248.75606899357115,245.56177255944445,247.54823303222656,88331100,0.0,0.0,-0.0038962891312026,0.0099919341047893,4.036521411990107e-05,0.0129037335269965,250.3412567138672,259.52486419677734,260.5628872680664,0.9538517004849684,0.9500517730199604,-0.0085159115899464,-0.0627031284863397,-9.453109741210938,0.0105958771765577,0.0127890630524579,41493415.0,2.128798027349641,1,23.603698163700713,-4.1762319159062145,-2.8166954453149393,-1.3595364705912751,0.0129037335269965,4.036521411990107e-05,0.0130081176757813,1
2026-03-23 00:00:00-04:00,253.51758537106093,254.1464679788293,249.83415620831627,251.04200744628903,40546100,0.0,0.0,0.014113509804805,-2.475577924771869,-0.0097649159964524,0.0171776501246932,250.0757293701172,258.791674041748,260.4169903564453,0.9700544207067155,0.9640001103717378,-0.0052606830870743,-0.0551881160235259,-8.375045776367188,0.0116253337745226,0.0132146215739308,41655310.0,0.9733717021911492,0,32.08651102829339,-4.1002825553281355,-3.073412867317579,-1.0268696880105566,0.0171776501246932,-0.0097649159964524,0.0172606974000676,1
2026-03-24 00:00:00-04:00,249.90403139868116,254.37604644028636,249.10545347620703,251.1917266845703,45152300,0.0,0.0,0.0005963911769359,1.287695285889157,0.0051527591559131,0.0209823509462068,249.55865173339845,257.7684982299805,260.2675064086914,0.9744857436398516,0.9651290326274168,-0.0101876332896954,-0.0753289942627162,-9.173629760742188,0.0111234132889853,0.0118615456368122,41562195.0,1.086379100045125,0,33.58480992806717,-3.98210778879772,-3.2551518516136073,-0.7269559371841123,0.0209823509462068,0.0051527591559131,0.0211580794018334,1
2026-03-25 00:00:00-04:00,253.6473574345128,254.5457480998694,251.15181088451408,252.16998291015625,28476700,0.0,0.0,0.00389446037295,-1.4773745243565486,-0.0058245216480837,0.0134589263011709,250.09369506835935,256.6899215698242,260.1200357055664,0.9823914447749812,0.9694369840683515,0.0107225362486407,-0.0788025634891207,-8.1754150390625,0.0074497554108834,0.0116971017880706,41300315.0,0.68950321565344,0,37.97429036794742,-3.7661030415970345,-3.357342089610293,-0.4087609519867414,0.0134589263011709,-0.0058245216480837,0.0135134889268862,1
2026-03-26 00:00:00-04:00,251.67088153367663,256.5421934269488,250.32329549316128,252.43951416015625,41796700,0.0,0.0,0.0010688474769657,0.7686326264795866,0.0030541182269301,0.0246352000576345,250.8782928466797,255.68870849609377,259.96199920654294,0.9872923823854072,0.9710631358839106,0.0157856258748276,-0.0734932980648834,-2.8648834228515625,0.0067315475174501,0.0117508524944387,41772895.0,1.0005698671351364,0,42.20939904562767,-3.5324489314928087,-3.3923634579867965,-0.1400854735060122,0.0246352000576345,0.0030541182269301,0.0248434646145725,0
2026-03-27 00:00:00-04:00,253.4477020992108,255.03488128462607,247.6281009352486,248.35679626464844,47900000,0.0,0.0,-0.0161730540049985,-5.0909058345623635,-0.0200866127110103,0.0298231434000494,251.04000549316407,254.92107772827148,259.7440484619141,0.974249750071196,0.9561597185202289,0.0032662856143943,-0.0582179273089594,-1.3176422119140625,0.0108969440332855,0.0101553870297195,40549570.0,1.1812702329519154,0,32.129041611008304,-3.6348176638847742,-3.4408542991663924,-0.1939633647183822,0.0298231434000494,-0.0200866127110103,0.0299109039781968,0
2026-03-30 00:00:00-04:00,249.62453299565456,250.4230956915925,245.07264337813007,246.1906585693359,39446200,0.0,0.0,-0.0087218780717571,-3.4338744263186243,-0.0137561576384737,0.0217329623494043,250.06973571777343,254.0181900024414,259.5176803588867,0.9691851538937812,0.9486469601180126,-0.0193248489617462,-0.068336283672322,-6.178985595703125,0.0083596280492883,0.0101623309812239,40430485.0,0.9756548802221888,0,27.964013817191216,-3.8463959722067216,-3.5219626337744585,-0.3244333384322631,0.0217329623494043,-0.0137561576384737,0.021832107573129,1
2026-03-31 00:00:00-04:00,247.4683905467953,255.0248978486836,246.65983587287727,253.33790588378903,49598100,0.0,0.0,0.0290313505637753,5.869515336993771,0.0237182426572733,0.0330193854986847,250.4989715576172,253.52107620239255,259.4877114868164,0.9992774947103124,0.976300204862149,0.0085439884009945,-0.0377631006245968,-0.439208984375,0.0171770661140667,0.0124940574844171,40981945.0,1.2102427056597729,0,41.082324266195656,-3.3981780978335507,-3.497205726586277,0.0990276287527263,0.0330193854986847,0.0237182426572733,0.0339133525578015,1
2026-04-01 00:00:00-04:00,253.6273948962928,255.7236449097363,252.8787309132899,255.1746368408203,40059400,0.0,0.0,0.0072501229163621,1.5472419445275136,0.0061004527730932,0.0111488901548669,251.09990234375,253.17719116210935,259.6705978393555,1.0078895167038644,0.982685906544889,0.0119151926648406,-0.0262455235753029,5.67987060546875,0.017343136418359,0.012635995863118,40994760.0,0.9771834253938796,0,49.82020442232847,-2.861764722788479,-3.3701175258267178,0.5083528030382389,0.0111488901548669,0.0061004527730932,0.0112501118072356,1
2026-04-02 00:00:00-04:00,253.7471740568136,255.6737439434535,250.2034948550391,255.464111328125,31289400,0.0,0.0,0.0011344171618641,1.7169372713114228,0.0067663306111421,0.0214129846261975,251.70482177734377,252.9590805053711,259.840325012207,1.0099029092679703,0.98315806569332,0.0119814727818317,-0.0167889575614909,6.9475860595703125,0.0173418168917286,0.0125285499153254,40076300.0,0.7807457275247466,0,59.41558796057797,-2.385793148221268,-3.173252650305628,0.78745950208436,0.0214129846261975,0.0067663306111421,0.0218632001586695,1
2026-04-06 00:00:00-04:00,256.0530752925303,261.6930045642991,256.0031460821725,258.39886474609375,29329900,0.0,0.0,0.0114879283931952,2.345789453563441,0.0091613406747154,0.0220196729103957,253.7132354736328,253.0289566040039,260.0547854614258,1.0212225043890684,0.993632415906541,0.0404340393839857,0.0054378002759629,10.850631713867188,0.013980311871559,0.0125773368897644,39486795.0,0.7427774272386503,0,59.7293526634568,-1.751581036249803,-2.888918327494463,1.13733729124466,0.0220196729103957,0.0091613406747154,0.0222257365552071,0
2026-04-07 00:00:00-04:00,255.7036812801697,255.7436185540334,245.2623079794448,253.0484161376953,62148000,0.0,0.0,-0.0207061614363355,-2.6552651424743487,-0.0103841490634036,0.041420178535657,255.08478698730468,252.71052474975585,260.16842010498044,1.0013370689181784,0.9726330968054764,0.0278554743230763,-0.0245498012017535,2.00640869140625,0.0180164268206722,0.0132218421795402,40683270.0,1.5276058192962363,1,48.956846161239305,-1.6615465806885652,-2.6434439781332837,0.9818973974447184,0.041420178535657,-0.0103841490634036,0.0427351053691748,1
2026-04-08 00:00:00-04:00,257.9896321241455,259.28730423338584,256.07303883918246,258.4388122558594,41032800,0.0,0.0,0.0213018370177464,0.4491801317138879,0.0017410782286698,0.0124372394616223,256.10496826171874,252.6141975402832,260.24286285400393,1.0230573529607232,0.9930678191195712,0.0201347933080737,-0.0073993875980876,7.2470855712890625,0.015688754578769,0.0141184172866674,41205370.0,0.9958119536361402,0,62.40997240473452,-1.1420686521680636,-2.34316891294024,1.201100260772176,0.0124372394616223,0.0017410782286698,0.0125521429697328,1
2026-04-09 00:00:00-04:00,258.5386343954405,260.6548530924392,255.61386101634736,260.0259704589844,28121600,0.0,0.0,0.0061413306665165,1.4873360635438644,0.00575285804778,0.01938649461511,257.0752349853516,252.59822616577148,260.29200469970704,1.02940536996621,0.9989779392531491,0.019011817468326,-0.0012269373407425,7.855987548828125,0.0156407466632164,0.0141913278209468,41300505.0,0.680902085821953,0,65.70413271800672,-0.5954443369563478,-1.9936239977434616,1.3981796607871138,0.01938649461511,0.00575285804778,0.0197211217578278,0
2026-04-10 00:00:00-04:00,259.5168819122501,261.7229364827484,258.5585701252562,260.0159912109375,31291500,0.0,0.0,-3.837788982874457e-05,0.499109298687415,0.0019232247821788,0.0121698913315109,257.98561096191406,252.833805847168,260.37744689941405,1.0284067446586276,0.9986118010880712,0.0178180796478528,0.0184548079568342,7.57647705078125,0.0157007414351179,0.0134390887177947,40825380.0,0.7664717389035938,0,67.46853753240529,-0.1611877982505518,-1.6271367578448797,1.4659489595943278,0.0121698913315109,0.0019232247821788,0.0122384895459441,0
2026-04-13 00:00:00-04:00,259.2673359057164,259.71651601158027,256.2027973984465,258.73828125,36234700,0.0,0.0,-0.004913966848681,-0.5290546557163793,-0.0020405758167267,0.0135802038884951,258.0534942626953,253.28699798583983,260.400634765625,1.0215221598720394,0.9936161694954344,0.001313537132757,0.0363026460727911,10.381484985351562,0.0153601828099915,0.0123979087873281,40790615.0,0.8883097251659481,0,61.49718236595552,0.0789530006977088,-1.285918806136362,1.3648718068340708,0.0135802038884951,-0.0020405758167267,0.0137145989380797,0
2026-04-14 00:00:00-04:00,258.7881922504944,261.4634109961452,256.7318642110386,258.3689270019531,48370700,0.0,0.0,-0.0014275206833038,-0.4192652485412509,-0.0016201096537488,0.018313141754352,259.1175964355469,253.58696212768555,260.3925006103516,1.0188572978442787,0.9922287561905382,0.021025663568519,0.0237718084390163,12.178268432617188,0.0103554094631729,0.012234326852925,41605440.0,1.1626051785535738,0,60.65185893751577,0.2367335954631357,-0.9813883258164624,1.2181219212795984,0.018313141754352,-0.0016201096537488,0.0184299163629224,1
2026-04-15 00:00:00-04:00,257.7001261657452,266.08515659729386,257.35074355126085,265.95538330078125,49913500,0.0,0.0,0.0293628819334408,8.25525713503606,0.0320343542623123,0.0328416478645023,260.62091064453125,254.1958755493164,260.32606689453127,1.0462615993514943,1.0216240980913012,0.0290845286716467,0.0479880482483368,12.617477416992188,0.0137516873186137,0.013740830910818,42483035.0,1.1749042882647156,0,67.10428265913814,0.962840448870054,-0.5925425708791593,1.5553830197492131,0.0328416478645023,0.0320343542623123,0.0339397233732617,0
2026-04-16 00:00:00-04:00,266.3247234477873,266.68409800240715,260.80457553569033,262.9307861328125,43323100,0.0,0.0,-0.011372573588962,-3.393937314974778,-0.0127436058922263,0.022361483617772,261.2018737792969,254.86767654418944,260.20971252441404,1.031636454249329,1.0104572330602115,0.0111712521203197,0.053852912829388,7.7561492919921875,0.0157380124766047,0.013384345263613,42861295.0,1.0107744061396184,0,62.18409006171116,1.2794766374407232,-0.2181387292151828,1.497615366655906,0.022361483617772,-0.0127436058922263,0.0225437857240055,1
2026-04-17 00:00:00-04:00,266.4844323486072,271.8149160854778,266.24486962975914,269.7486267089844,61436200,0.0,0.0,0.0259301722573028,3.2641943603771892,0.0122490996251032,0.0206490261829131,263.1484008789063,255.92928161621097,260.0898962402344,1.0539967330252455,1.0371361233495535,0.0374309112786501,0.0854353706156385,14.284515380859377,0.0187592433231604,0.0142428001811173,44189900.0,1.3902769637405832,0,73.35950207629281,2.0568458153324514,0.236858179694344,1.8199876356381073,0.0206490261829131,0.0122490996251032,0.0209207653971488,1
2026-04-20 00:00:00-04:00,269.84841238867654,273.7913879220191,269.80850557942483,272.5635681152344,36590200,0.0,0.0,0.0104354244193682,2.715155726557839,0.0100617813628158,0.0146126731834916,265.9134582519531,257.1800483703613,260.03794738769534,1.0598161476457906,1.0481684340819086,0.0534334803433127,0.1010523677612,14.164703369140623,0.0174251343119471,0.0141742160258415,41602855.0,0.8795117546620298,0,78.39638602951203,2.8670096330927777,0.7628884703740308,2.104121162718747,0.0146126731834916,0.0100617813628158,0.0147618857828105,0
2026-04-21 00:00:00-04:00,271.0163536236942,272.3140256362382,264.9272139873882,265.69586181640625,50209800,0.0,0.0,-0.0251967140961575,-5.320491807287965,-0.0196316264171846,0.0278017564833367,267.37884521484375,257.91274108886716,259.8045642089844,1.030177340966871,1.0226758818705084,0.0283584210356602,0.0583721207425909,12.647445678710938,0.0236516854565523,0.015496131369383,42086040.0,1.193027426671647,0,63.38671218100213,2.9212296757837635,1.1945567114559774,1.726672964327786,0.0278017564833367,-0.0196316264171846,0.0278824192413908,1
2026-04-22 00:00:00-04:00,267.3429346055621,273.2523721409737,266.39461467279705,272.68341064453125,43249200,0.0,0.0,0.0262990502763393,5.340476038969143,0.0199761255963187,0.0251491553958755,268.7244506835938,258.98732528686526,259.77561645507814,1.05288322639919,1.0496882438990771,0.0252975790910798,0.0855588846162467,14.244598388671877,0.0229179418674483,0.0163334669988362,41990885.0,1.029966384371275,0,67.06229953799874,3.487830702064059,1.653211509577594,1.8346191924864652,0.0251491553958755,0.0199761255963187,0.0257428532352269,1
2026-04-23 00:00:00-04:00,274.56001085217736,275.2787294551341,271.1660737405759,272.9429016113281,33399600,0.0,0.0,0.0009516199250387,-1.6171092408492314,-0.0058898207201772,0.0150678244067862,270.72687377929685,260.02597122192384,259.77062561035154,1.0496755394420971,1.0507073344802835,0.0380789013936857,0.0823766511043184,12.91693115234375,0.021292484214367,0.0163499848934242,42237030.0,0.7907658279950082,0,67.0430401894911,3.912701660722575,2.10510953980659,1.807592120915985,0.0150678244067862,-0.0058898207201772,0.015166557002602,0
2026-04-24 00:00:00-04:00,272.2741016414235,272.5735550213531,269.16962610782736,270.5771179199219,38157100,0.0,0.0,-0.0086676871881985,-1.696983721501624,-0.0062326299536799,0.0125802541607866,270.8925720214844,260.93285140991213,259.68198364257813,1.036960721725526,1.0419556802690615,0.0030713454264637,0.0718493054469218,10.561126708984377,0.0194198728315608,0.0165879678754276,42055050.0,0.9073131526415972,0,62.00788254537971,4.01226508986457,2.4865406498181866,1.5257244400463836,0.0125802541607866,-0.0062326299536799,0.0126460364891325,0
2026-04-27 00:00:00-04:00,265.6159889280984,267.88193422863776,264.59781690250213,267.1332702636719,41466800,0.0,0.0,-0.0127277860106013,1.5172813355735002,0.005712311753884,0.0122939285057756,269.8065124511719,261.8716751098633,259.7993737792969,1.0200922652348756,1.0282290768360558,-0.0199230509385857,0.075602819336642,8.394989013671875,0.0192984876893924,0.0163884507566194,41733390.0,0.9936120693765832,0,64.43037187091682,3.769823916871871,2.7431973032289236,1.0266266136429478,0.0122939285057756,0.005712311753884,0.0124117325100446,1
2026-04-28 00:00:00-04:00,271.8548539018017,272.7432830913257,268.181416710472,270.2277526855469,40018900,0.0,0.0,0.0115840397522204,-1.6271012162548004,-0.005985183611408,0.0168815613330513,270.712890625,263.07352981567385,260.0974417114258,1.0271947651855575,1.0389481376958736,0.0170566859346577,0.0976360933265925,11.85882568359375,0.0158353682077991,0.0162012492956402,41762025.0,0.9582605249625706,0,62.67440013963822,3.783769471208131,2.951311736824765,0.8324577343833663,0.0168815613330513,-0.005985183611408,0.0170103746814742,0
2026-04-29 00:00:00-04:00,267.07336249706583,270.55716597281076,266.56429174844374,269.688720703125,30047900,0.0,0.0,-0.0019947321363735,2.6153582060591702,0.0097926583977011,0.0148054921019941,270.11395263671875,263.8910705566406,260.2230172729492,1.0219698610273362,1.0363753503797366,-0.0109822960418743,0.0645415251314043,3.73333740234375,0.0093892973564958,0.0152135188755316,40784515.0,0.7367477583097408,0,60.62803732294661,3.7085758930024895,3.1027645680603104,0.605811324942179,0.0148054921019941,0.0097926583977011,0.0149790288795886,1
2026-04-30 00:00:00-04:00,270.018146234023,275.50834883767226,267.6623648300734,270.86663818359375,91848200,0.0,0.0,0.0043676927881808,0.8484919495707572,0.0031423515841612,0.0289662250774525,269.6986999511719,264.6756706237793,260.36276763916015,1.0233907693337423,1.0403432128167842,-0.0076069515472909,0.0614951451956498,7.93585205078125,0.0097890862187084,0.0151871773474631,43373955.0,2.1175887695738145,1,61.63565605315656,3.7013654994827334,3.222484754344795,0.4788807451379382,0.0289662250774525,0.0031423515841612,0.0293129891928584,1
2026-05-01 00:00:00-04:00,278.3632420760759,286.70836594964845,277.8741246788477,279.6409912109375,79915400,0.0,0.0,0.0323936276766445,1.277749134861608,0.0045902222051013,0.0315913673190242,271.511474609375,265.88451461791993,260.7532717895508,1.0517385399927703,1.0724352154500696,0.033498299341403,0.0946390463894126,9.892364501953123,0.0169003714647028,0.0165241553906555,45805255.0,1.744677548460324,1,69.31025072257675,4.353483917003416,3.4486845868765195,0.9047993301268966,0.0315913673190242,0.0045902222051013,0.0317922414726844,0
2026-05-04 00:00:00-04:00,279.16179801165765,280.13007120517506,274.3703307853319,276.3368225097656,46668400,0.0,0.0,-0.0118157523575629,-2.824975501892027,-0.0101194917141709,0.0208431882784627,273.35218505859376,266.7814125061035,260.99783477783205,1.0358173754082045,1.0587705554913531,0.0344530362579302,0.0694196461787786,3.77325439453125,0.0166408628318593,0.0168360620961249,46672180.0,0.9999190095684408,0,65.7452443784558,4.551210143548644,3.669189698210944,0.8820204453376999,0.0208431882784627,-0.0101194917141709,0.0209925774530979,1
2026-05-05 00:00:00-04:00,276.43668191704,284.0630869835518,276.00745521106614,283.67376708984375,49311700,0.0,0.0,0.0265507307836936,7.237085172803745,0.0261799017504327,0.028397521050772,276.0413879394531,268.31268005371095,261.3571939086914,1.0572506936051542,1.0853872543066443,0.049758080991568,0.1210256575385311,17.9779052734375,0.0188870001411859,0.0165748482562042,46030365.0,1.071286312850224,0,65.5947926034082,5.239541539468689,3.9832600664624938,1.2562814730061955,0.028397521050772,0.0261799017504327,0.0291862832702305,1
2026-05-06 00:00:00-04:00,281.4178249779708,287.5169265187869,280.5693330033821,286.99786376953125,58336100,0.0,0.0,0.0117180263574907,5.580038791560469,0.0198283061565033,0.0242078230971918,279.5032165527344,269.74063262939455,261.6640463256836,1.063977128591698,1.0968181062686602,0.0641819317518297,0.1105060469222318,14.314453125,0.0176852984259524,0.0162400168441071,46895530.0,1.2439586459519705,0,71.07148964367398,5.98429274958653,4.383466603087301,1.6008261464992284,0.0242078230971918,0.0198283061565033,0.0247624836293887,0
